date,ticker,company,sector,close,return,forward_return,mom_20d,mom_60d
2025-09-01,0001.HK,CK Hutchison,Conglomerate,39.17,,-0.009701302016849711,,
2025-09-02,0001.HK,CK Hutchison,Conglomerate,38.79,-0.009701302016849711,-0.009538540861046552,,
2025-09-03,0001.HK,CK Hutchison,Conglomerate,38.42,-0.009538540861046552,-0.01197293076522643,,
2025-09-04,0001.HK,CK Hutchison,Conglomerate,37.96,-0.01197293076522643,0.01132771338250782,,
2025-09-05,0001.HK,CK Hutchison,Conglomerate,38.39,0.01132771338250782,-0.002083876009377428,,
2025-09-08,0001.HK,CK Hutchison,Conglomerate,38.31,-0.002083876009377428,-0.003132341425215457,,
2025-09-09,0001.HK,CK Hutchison,Conglomerate,38.19,-0.003132341425215457,-0.02592301649646489,,
2025-09-10,0001.HK,CK Hutchison,Conglomerate,37.2,-0.02592301649646489,0.00887096774193541,,
2025-09-11,0001.HK,CK Hutchison,Conglomerate,37.53,0.00887096774193541,-0.015987210231814597,,
2025-09-12,0001.HK,CK Hutchison,Conglomerate,36.93,-0.015987210231814597,0.0010831302464120451,,
2025-09-15,0001.HK,CK Hutchison,Conglomerate,36.97,0.0010831302464120451,0.004057343792263968,,
2025-09-16,0001.HK,CK Hutchison,Conglomerate,37.12,0.004057343792263968,0.018588362068965747,,
2025-09-17,0001.HK,CK Hutchison,Conglomerate,37.81,0.018588362068965747,-0.016926738957947607,,
2025-09-18,0001.HK,CK Hutchison,Conglomerate,37.17,-0.016926738957947607,-0.03927898843153077,,
2025-09-19,0001.HK,CK Hutchison,Conglomerate,35.71,-0.03927898843153077,0.0028003360403248134,,
2025-09-22,0001.HK,CK Hutchison,Conglomerate,35.81,0.0028003360403248134,0.024015638089919022,,
2025-09-23,0001.HK,CK Hutchison,Conglomerate,36.67,0.024015638089919022,0.016907553858739988,,
2025-09-24,0001.HK,CK Hutchison,Conglomerate,37.29,0.016907553858739988,0.0032180209171359664,,
2025-09-25,0001.HK,CK Hutchison,Conglomerate,37.41,0.0032180209171359664,-0.006148088746324443,,
2025-09-26,0001.HK,CK Hutchison,Conglomerate,37.18,-0.006148088746324443,0.011027434104357248,,
2025-09-29,0001.HK,CK Hutchison,Conglomerate,37.59,0.011027434104357248,-0.012237297153498305,-0.04033699259637469,
2025-09-30,0001.HK,CK Hutchison,Conglomerate,37.13,-0.012237297153498305,0.006463775922434634,-0.04279453467388494,
2025-10-01,0001.HK,CK Hutchison,Conglomerate,37.37,0.006463775922434634,0.0072250468290073755,-0.02732951587714738,
2025-10-02,0001.HK,CK Hutchison,Conglomerate,37.64,0.0072250468290073755,0.014346439957491963,-0.008429926238145424,
2025-10-03,0001.HK,CK Hutchison,Conglomerate,38.18,0.014346439957491963,0.03666841278156108,-0.005470174524615845,
2025-10-06,0001.HK,CK Hutchison,Conglomerate,39.58,0.03666841278156108,0.005558362809499728,0.03315061341686243,
2025-10-07,0001.HK,CK Hutchison,Conglomerate,39.8,0.005558362809499728,-0.0060301507537686705,0.04215763288819052,
2025-10-08,0001.HK,CK Hutchison,Conglomerate,39.56,-0.0060301507537686705,0.0,0.0634408602150538,
2025-10-09,0001.HK,CK Hutchison,Conglomerate,39.56,0.0,-0.023003033367037462,0.054090061284305824,
2025-10-10,0001.HK,CK Hutchison,Conglomerate,38.65,-0.023003033367037462,-0.00853816300129362,0.046574600595721716,
2025-10-13,0001.HK,CK Hutchison,Conglomerate,38.32,-0.00853816300129362,-0.004958246346555284,0.03651609413037593,
2025-10-14,0001.HK,CK Hutchison,Conglomerate,38.13,-0.004958246346555284,-0.006556517178075039,0.027209051724138122,
2025-10-15,0001.HK,CK Hutchison,Conglomerate,37.88,-0.006556517178075039,0.002375923970432847,0.001851362073525431,
2025-10-16,0001.HK,CK Hutchison,Conglomerate,37.97,0.002375923970432847,-0.010271266789570688,0.02152273338714017,
2025-10-17,0001.HK,CK Hutchison,Conglomerate,37.58,-0.010271266789570688,0.015167642362958977,0.05236628395407439,
2025-10-20,0001.HK,CK Hutchison,Conglomerate,38.15,0.015167642362958977,0.0002621231979029748,0.06534487573303527,
2025-10-21,0001.HK,CK Hutchison,Conglomerate,38.16,0.0002621231979029748,0.0005241090146750338,0.04063266975729474,
2025-10-22,0001.HK,CK Hutchison,Conglomerate,38.18,0.0005241090146750338,-0.003928758512310115,0.023866988468758343,
2025-10-23,0001.HK,CK Hutchison,Conglomerate,38.03,-0.003928758512310115,0.0023665527215355198,0.016573108794440072,
2025-10-24,0001.HK,CK Hutchison,Conglomerate,38.12,0.0023665527215355198,0.01128016789087094,0.0252824098977944,
2025-10-27,0001.HK,CK Hutchison,Conglomerate,38.55,0.01128016789087094,-0.010894941634241095,0.025538707102952696,
2025-10-28,0001.HK,CK Hutchison,Conglomerate,38.13,-0.010894941634241095,-0.008392341987936036,0.02693239967681116,
2025-10-29,0001.HK,CK Hutchison,Conglomerate,37.81,-0.008392341987936036,-0.0034382438508331337,0.011774150388011995,
2025-10-30,0001.HK,CK Hutchison,Conglomerate,37.68,-0.0034382438508331337,-0.0172505307855626,0.0010626992561104665,
2025-10-31,0001.HK,CK Hutchison,Conglomerate,37.03,-0.0172505307855626,-0.010532001080205244,-0.030120481927710774,
2025-11-03,0001.HK,CK Hutchison,Conglomerate,36.64,-0.010532001080205244,-0.005731441048034913,-0.07427993936331478,
2025-11-04,0001.HK,CK Hutchison,Conglomerate,36.43,-0.005731441048034913,0.011803458687894564,-0.08467336683417082,
2025-11-05,0001.HK,CK Hutchison,Conglomerate,36.86,0.011803458687894564,0.0040694519804664875,-0.06825075834175942,
2025-11-06,0001.HK,CK Hutchison,Conglomerate,37.01,0.0040694519804664875,0.0029721696838691525,-0.06445904954499504,
2025-11-07,0001.HK,CK Hutchison,Conglomerate,37.12,0.0029721696838691525,0.0115840517241379,-0.03958602846054338,
2025-11-10,0001.HK,CK Hutchison,Conglomerate,37.55,0.0115840517241379,-0.0013315579227695107,-0.020093945720250583,
2025-11-11,0001.HK,CK Hutchison,Conglomerate,37.5,-0.0013315579227695107,0.005333333333333412,-0.01652242328874909,
2025-11-12,0001.HK,CK Hutchison,Conglomerate,37.7,0.005333333333333412,-0.0007957559681698312,-0.0047518479408659164,
2025-11-13,0001.HK,CK Hutchison,Conglomerate,37.67,-0.0007957559681698312,0.00398194850013267,-0.007900974453515897,
2025-11-14,0001.HK,CK Hutchison,Conglomerate,37.82,0.00398194850013267,-0.007403490216816522,0.006386375731772365,
2025-11-17,0001.HK,CK Hutchison,Conglomerate,37.54,-0.007403490216816522,-0.031699520511454415,-0.015989515072083904,
2025-11-18,0001.HK,CK Hutchison,Conglomerate,36.35,-0.031699520511454415,-0.0013755158184319827,-0.04743186582809211,
2025-11-19,0001.HK,CK Hutchison,Conglomerate,36.3,-0.0013755158184319827,0.019283746556473913,-0.0492404400209534,
2025-11-20,0001.HK,CK Hutchison,Conglomerate,37.0,0.019283746556473913,0.012702702702702684,-0.027083881146463318,
2025-11-21,0001.HK,CK Hutchison,Conglomerate,37.47,0.012702702702702684,0.013077128369362256,-0.01705141657922349,
2025-11-24,0001.HK,CK Hutchison,Conglomerate,37.96,0.013077128369362256,0.016596417281348863,-0.015304798962386457,-0.03089098800102119
2025-11-25,0001.HK,CK Hutchison,Conglomerate,38.59,0.016596417281348863,0.0015548069448041435,0.012063991607658142,-0.005155968032998115
2025-11-26,0001.HK,CK Hutchison,Conglomerate,38.65,0.0015548069448041435,0.0031047865459250534,0.02221634488230606,0.00598646538261316
2025-11-27,0001.HK,CK Hutchison,Conglomerate,38.77,0.0031047865459250534,-0.007737941707505858,0.02892781316348203,0.021338250790305713
2025-11-28,0001.HK,CK Hutchison,Conglomerate,38.47,-0.007737941707505858,-0.0036391993761372143,0.03888738860383456,0.0020838760093773168
2025-12-01,0001.HK,CK Hutchison,Conglomerate,38.33,-0.0036391993761372143,0.008609444299504165,0.04612445414847155,0.0005220569042023726
2025-12-02,0001.HK,CK Hutchison,Conglomerate,38.66,0.008609444299504165,0.016037247801345078,0.06121328575349971,0.012306886619533941
2025-12-03,0001.HK,CK Hutchison,Conglomerate,39.28,0.016037247801345078,-0.001272912423625372,0.06565382528486174,0.05591397849462365
2025-12-04,0001.HK,CK Hutchison,Conglomerate,39.23,-0.001272912423625372,-0.005607953097119478,0.05998378816536065,0.04529709565680773
2025-12-05,0001.HK,CK Hutchison,Conglomerate,39.01,-0.005607953097119478,0.0005126890540887441,0.0509159482758621,0.05632277281343079
2025-12-08,0001.HK,CK Hutchison,Conglomerate,39.03,0.0005126890540887441,0.008455034588777721,0.03941411451398147,0.05572085474709221
2025-12-09,0001.HK,CK Hutchison,Conglomerate,39.36,0.008455034588777721,-0.01880081300813008,0.04960000000000009,0.06034482758620685
2025-12-10,0001.HK,CK Hutchison,Conglomerate,38.62,-0.01880081300813008,-0.02977731745209733,0.024403183023872455,0.02142290399365243
2025-12-11,0001.HK,CK Hutchison,Conglomerate,37.47,-0.02977731745209733,-0.006672004270082743,-0.005309264666843672,0.008071025020177425
2025-12-12,0001.HK,CK Hutchison,Conglomerate,37.22,-0.006672004270082743,-0.015851692638366388,-0.015864621893178277,0.04228507420890493
2025-12-15,0001.HK,CK Hutchison,Conglomerate,36.63,-0.015851692638366388,-0.006006006006006204,-0.024240809802876795,0.02289863166713202
2025-12-16,0001.HK,CK Hutchison,Conglomerate,36.41,-0.006006006006006204,-0.001647898928865521,0.0016506189821181572,-0.0070902645214072635
2025-12-17,0001.HK,CK Hutchison,Conglomerate,36.35,-0.001647898928865521,-0.005502063273727709,0.0013774104683197397,-0.025207830517564922
2025-12-18,0001.HK,CK Hutchison,Conglomerate,36.15,-0.005502063273727709,0.019640387275241977,-0.02297297297297296,-0.03368083400160382
2025-12-19,0001.HK,CK Hutchison,Conglomerate,36.86,0.019640387275241977,0.004612045577862212,-0.016279690419001902,-0.008606777837547042
2025-12-22,0001.HK,CK Hutchison,Conglomerate,37.03,0.004612045577862212,0.004320820955981519,-0.024499473129610094,-0.014897579143389295
2025-12-23,0001.HK,CK Hutchison,Conglomerate,37.19,0.004320820955981519,0.008604463565474507,-0.03627882871210175,0.0016159439806084919
2025-12-24,0001.HK,CK Hutchison,Conglomerate,37.51,0.008604463565474507,-0.014396161023726983,-0.02949547218628723,0.0037463205780037256
2025-12-25,0001.HK,CK Hutchison,Conglomerate,36.97,-0.014396161023726983,0.014065458479848525,-0.046427650245034924,-0.017800212539851312
2025-12-26,0001.HK,CK Hutchison,Conglomerate,37.49,0.014065458479848525,-0.0005334755934917057,-0.025474395632960722,-0.018072289156626398
2025-12-29,0001.HK,CK Hutchison,Conglomerate,37.47,-0.0005334755934917057,0.0090739258073127,-0.02243673362901122,-0.05330975240020208
2025-12-30,0001.HK,CK Hutchison,Conglomerate,37.81,0.0090739258073127,-0.013752975403332535,-0.021986549405069722,-0.04999999999999982
2025-12-31,0001.HK,CK Hutchison,Conglomerate,37.29,-0.013752975403332535,-0.019844462322338496,-0.05066191446028523,-0.05738119312436818
2026-01-01,0001.HK,CK Hutchison,Conglomerate,36.55,-0.019844462322338496,0.011217510259918129,-0.06831506500127449,-0.07608695652173925
2026-01-02,0001.HK,CK Hutchison,Conglomerate,36.96,0.011217510259918129,0.005411255411255311,-0.05255062804409116,-0.043725743855109855
2026-01-05,0001.HK,CK Hutchison,Conglomerate,37.16,0.005411255411255311,-0.011571582346609266,-0.047911862669741345,-0.030271398747390488
2026-01-06,0001.HK,CK Hutchison,Conglomerate,36.73,-0.011571582346609266,-0.011162537435338904,-0.06681910569105698,-0.03671649619722017
2026-01-07,0001.HK,CK Hutchison,Conglomerate,36.32,-0.011162537435338904,0.01541850220264318,-0.05955463490419466,-0.04118268215417109
2026-01-08,0001.HK,CK Hutchison,Conglomerate,36.88,0.01541850220264318,-0.015184381778741929,-0.01574593007739511,-0.028706873847774483
2026-01-09,0001.HK,CK Hutchison,Conglomerate,36.32,-0.015184381778741929,0.022026431718061623,-0.024180548092423426,-0.03352847259180414
2026-01-12,0001.HK,CK Hutchison,Conglomerate,37.12,0.022026431718061623,-0.0115840517241379,0.013377013377013247,-0.02699868938401051
2026-01-13,0001.HK,CK Hutchison,Conglomerate,36.69,-0.0115840517241379,0.008994276369583165,0.007690195001373246,-0.038522012578616316
2026-01-14,0001.HK,CK Hutchison,Conglomerate,37.02,0.008994276369583165,-0.004051863857374549,0.01843191196698757,-0.030382399161864804
2026-01-15,0001.HK,CK Hutchison,Conglomerate,36.87,-0.004051863857374549,0.00840791971792787,0.01991701244813271,-0.03050223507757044
2026-01-16,0001.HK,CK Hutchison,Conglomerate,37.18,0.00840791971792787,-0.006724045185583671,0.008681497558328921,-0.024658971668415464
2026-01-19,0001.HK,CK Hutchison,Conglomerate,36.93,-0.006724045185583671,-0.0016246953696182898,-0.0027005130974885327,-0.04202334630350191
2026-01-20,0001.HK,CK Hutchison,Conglomerate,36.87,-0.0016246953696182898,0.0008136696501219731,-0.008604463565474618,-0.03304484657749818
2026-01-21,0001.HK,CK Hutchison,Conglomerate,36.9,0.0008136696501219731,-0.012737127371273638,-0.016262330045321183,-0.024067706955831936
2026-01-22,0001.HK,CK Hutchison,Conglomerate,36.43,-0.012737127371273638,0.010156464452374392,-0.014606437652150417,-0.03317409766454349
2026-01-23,0001.HK,CK Hutchison,Conglomerate,36.8,0.010156464452374392,-0.006249999999999867,-0.01840490797546024,-0.006211180124223725
2026-01-26,0001.HK,CK Hutchison,Conglomerate,36.57,-0.006249999999999867,-0.0027344818156959105,-0.024019215372297786,-0.001910480349344934
2026-01-27,0001.HK,CK Hutchison,Conglomerate,36.47,-0.0027344818156959105,-0.012613106663010742,-0.035440359693202916,0.0010979961570134478
2026-01-28,0001.HK,CK Hutchison,Conglomerate,36.01,-0.012613106663010742,-0.03332407664537618,-0.034325556449450234,-0.023060227889310947
2026-01-29,0001.HK,CK Hutchison,Conglomerate,34.81,-0.03332407664537618,-0.0020109164033323967,-0.0476060191518467,-0.05944339367738438
2026-01-30,0001.HK,CK Hutchison,Conglomerate,34.74,-0.0020109164033323967,0.032239493379389694,-0.06006493506493504,-0.06411637931034475
2026-02-02,0001.HK,CK Hutchison,Conglomerate,35.86,0.032239493379389694,0.010596765197992353,-0.03498385360602796,-0.04500665778961377
2026-02-03,0001.HK,CK Hutchison,Conglomerate,36.24,0.010596765197992353,0.00027593818984539276,-0.01334059352028305,-0.03359999999999996
2026-02-04,0001.HK,CK Hutchison,Conglomerate,36.25,0.00027593818984539276,-0.003034482758620727,-0.0019273127753304253,-0.03846153846153855
2026-02-05,0001.HK,CK Hutchison,Conglomerate,36.14,-0.003034482758620727,0.0008301051466519382,-0.02006507592190898,-0.04061587470135386
2026-02-06,0001.HK,CK Hutchison,Conglomerate,36.17,0.0008301051466519382,0.007464749792645664,-0.004129955947136499,-0.04362771020624001
2026-02-09,0001.HK,CK Hutchison,Conglomerate,36.44,0.007464749792645664,-0.015093304061470803,-0.018318965517241326,-0.029302077783697422
2026-02-10,0001.HK,CK Hutchison,Conglomerate,35.89,-0.015093304061470803,0.015045973808860413,-0.02180430635050412,-0.012654745529573574
2026-02-11,0001.HK,CK Hutchison,Conglomerate,36.43,0.015045973808860413,0.00988196541312103,-0.01593733117233942,0.003581267217630968
2026-02-12,0001.HK,CK Hutchison,Conglomerate,36.79,0.00988196541312103,0.01005708072845879,-0.00216978573365878,-0.005675675675675729
2026-02-13,0001.HK,CK Hutchison,Conglomerate,37.16,0.01005708072845879,0.006189451022605041,-0.0005379236148467248,-0.008273285294902677
2026-02-16,0001.HK,CK Hutchison,Conglomerate,37.39,0.006189451022605041,0.0005349023803153941,0.012455997833739518,-0.015015806111696506
2026-02-17,0001.HK,CK Hutchison,Conglomerate,37.41,0.0005349023803153941,0.009355787222667722,0.014646053702196848,-0.030577869914485745
2026-02-18,0001.HK,CK Hutchison,Conglomerate,37.76,0.009355787222667722,0.00820974576271194,0.023306233062330595,-0.023027166882276906
2026-02-19,0001.HK,CK Hutchison,Conglomerate,38.07,0.00820974576271194,-0.004202784344628396,0.04501784243755158,-0.018055197317513594
2026-02-20,0001.HK,CK Hutchison,Conglomerate,37.91,-0.004202784344628396,-0.007122131363756168,0.03016304347826093,-0.01455679750454908
2026-02-23,0001.HK,CK Hutchison,Conglomerate,37.64,-0.007122131363756168,0.0015940488841659217,0.02925895542794632,-0.01800156535350894
2026-02-24,0001.HK,CK Hutchison,Conglomerate,37.7,0.0015940488841659217,0.020954907161803593,0.033726350425006935,-0.024831867563372856
2026-02-25,0001.HK,CK Hutchison,Conglomerate,38.49,0.020954907161803593,-0.01584827227851393,0.06886975840044451,-0.020112016293278967
2026-02-26,0001.HK,CK Hutchison,Conglomerate,37.88,-0.01584827227851393,-0.019007391763463777,0.08819304797471994,-0.034412439459597155
2026-02-27,0001.HK,CK Hutchison,Conglomerate,37.16,-0.019007391763463777,0.002691065662002279,0.06966033390903847,-0.04742373750320439
2026-03-02,0001.HK,CK Hutchison,Conglomerate,37.26,0.002691065662002279,0.0010735373054213682,0.03904071388733965,-0.04534973097617223
2026-03-03,0001.HK,CK Hutchison,Conglomerate,37.3,0.0010735373054213682,0.002680965147453085,0.02924944812362007,-0.05233739837398377
2026-03-04,0001.HK,CK Hutchison,Conglomerate,37.4,0.002680965147453085,0.0037433155080213165,0.03172413793103446,-0.031589849818746685
2026-03-05,0001.HK,CK Hutchison,Conglomerate,37.54,0.0037433155080213165,-0.002663825253063412,0.038738240177089045,0.0018681611956232747
2026-03-06,0001.HK,CK Hutchison,Conglomerate,37.44,-0.002663825253063412,0.020032051282051322,0.03511197124688947,0.005910800644814529
2026-03-09,0001.HK,CK Hutchison,Conglomerate,38.19,0.020032051282051322,-0.02068604346687608,0.04802414928649834,0.042588042588042496
2026-03-10,0001.HK,CK Hutchison,Conglomerate,37.4,-0.02068604346687608,-0.01042780748663108,0.042073000835887386,0.027190332326284095
2026-03-11,0001.HK,CK Hutchison,Conglomerate,37.01,-0.01042780748663108,-0.0008105917319644051,0.015920944276694993,0.01815680880330106
2026-03-12,0001.HK,CK Hutchison,Conglomerate,36.98,-0.0008105917319644051,-0.021362898864250912,0.005164446860559835,0.022959889349930762
2026-03-13,0001.HK,CK Hutchison,Conglomerate,36.19,-0.021362898864250912,-0.0019342359767892114,-0.02610333692142086,-0.018176885512750984
2026-03-16,0001.HK,CK Hutchison,Conglomerate,36.12,-0.0019342359767892114,0.022425249169435224,-0.03396630115004018,-0.02457466918714568
2026-03-17,0001.HK,CK Hutchison,Conglomerate,36.93,0.022425249169435224,0.0005415651232061336,-0.012830793905372784,-0.006991126646948009
2026-03-18,0001.HK,CK Hutchison,Conglomerate,36.95,0.0005415651232061336,0.003518267929634611,-0.021451271186440524,-0.014929352172753818
2026-03-19,0001.HK,CK Hutchison,Conglomerate,37.08,0.003518267929634611,-0.016181229773462813,-0.026004728132387744,0.0029753854476601838
2026-03-20,0001.HK,CK Hutchison,Conglomerate,36.48,-0.016181229773462813,-0.007675438596491113,-0.037720917963598,-0.026940517471325864
2026-03-23,0001.HK,CK Hutchison,Conglomerate,36.2,-0.007675438596491113,-0.0044198895027625085,-0.03825717321997868,-0.033893781692020175
2026-03-24,0001.HK,CK Hutchison,Conglomerate,36.04,-0.0044198895027625085,-0.0038845726970033745,-0.04403183023872692,-0.04681301243057401
2026-03-25,0001.HK,CK Hutchison,Conglomerate,35.9,-0.0038845726970033745,0.017270194986072518,-0.06729020524811646,-0.03727540895682491
2026-03-26,0001.HK,CK Hutchison,Conglomerate,36.52,0.017270194986072518,0.007940854326396574,-0.035902851108764455,-0.0008207934336523781
2026-03-27,0001.HK,CK Hutchison,Conglomerate,36.81,0.007940854326396574,-0.0141265960336866,-0.00941872981700742,-0.0040584415584414835
2026-03-30,0001.HK,CK Hutchison,Conglomerate,36.29,-0.0141265960336866,0.003582254064480539,-0.026033279656468067,-0.023412271259418693
2026-03-31,0001.HK,CK Hutchison,Conglomerate,36.42,0.003582254064480539,0.0068643602416254,-0.023592493297587058,-0.008439967329158637
2026-04-01,0001.HK,CK Hutchison,Conglomerate,36.67,0.0068643602416254,0.015544041450777257,-0.019518716577540007,0.009636563876652016
2026-04-02,0001.HK,CK Hutchison,Conglomerate,37.24,0.015544041450777257,0.02121374865735759,-0.007991475759190125,0.009761388286334105
2026-04-03,0001.HK,CK Hutchison,Conglomerate,38.03,0.02121374865735759,-0.012884564817249644,0.015758547008547064,0.04708149779735682
2026-04-06,0001.HK,CK Hutchison,Conglomerate,37.54,-0.012884564817249644,-0.01038891848694723,-0.01702016234616388,0.011314655172413923
2026-04-07,0001.HK,CK Hutchison,Conglomerate,37.15,-0.01038891848694723,-0.016150740242261152,-0.006684491978609652,0.012537476151539995
2026-04-08,0001.HK,CK Hutchison,Conglomerate,36.55,-0.016150740242261152,-0.0024623803009574674,-0.012429073223453102,-0.012695840086439869
2026-04-09,0001.HK,CK Hutchison,Conglomerate,36.46,-0.0024623803009574674,0.006582556226001124,-0.014061654948620772,-0.011120151885001262
2026-04-10,0001.HK,CK Hutchison,Conglomerate,36.7,0.006582556226001124,0.013351498637601988,0.014092290688035414,-0.012910166756320507
2026-04-13,0001.HK,CK Hutchison,Conglomerate,37.19,0.013351498637601988,-0.0005377789728420179,0.02962347729789583,0.0070403466016788485
2026-04-14,0001.HK,CK Hutchison,Conglomerate,37.17,-0.0005377789728420179,-0.0037664783427495685,0.006498781478472937,0.00813669650122062
2026-04-15,0001.HK,CK Hutchison,Conglomerate,37.03,-0.0037664783427495685,0.002430461787739535,0.0021650879566981196,0.003523035230352356
2026-04-16,0001.HK,CK Hutchison,Conglomerate,37.12,0.002430461787739535,-0.010775862068965525,0.0010787486515642097,0.018940433708481974
2026-04-17,0001.HK,CK Hutchison,Conglomerate,36.72,-0.010775862068965525,0.028050108932461848,0.006578947368421018,-0.0021739130434782483
2026-04-20,0001.HK,CK Hutchison,Conglomerate,37.75,0.028050108932461848,-0.020662251655629182,0.04281767955801086,0.032266885425211944
2026-04-21,0001.HK,CK Hutchison,Conglomerate,36.97,-0.020662251655629182,0.00270489586150946,0.02580466148723648,0.013709898546750754
2026-04-22,0001.HK,CK Hutchison,Conglomerate,37.07,0.00270489586150946,0.02724575128135953,0.03259052924791095,0.029436267703415675
2026-04-23,0001.HK,CK Hutchison,Conglomerate,38.08,0.02724575128135953,0.0005252100840336116,0.042716319824753324,0.09393852341281228
2026-04-24,0001.HK,CK Hutchison,Conglomerate,38.1,0.0005252100840336116,-0.0020997375328083434,0.035044824775876116,0.0967184801381693
2026-04-27,0001.HK,CK Hutchison,Conglomerate,38.02,-0.0020997375328083434,-0.004471330878485058,0.04767153485808784,0.060234244283324134
2026-04-28,0001.HK,CK Hutchison,Conglomerate,37.85,-0.004471330878485058,-0.001849405548216665,0.039264140582097706,0.044426048565121334
2026-04-29,0001.HK,CK Hutchison,Conglomerate,37.78,-0.001849405548216665,0.018528321863419794,0.030269975456776566,0.04220689655172416
2026-04-30,0001.HK,CK Hutchison,Conglomerate,38.48,0.018528321863419794,-0.028846153846153855,0.03329752953813081,0.06474820143884874
2026-05-01,0001.HK,CK Hutchison,Conglomerate,37.37,-0.028846153846153855,0.020604763179020713,-0.017354719957928033,0.03317666574509248
2026-05-04,0001.HK,CK Hutchison,Conglomerate,38.14,0.020604763179020713,-0.018091242789721962,0.015982951518380473,0.04665203073545565
2026-05-05,0001.HK,CK Hutchison,Conglomerate,37.45,-0.018091242789721962,-0.0032042723631510173,0.008075370121130687,0.04346614655893011
2026-05-06,0001.HK,CK Hutchison,Conglomerate,37.33,-0.0032042723631510173,-0.005357621216179886,0.021340629274965828,0.024704913532802575
2026-05-07,0001.HK,CK Hutchison,Conglomerate,37.13,-0.005357621216179886,0.008349043899811281,0.018376302797586508,0.009241641750475704
2026-05-08,0001.HK,CK Hutchison,Conglomerate,37.44,0.008349043899811281,,0.020163487738419583,0.00753498385360607
2025-09-01,0005.HK,HSBC,Financials,57.74,,0.020609629373051552,,
2025-09-02,0005.HK,HSBC,Financials,58.93,0.020609629373051552,0.017817749872730326,,
2025-09-03,0005.HK,HSBC,Financials,59.98,0.017817749872730326,0.05985328442814275,,
2025-09-04,0005.HK,HSBC,Financials,63.57,0.05985328442814275,-0.008651879817523911,,
2025-09-05,0005.HK,HSBC,Financials,63.02,-0.008651879817523911,0.006029831799428731,,
2025-09-08,0005.HK,HSBC,Financials,63.4,0.006029831799428731,0.006940063091482651,,
2025-09-09,0005.HK,HSBC,Financials,63.84,0.006940063091482651,0.043703007518796966,,
2025-09-10,0005.HK,HSBC,Financials,66.63,0.043703007518796966,-0.0027014858171993117,,
2025-09-11,0005.HK,HSBC,Financials,66.45,-0.0027014858171993117,0.0076749435665912635,,
2025-09-12,0005.HK,HSBC,Financials,66.96,0.0076749435665912635,0.016726403823178027,,
2025-09-15,0005.HK,HSBC,Financials,68.08,0.016726403823178027,0.005141010575793414,,
2025-09-16,0005.HK,HSBC,Financials,68.43,0.005141010575793414,-0.01242145257927818,,
2025-09-17,0005.HK,HSBC,Financials,67.58,-0.01242145257927818,0.005327019828351487,,
2025-09-18,0005.HK,HSBC,Financials,67.94,0.005327019828351487,0.02973211657344721,,
2025-09-19,0005.HK,HSBC,Financials,69.96,0.02973211657344721,-0.028444825614636904,,
2025-09-22,0005.HK,HSBC,Financials,67.97,-0.028444825614636904,0.0035309695453875634,,
2025-09-23,0005.HK,HSBC,Financials,68.21,0.0035309695453875634,-0.01935200117284841,,
2025-09-24,0005.HK,HSBC,Financials,66.89,-0.01935200117284841,0.0330393182837494,,
2025-09-25,0005.HK,HSBC,Financials,69.1,0.0330393182837494,-0.04225759768451498,,
2025-09-26,0005.HK,HSBC,Financials,66.18,-0.04225759768451498,-0.015563614385010638,,
2025-09-29,0005.HK,HSBC,Financials,65.15,-0.015563614385010638,0.010437452033768002,0.1283339106338761,
2025-09-30,0005.HK,HSBC,Financials,65.83,0.010437452033768002,0.04329333130791446,0.11708807059222814,
2025-10-01,0005.HK,HSBC,Financials,68.68,0.04329333130791446,-0.0018928363424579597,0.1450483494498167,
2025-10-02,0005.HK,HSBC,Financials,68.55,-0.0018928363424579597,-0.015317286652078765,0.07833883907503525,
2025-10-03,0005.HK,HSBC,Financials,67.5,-0.015317286652078765,0.052000000000000046,0.07108854331958092,
2025-10-06,0005.HK,HSBC,Financials,71.01,0.052000000000000046,-0.040135192226447125,0.12003154574132502,
2025-10-07,0005.HK,HSBC,Financials,68.16,-0.040135192226447125,-0.06103286384976525,0.06766917293233066,
2025-10-08,0005.HK,HSBC,Financials,64.0,-0.06103286384976525,0.012187500000000018,-0.03947170944019207,
2025-10-09,0005.HK,HSBC,Financials,64.78,0.012187500000000018,-0.013893176906452531,-0.025131677953348364,
2025-10-10,0005.HK,HSBC,Financials,63.88,-0.013893176906452531,-0.028334376956793972,-0.045997610513739406,
2025-10-13,0005.HK,HSBC,Financials,62.07,-0.028334376956793972,0.01949411954245206,-0.0882784958871915,
2025-10-14,0005.HK,HSBC,Financials,63.28,0.01949411954245206,0.006795195954488076,-0.07525938915680264,
2025-10-15,0005.HK,HSBC,Financials,63.71,0.006795195954488076,-0.015696123057604816,-0.05726546315477954,
2025-10-16,0005.HK,HSBC,Financials,62.71,-0.015696123057604816,-0.035560516664008945,-0.07697968795996468,
2025-10-17,0005.HK,HSBC,Financials,60.48,-0.035560516664008945,0.02414021164021163,-0.13550600343053165,
2025-10-20,0005.HK,HSBC,Financials,61.94,0.02414021164021163,0.017920568291895478,-0.0887156098278653,
2025-10-21,0005.HK,HSBC,Financials,63.05,0.017920568291895478,-0.0026962727993654623,-0.07564873185749887,
2025-10-22,0005.HK,HSBC,Financials,62.88,-0.0026962727993654623,0.05104961832061061,-0.05994917027956348,
2025-10-23,0005.HK,HSBC,Financials,66.09,0.05104961832061061,-0.029656528975639418,-0.04356005788712003,
2025-10-24,0005.HK,HSBC,Financials,64.13,-0.029656528975639418,-0.04241384687353811,-0.030976125717739666,
2025-10-27,0005.HK,HSBC,Financials,61.41,-0.04241384687353811,-0.019215111545350938,-0.057405986185725344,
2025-10-28,0005.HK,HSBC,Financials,60.23,-0.019215111545350938,-0.0011622115224970697,-0.08506759835941058,
2025-10-29,0005.HK,HSBC,Financials,60.16,-0.0011622115224970697,0.0066489361702128935,-0.12405358182877124,
2025-10-30,0005.HK,HSBC,Financials,60.56,0.0066489361702128935,-0.00677014531043596,-0.11655725747629464,
2025-10-31,0005.HK,HSBC,Financials,60.15,-0.00677014531043596,0.009642560266001743,-0.10888888888888892,
2025-11-03,0005.HK,HSBC,Financials,60.73,0.009642560266001743,-0.03457928536143573,-0.1447683424869738,
2025-11-04,0005.HK,HSBC,Financials,58.63,-0.03457928536143573,0.039911308203991025,-0.13981807511737077,
2025-11-05,0005.HK,HSBC,Financials,60.97,0.039911308203991025,-0.0022962112514350874,-0.04734375000000002,
2025-11-06,0005.HK,HSBC,Financials,60.83,-0.0022962112514350874,0.030905803057701853,-0.060975609756097615,
2025-11-07,0005.HK,HSBC,Financials,62.71,0.030905803057701853,0.009408387816935093,-0.018315591734502257,
2025-11-10,0005.HK,HSBC,Financials,63.3,0.009408387816935093,0.012638230647709303,0.019816336394393286,
2025-11-11,0005.HK,HSBC,Financials,64.1,0.012638230647709303,0.01575663026521079,0.012958280657395571,
2025-11-12,0005.HK,HSBC,Financials,65.11,0.01575663026521079,0.012286899093841175,0.021974572280646587,
2025-11-13,0005.HK,HSBC,Financials,65.91,0.012286899093841175,0.01775147928994092,0.0510285440918512,
2025-11-14,0005.HK,HSBC,Financials,67.08,0.01775147928994092,0.036821705426356655,0.10912698412698418,
2025-11-17,0005.HK,HSBC,Financials,69.55,0.036821705426356655,0.005319913731128834,0.12286083306425577,
2025-11-18,0005.HK,HSBC,Financials,69.92,0.005319913731128834,0.019593821510297538,0.10896114195083273,
2025-11-19,0005.HK,HSBC,Financials,71.29,0.019593821510297538,-0.0025248983027073013,0.13374681933842236,
2025-11-20,0005.HK,HSBC,Financials,71.11,-0.0025248983027073013,0.03979749683588807,0.07595702829474948,
2025-11-21,0005.HK,HSBC,Financials,73.94,0.03979749683588807,-0.018663781444414385,0.15297052861375326,
2025-11-24,0005.HK,HSBC,Financials,72.56,-0.018663781444414385,0.04975192943770668,0.18156652011073127,0.256667821267752
2025-11-25,0005.HK,HSBC,Financials,76.17,0.04975192943770668,-0.0011815675462780728,0.26465216669433844,0.29255048362463953
2025-11-26,0005.HK,HSBC,Financials,76.08,-0.0011815675462780728,-0.03969505783385907,0.2646276595744681,0.2684228076025341
2025-11-27,0005.HK,HSBC,Financials,73.06,-0.03969505783385907,0.003558718861209842,0.20640686922060758,0.1492842535787322
2025-11-28,0005.HK,HSBC,Financials,73.32,0.003558718861209842,-0.01895799236224749,0.21895261845386527,0.1634401777213581
2025-12-01,0005.HK,HSBC,Financials,71.93,-0.01895799236224749,0.02321701654386188,0.18442285526099145,0.13454258675078878
2025-12-02,0005.HK,HSBC,Financials,73.6,0.02321701654386188,-0.018070652173913015,0.25533003581784053,0.1528822055137844
2025-12-03,0005.HK,HSBC,Financials,72.27,-0.018070652173913015,-0.012453300124532829,0.1853370510086927,0.0846465556055831
2025-12-04,0005.HK,HSBC,Financials,71.37,-0.012453300124532829,-0.052262855541544084,0.17326976820647721,0.07404063205417599
2025-12-05,0005.HK,HSBC,Financials,67.64,-0.052262855541544084,-0.01271437019515076,0.07861585074150845,0.010155316606929699
2025-12-08,0005.HK,HSBC,Financials,66.78,-0.01271437019515076,-0.06708595387840677,0.05497630331753567,-0.01909518213866035
2025-12-09,0005.HK,HSBC,Financials,62.3,-0.06708595387840677,-0.04398073836276073,-0.02808112324492973,-0.08958059330702917
2025-12-10,0005.HK,HSBC,Financials,59.56,-0.04398073836276073,0.020987239758226917,-0.08524036246352318,-0.11867416395383246
2025-12-11,0005.HK,HSBC,Financials,60.81,0.020987239758226917,0.021706956092747864,-0.07737824305871632,-0.1049455401825139
2025-12-12,0005.HK,HSBC,Financials,62.13,0.021706956092747864,0.011749557379687747,-0.07379248658318416,-0.11192109777015424
2025-12-15,0005.HK,HSBC,Financials,62.86,0.011749557379687747,-0.026726057906458767,-0.09618979151689433,-0.0751802265705458
2025-12-16,0005.HK,HSBC,Financials,61.18,-0.026726057906458767,-0.0014710689767897245,-0.125,-0.10306406685236758
2025-12-17,0005.HK,HSBC,Financials,61.09,-0.0014710689767897245,-0.00016369291209694659,-0.1430775704867443,-0.08670952309762292
2025-12-18,0005.HK,HSBC,Financials,61.08,-0.00016369291209694659,-0.03208906352324825,-0.1410490788918577,-0.11606367583212729
2025-12-19,0005.HK,HSBC,Financials,59.12,-0.03208906352324825,0.04161028416779433,-0.20043278333784154,-0.10667875491084933
2025-12-22,0005.HK,HSBC,Financials,61.58,0.04161028416779433,0.024196167586878925,-0.15132304299889754,-0.05479662317728329
2025-12-23,0005.HK,HSBC,Financials,63.07,0.024196167586878925,-0.006025051530046066,-0.17198372062491796,-0.04192617347713801
2025-12-24,0005.HK,HSBC,Financials,62.69,-0.006025051530046066,0.0006380602966979954,-0.17599894847528919,-0.08721607454863145
2025-12-25,0005.HK,HSBC,Financials,62.73,0.0006380602966979954,0.0057388809182210565,-0.14139063783191907,-0.08490153172866521
2025-12-26,0005.HK,HSBC,Financials,63.09,0.0057388809182210565,-0.05658582976699955,-0.13952536824877237,-0.06533333333333324
2025-12-29,0005.HK,HSBC,Financials,59.52,-0.05658582976699955,-0.006888440860215117,-0.17252884749061592,-0.1618081960287283
2025-12-30,0005.HK,HSBC,Financials,59.11,-0.006888440860215117,-0.018947724581289127,-0.1968749999999999,-0.13277582159624413
2025-12-31,0005.HK,HSBC,Financials,57.99,-0.018947724581289127,-0.02776340748404893,-0.19759236197592356,-0.09390624999999997
2026-01-01,0005.HK,HSBC,Financials,56.38,-0.02776340748404893,-0.0079815537424619,-0.2100322264256691,-0.129669651126891
2026-01-02,0005.HK,HSBC,Financials,55.93,-0.0079815537424619,0.04988378330055432,-0.17312241277350682,-0.1244520976831559
2026-01-05,0005.HK,HSBC,Financials,58.72,0.04988378330055432,0.017711171662125436,-0.12069481880802635,-0.05397132270017724
2026-01-06,0005.HK,HSBC,Financials,59.76,0.017711171662125436,-0.01589692101740292,-0.04077046548956664,-0.055625790139064546
2026-01-07,0005.HK,HSBC,Financials,58.81,-0.01589692101740292,0.01581363713654138,-0.012592343854936239,-0.07691100298226339
2026-01-08,0005.HK,HSBC,Financials,59.74,0.01581363713654138,0.03866755942417144,-0.01759579016609114,-0.04736086748524959
2026-01-09,0005.HK,HSBC,Financials,62.05,0.03866755942417144,0.02562449637389208,-0.0012876227265412599,0.025958994708994654
2026-01-12,0005.HK,HSBC,Financials,63.64,0.02562449637389208,0.001571338780641085,0.012408526885141713,0.02744591540200192
2026-01-13,0005.HK,HSBC,Financials,63.74,0.001571338780641085,-0.018042045811107577,0.04184373978424327,0.010943695479778137
2026-01-14,0005.HK,HSBC,Financials,62.59,-0.018042045811107577,0.019332161687170446,0.024553936814535993,-0.004611959287531775
2026-01-15,0005.HK,HSBC,Financials,63.8,0.019332161687170446,0.010815047021943469,0.04453176162409944,-0.034649720078680724
2026-01-16,0005.HK,HSBC,Financials,64.49,0.010815047021943469,0.024810048069468182,0.09083220568335593,0.0056135973803213
2026-01-19,0005.HK,HSBC,Financials,66.09,0.024810048069468182,0.017551823271296563,0.07323806430659308,0.07620908646800206
2026-01-20,0005.HK,HSBC,Financials,67.25,0.017551823271296563,0.028996282527881112,0.06627556683050573,0.11655321268470864
2026-01-21,0005.HK,HSBC,Financials,69.2,0.028996282527881112,-0.0148843930635838,0.10384431328760568,0.1502659574468086
2026-01-22,0005.HK,HSBC,Financials,68.17,-0.0148843930635838,0.03652633123074667,0.08672086720867211,0.12566050198150602
2026-01-23,0005.HK,HSBC,Financials,70.66,0.03652633123074667,0.0053778658363998755,0.11998731970201293,0.17472984206151287
2026-01-26,0005.HK,HSBC,Financials,71.04,0.0053778658363998755,0.057432432432432456,0.19354838709677424,0.16976782479828767
2026-01-27,0005.HK,HSBC,Financials,75.12,0.057432432432432456,-0.019169329073482344,0.2708509558450347,0.2812553300358178
2026-01-28,0005.HK,HSBC,Financials,73.68,-0.019169329073482344,0.0480456026058631,0.27056389032591843,0.20846317861243246
2026-01-29,0005.HK,HSBC,Financials,77.22,0.0480456026058631,0.00543900543900544,0.36963462220645615,0.26943942133815546
2026-01-30,0005.HK,HSBC,Financials,77.64,0.00543900543900544,-0.01803194229778471,0.3881637761487573,0.23808005102854413
2026-02-02,0005.HK,HSBC,Financials,76.24,-0.01803194229778471,-0.013509968520461713,0.2983651226158037,0.2044233807266982
2026-02-03,0005.HK,HSBC,Financials,75.21,-0.013509968520461713,-0.00890838984177622,0.2585341365461846,0.1733229329173167
2026-02-04,0005.HK,HSBC,Financials,74.54,-0.00890838984177622,0.01167158572578475,0.26747151844924333,0.14483182306865316
2026-02-05,0005.HK,HSBC,Financials,75.41,0.01167158572578475,0.014454316403660128,0.2623033143622362,0.1441359429525111
2026-02-06,0005.HK,HSBC,Financials,76.5,0.014454316403660128,-0.01594771241830062,0.23287671232876717,0.14042933810375668
2026-02-09,0005.HK,HSBC,Financials,75.28,-0.01594771241830062,-0.000664187035068986,0.1829038340666247,0.08238677210639844
2026-02-10,0005.HK,HSBC,Financials,75.23,-0.000664187035068986,0.05928485976339215,0.18026357075619703,0.07594393592677351
2026-02-11,0005.HK,HSBC,Financials,79.69,0.05928485976339215,0.04781026477600703,0.27320658252116936,0.11782858745967162
2026-02-12,0005.HK,HSBC,Financials,83.5,0.04781026477600703,0.011976047904191711,0.30877742946708464,0.17423709745464766
2026-02-13,0005.HK,HSBC,Financials,84.5,0.011976047904191711,0.0010650887573964152,0.31028066366878604,0.14281850148769282
2026-02-16,0005.HK,HSBC,Financials,84.59,0.0010650887573964152,0.003310083934271235,0.27992131941292175,0.16579382579933855
2026-02-17,0005.HK,HSBC,Financials,84.87,0.003310083934271235,0.016967126193001114,0.26200743494423806,0.11421819614021267
2026-02-18,0005.HK,HSBC,Financials,86.31,0.016967126193001114,-0.028386050283860542,0.24725433526011553,0.1344637223974765
2026-02-19,0005.HK,HSBC,Financials,83.86,-0.028386050283860542,-0.00727402814214162,0.2301598943816927,0.1478237065425676
2026-02-20,0005.HK,HSBC,Financials,83.25,-0.00727402814214162,-0.04624624624624618,0.17817718652703096,0.13543371522094927
2026-02-23,0005.HK,HSBC,Financials,79.4,-0.04624624624624618,0.011083123425692731,0.11768018018018012,0.10385096621715562
2026-02-24,0005.HK,HSBC,Financials,80.28,0.011083123425692731,0.01781265570503221,0.06869009584664543,0.09076086956521756
2026-02-25,0005.HK,HSBC,Financials,81.71,0.01781265570503221,-0.013339860482193044,0.10898479913137882,0.13062128130621287
2026-02-26,0005.HK,HSBC,Financials,80.62,-0.013339860482193044,0.043537583726122486,0.04403004403004407,0.1296062771472608
2026-02-27,0005.HK,HSBC,Financials,84.13,0.043537583726122486,-0.03399500772613806,0.08359093250901584,0.2437906564163217
2026-03-02,0005.HK,HSBC,Financials,81.27,-0.03399500772613806,-0.04060538944259873,0.06597586568730329,0.21698113207547154
2026-03-03,0005.HK,HSBC,Financials,77.97,-0.04060538944259873,0.006156213928434129,0.03669724770642202,0.2515248796147673
2026-03-04,0005.HK,HSBC,Financials,78.45,0.006156213928434129,0.02893562778840031,0.052455057687147866,0.3171591672263263
2026-03-05,0005.HK,HSBC,Financials,80.72,0.02893562778840031,0.04658077304261643,0.0704150643150776,0.3274132543989474
2026-03-06,0005.HK,HSBC,Financials,84.48,0.04658077304261643,-0.01278409090909094,0.10431372549019624,0.3597295992274263
2026-03-09,0005.HK,HSBC,Financials,83.4,-0.01278409090909094,0.029856115107913528,0.1078639744952179,0.32675787464206185
2026-03-10,0005.HK,HSBC,Financials,85.89,0.029856115107913528,-0.0011642798928861442,0.14169879037617972,0.40389016018306645
2026-03-11,0005.HK,HSBC,Financials,85.79,-0.0011642798928861442,-0.004779111784590451,0.07654661814531316,0.40432149287935837
2026-03-12,0005.HK,HSBC,Financials,85.38,-0.004779111784590451,0.024478800655891364,0.022514970059880124,0.39783889980353626
2026-03-13,0005.HK,HSBC,Financials,87.47,0.024478800655891364,0.01794901108951641,0.03514792899408281,0.47953315290933696
2026-03-16,0005.HK,HSBC,Financials,89.04,0.01794901108951641,-0.043688230008984696,0.05260669109823857,0.44592400129912324
2026-03-17,0005.HK,HSBC,Financials,85.15,-0.043688230008984696,0.04086905460951251,0.0032991634264167846,0.3500872046931982
2026-03-18,0005.HK,HSBC,Financials,88.63,0.04086905460951251,0.038136071307683705,0.02687985169736984,0.41378210240867763
2026-03-19,0005.HK,HSBC,Financials,92.01,0.038136071307683705,-0.017389414194109443,0.0971857858335321,0.4667623146819706
2026-03-20,0005.HK,HSBC,Financials,90.41,-0.017389414194109443,0.010950116137595556,0.08600600600600594,0.433032176256142
2026-03-23,0005.HK,HSBC,Financials,91.4,0.010950116137595556,0.013676148796498921,0.1511335012594459,0.5356182795698925
2026-03-24,0005.HK,HSBC,Financials,92.65,0.013676148796498921,0.007123583378305431,0.1540857000498257,0.5674166807646761
2026-03-25,0005.HK,HSBC,Financials,93.31,0.007123583378305431,-0.015325259886400211,0.14196548770040396,0.609070529401621
2026-03-26,0005.HK,HSBC,Financials,91.88,-0.015325259886400211,-0.0186112320417936,0.13966757628380044,0.6296559063497693
2026-03-27,0005.HK,HSBC,Financials,90.17,-0.0186112320417936,-0.000776311411777808,0.07179365268037574,0.612193813695691
2026-03-30,0005.HK,HSBC,Financials,90.1,-0.000776311411777808,0.03251942286348508,0.10865017841762037,0.534400544959128
2026-03-31,0005.HK,HSBC,Financials,93.03,0.03251942286348508,0.014941416747285885,0.19315121200461727,0.5567269076305221
2026-04-01,0005.HK,HSBC,Financials,94.42,0.014941416747285885,-0.010273247193391177,0.20356915232632256,0.6055092671314402
2026-04-02,0005.HK,HSBC,Financials,93.45,-0.010273247193391177,0.02129481005885503,0.1577056491575819,0.5642785403414798
2026-04-03,0005.HK,HSBC,Financials,95.44,0.02129481005885503,-0.07889773679798828,0.1297348484848484,0.5381144238517326
2026-04-06,0005.HK,HSBC,Financials,87.91,-0.07889773679798828,0.031737003753839144,0.05407673860911255,0.3813639220615963
2026-04-07,0005.HK,HSBC,Financials,90.7,0.031737003753839144,-0.048291069459757585,0.05600186284782871,0.42296830875431435
2026-04-08,0005.HK,HSBC,Financials,86.32,-0.048291069459757585,-0.010078776645041643,0.0061778762093482875,0.37913404697235964
2026-04-09,0005.HK,HSBC,Financials,85.45,-0.010078776645041643,-0.031012287887653645,0.0008198641368002413,0.33934169278996884
2026-04-10,0005.HK,HSBC,Financials,82.8,-0.031012287887653645,-0.035869565217391264,-0.053389733622956514,0.28391998759497605
2026-04-13,0005.HK,HSBC,Financials,79.83,-0.035869565217391264,0.03206814480771647,-0.10343665768194077,0.20789832047208345
2026-04-14,0005.HK,HSBC,Financials,82.39,0.03206814480771647,-0.012987012987013102,-0.03241338813857908,0.2251301115241635
2026-04-15,0005.HK,HSBC,Financials,81.32,-0.012987012987013102,0.009468765371372534,-0.08247771634886614,0.17514450867052012
2026-04-16,0005.HK,HSBC,Financials,82.09,0.009468765371372534,-0.0013399926909489768,-0.10781436800347788,0.20419539386827057
2026-04-17,0005.HK,HSBC,Financials,81.98,-0.0013399926909489768,0.013173944864601106,-0.09324189802013039,0.16020379281064256
2026-04-20,0005.HK,HSBC,Financials,83.06,0.013173944864601106,0.0021671081146159565,-0.0912472647702407,0.1692004504504503
2026-04-21,0005.HK,HSBC,Financials,83.24,0.0021671081146159565,-0.03567996155694375,-0.10156502968159753,0.10809371671991475
2026-04-22,0005.HK,HSBC,Financials,80.27,-0.03567996155694375,0.02765665877662893,-0.13974922302004078,0.08944082519001073
2026-04-23,0005.HK,HSBC,Financials,82.49,0.02765665877662893,-0.013819856952357878,-0.10219851980844585,0.06824656824656827
2026-04-24,0005.HK,HSBC,Financials,81.35,-0.013819856952357878,-0.043146896127842504,-0.09781523788399693,0.04778464708912922
2026-04-27,0005.HK,HSBC,Financials,77.84,-0.043146896127842504,-0.011819116135662888,-0.13607103218645944,0.02098635886673672
2026-04-28,0005.HK,HSBC,Financials,76.92,-0.011819116135662888,0.04147165886635462,-0.17316994517897455,0.022736338252892008
2026-04-29,0005.HK,HSBC,Financials,80.11,0.04147165886635462,0.023467731868680453,-0.1515568735437407,0.07472497987657634
2026-04-30,0005.HK,HSBC,Financials,81.99,0.023467731868680453,-0.009635321380656037,-0.12263242375601935,0.08725633205145211
2026-05-01,0005.HK,HSBC,Financials,81.2,-0.009635321380656037,-0.009729064039408986,-0.14920368818105612,0.06143790849673203
2026-05-04,0005.HK,HSBC,Financials,80.41,-0.009729064039408986,-0.008954110185300346,-0.08531452621999769,0.06814558979808716
2026-05-05,0005.HK,HSBC,Financials,79.69,-0.008954110185300346,0.057472706738612045,-0.12138919514884239,0.05928485976339215
2026-05-06,0005.HK,HSBC,Financials,84.27,0.057472706738612045,0.010561291088168945,-0.023748841519925845,0.057472706738612045
2026-05-07,0005.HK,HSBC,Financials,85.16,0.010561291088168945,0.011860028182245186,-0.0033937975424225275,0.019880239520958076
2026-05-08,0005.HK,HSBC,Financials,86.17,0.011860028182245186,,0.04070048309178742,0.01976331360946748
2025-09-01,0016.HK,Sun Hung Kai,Property,80.7,,-0.01375464684014871,,
2025-09-02,0016.HK,Sun Hung Kai,Property,79.59,-0.01375464684014871,0.0028898102776728773,,
2025-09-03,0016.HK,Sun Hung Kai,Property,79.82,0.0028898102776728773,0.0030067652217491414,,
2025-09-04,0016.HK,Sun Hung Kai,Property,80.06,0.0030067652217491414,0.0007494379215589042,,
2025-09-05,0016.HK,Sun Hung Kai,Property,80.12,0.0007494379215589042,0.010359460808786691,,
2025-09-08,0016.HK,Sun Hung Kai,Property,80.95,0.010359460808786691,-0.011117974058060587,,
2025-09-09,0016.HK,Sun Hung Kai,Property,80.05,-0.011117974058060587,0.0003747657713928376,,
2025-09-10,0016.HK,Sun Hung Kai,Property,80.08,0.0003747657713928376,0.010864135864135926,,
2025-09-11,0016.HK,Sun Hung Kai,Property,80.95,0.010864135864135926,-0.001729462631253842,,
2025-09-12,0016.HK,Sun Hung Kai,Property,80.81,-0.001729462631253842,-0.023759435713401778,,
2025-09-15,0016.HK,Sun Hung Kai,Property,78.89,-0.023759435713401778,-0.018253264038534667,,
2025-09-16,0016.HK,Sun Hung Kai,Property,77.45,-0.018253264038534667,0.015622982569399424,,
2025-09-17,0016.HK,Sun Hung Kai,Property,78.66,0.015622982569399424,0.026442918891431466,,
2025-09-18,0016.HK,Sun Hung Kai,Property,80.74,0.026442918891431466,0.022169928164478714,,
2025-09-19,0016.HK,Sun Hung Kai,Property,82.53,0.022169928164478714,0.004362050163576825,,
2025-09-22,0016.HK,Sun Hung Kai,Property,82.89,0.004362050163576825,-0.022921944746049028,,
2025-09-23,0016.HK,Sun Hung Kai,Property,80.99,-0.022921944746049028,-0.00024694406716874173,,
2025-09-24,0016.HK,Sun Hung Kai,Property,80.97,-0.00024694406716874173,0.02964060763245646,,
2025-09-25,0016.HK,Sun Hung Kai,Property,83.37,0.02964060763245646,0.011634880652512836,,
2025-09-26,0016.HK,Sun Hung Kai,Property,84.34,0.011634880652512836,-0.0040313018733697525,,
2025-09-29,0016.HK,Sun Hung Kai,Property,84.0,-0.0040313018733697525,0.011904761904761862,0.040892193308550207,
2025-09-30,0016.HK,Sun Hung Kai,Property,85.0,0.011904761904761862,-0.024235294117647133,0.06797336348787542,
2025-10-01,0016.HK,Sun Hung Kai,Property,82.94,-0.024235294117647133,-0.013262599469495928,0.039087947882736174,
2025-10-02,0016.HK,Sun Hung Kai,Property,81.84,-0.013262599469495928,-0.02065004887585531,0.02223332500624542,
2025-10-03,0016.HK,Sun Hung Kai,Property,80.15,-0.02065004887585531,0.008858390517779036,0.000374438342486183,
2025-10-06,0016.HK,Sun Hung Kai,Property,80.86,0.008858390517779036,0.013480089042789967,-0.0011117974058061364,
2025-10-07,0016.HK,Sun Hung Kai,Property,81.95,0.013480089042789967,-0.003050640634533197,0.023735165521549195,
2025-10-08,0016.HK,Sun Hung Kai,Property,81.7,-0.003050640634533197,-0.016646266829865364,0.02022977022977024,
2025-10-09,0016.HK,Sun Hung Kai,Property,80.34,-0.016646266829865364,-0.0004978839930297463,-0.007535515750463295,
2025-10-10,0016.HK,Sun Hung Kai,Property,80.3,-0.0004978839930297463,-0.009215442092154302,-0.00631110011137237,
2025-10-13,0016.HK,Sun Hung Kai,Property,79.56,-0.009215442092154302,-0.015208647561588795,0.008492838129040559,
2025-10-14,0016.HK,Sun Hung Kai,Property,78.35,-0.015208647561588795,0.0063816209317166805,0.011620400258230967,
2025-10-15,0016.HK,Sun Hung Kai,Property,78.85,0.0063816209317166805,-0.014584654407101993,0.0024154589371980784,
2025-10-16,0016.HK,Sun Hung Kai,Property,77.7,-0.014584654407101993,-0.02972972972972976,-0.03765172157542718,
2025-10-17,0016.HK,Sun Hung Kai,Property,75.39,-0.02972972972972976,-0.02560021222973874,-0.08651399491094147,
2025-10-20,0016.HK,Sun Hung Kai,Property,73.46,-0.02560021222973874,-0.030628913694527582,-0.11376523102907476,
2025-10-21,0016.HK,Sun Hung Kai,Property,71.21,-0.030628913694527582,0.004634180592613557,-0.12075564884553647,
2025-10-22,0016.HK,Sun Hung Kai,Property,71.54,0.004634180592613557,0.0027956388034664492,-0.11646288748919342,
2025-10-23,0016.HK,Sun Hung Kai,Property,71.74,0.0027956388034664492,0.0018120992472820951,-0.13949862060693308,
2025-10-24,0016.HK,Sun Hung Kai,Property,71.87,0.0018120992472820951,0.011131209127591468,-0.14785392459094138,
2025-10-27,0016.HK,Sun Hung Kai,Property,72.67,0.011131209127591468,0.022567772120544838,-0.13488095238095232,
2025-10-28,0016.HK,Sun Hung Kai,Property,74.31,0.022567772120544838,-0.011303996770286706,-0.1257647058823529,
2025-10-29,0016.HK,Sun Hung Kai,Property,73.47,-0.011303996770286706,0.007622158704233106,-0.11417892452375211,
2025-10-30,0016.HK,Sun Hung Kai,Property,74.03,0.007622158704233106,-0.0301229231392679,-0.09543010752688175,
2025-10-31,0016.HK,Sun Hung Kai,Property,71.8,-0.0301229231392679,0.026183844011142154,-0.1041796631316283,
2025-11-03,0016.HK,Sun Hung Kai,Property,73.68,0.026183844011142154,-0.02375135722041255,-0.08879544892406621,
2025-11-04,0016.HK,Sun Hung Kai,Property,71.93,-0.02375135722041255,-0.01362435701376341,-0.12226967663209265,
2025-11-05,0016.HK,Sun Hung Kai,Property,70.95,-0.01362435701376341,-0.011416490486257924,-0.13157894736842102,
2025-11-06,0016.HK,Sun Hung Kai,Property,70.14,-0.011416490486257924,-0.029084687767322537,-0.12696041822255422,
2025-11-07,0016.HK,Sun Hung Kai,Property,68.1,-0.029084687767322537,0.0005873715124817824,-0.15193026151930267,
2025-11-10,0016.HK,Sun Hung Kai,Property,68.14,0.0005873715124817824,0.003962430290578078,-0.14353946706887888,
2025-11-11,0016.HK,Sun Hung Kai,Property,68.41,0.003962430290578078,-0.0036544364858939193,-0.12686662412252714,
2025-11-12,0016.HK,Sun Hung Kai,Property,68.16,-0.0036544364858939193,-0.02934272300469487,-0.135573874445149,
2025-11-13,0016.HK,Sun Hung Kai,Property,66.16,-0.02934272300469487,0.03763603385731584,-0.14851994851994854,
2025-11-14,0016.HK,Sun Hung Kai,Property,68.65,0.03763603385731584,0.010342316096139781,-0.08940177742406152,
2025-11-17,0016.HK,Sun Hung Kai,Property,69.36,0.010342316096139781,0.04988465974625145,-0.05581268717669474,
2025-11-18,0016.HK,Sun Hung Kai,Property,72.82,0.04988465974625145,-0.01538039000274638,0.022609184103356217,
2025-11-19,0016.HK,Sun Hung Kai,Property,71.7,-0.01538039000274638,0.018131101813110062,0.002236511042773115,
2025-11-20,0016.HK,Sun Hung Kai,Property,73.0,0.018131101813110062,0.014794520547945167,0.017563423473655027,
2025-11-21,0016.HK,Sun Hung Kai,Property,74.08,0.014794520547945167,-0.005669546436285144,0.03074996521497142,
2025-11-24,0016.HK,Sun Hung Kai,Property,73.66,-0.005669546436285144,0.026744501764865536,0.013623228292280132,-0.08723667905824051
2025-11-25,0016.HK,Sun Hung Kai,Property,75.63,0.026744501764865536,-0.00780113711490138,0.017763423496164554,-0.049754994346023484
2025-11-26,0016.HK,Sun Hung Kai,Property,75.04,-0.00780113711490138,-0.006929637526652543,0.021369266367224915,-0.059884740666499514
2025-11-27,0016.HK,Sun Hung Kai,Property,74.52,-0.006929637526652543,-0.06602254428341392,0.006618938268269536,-0.06919810142393212
2025-11-28,0016.HK,Sun Hung Kai,Property,69.6,-0.06602254428341392,0.00775862068965516,-0.030640668523676973,-0.13130304543185234
2025-12-01,0016.HK,Sun Hung Kai,Property,70.14,0.00775862068965516,-0.025235243798118034,-0.048045602605863325,-0.13353922174181598
2025-12-02,0016.HK,Sun Hung Kai,Property,68.37,-0.025235243798118034,-0.010677197601287158,-0.049492562213262925,-0.1459088069956277
2025-12-03,0016.HK,Sun Hung Kai,Property,67.64,-0.010677197601287158,-0.01951507983441758,-0.04665257223396757,-0.15534465534465536
2025-12-04,0016.HK,Sun Hung Kai,Property,66.32,-0.01951507983441758,-0.007086851628468005,-0.05446250356430005,-0.18072884496602848
2025-12-05,0016.HK,Sun Hung Kai,Property,65.85,-0.007086851628468005,0.008352315869400329,-0.033039647577092546,-0.1851256032669225
2025-12-08,0016.HK,Sun Hung Kai,Property,66.4,0.008352315869400329,0.00015060240963848948,-0.025535661872615134,-0.1583217137786791
2025-12-09,0016.HK,Sun Hung Kai,Property,66.41,0.00015060240963848948,0.01340159614515879,-0.02923549188715102,-0.1425435765009685
2025-12-10,0016.HK,Sun Hung Kai,Property,67.3,0.01340159614515879,0.024071322436850062,-0.012617370892018753,-0.144419018560895
2025-12-11,0016.HK,Sun Hung Kai,Property,68.92,0.024071322436850062,-0.007109692396981893,0.04171704957678357,-0.146395838493931
2025-12-12,0016.HK,Sun Hung Kai,Property,68.43,-0.007109692396981893,-0.009206488382288658,-0.0032046613255644063,-0.17084696474009442
2025-12-15,0016.HK,Sun Hung Kai,Property,67.8,-0.009206488382288658,0.01814159292035411,-0.02249134948096887,-0.18204849800941014
2025-12-16,0016.HK,Sun Hung Kai,Property,69.03,0.01814159292035411,0.019556714471968606,-0.052046141170008164,-0.1476725521669341
2025-12-17,0016.HK,Sun Hung Kai,Property,70.38,0.019556714471968606,0.01406649616368294,-0.018410041841004254,-0.13078918117821414
2025-12-18,0016.HK,Sun Hung Kai,Property,71.37,0.01406649616368294,-0.0182149362477233,-0.022328767123287574,-0.1439366678661389
2025-12-19,0016.HK,Sun Hung Kai,Property,70.07,-0.0182149362477233,0.007992007992007943,-0.054130669546436305,-0.16919611097936937
2025-12-22,0016.HK,Sun Hung Kai,Property,70.63,0.007992007992007943,0.001982160555004997,-0.04113494433885423,-0.15916666666666668
2025-12-23,0016.HK,Sun Hung Kai,Property,70.77,0.001982160555004997,0.019923696481560116,-0.06426021420071404,-0.16741176470588237
2025-12-24,0016.HK,Sun Hung Kai,Property,72.18,0.019923696481560116,-0.010944860072042206,-0.038113006396588434,-0.12973233662888828
2025-12-25,0016.HK,Sun Hung Kai,Property,71.39,-0.010944860072042206,-0.03179717047205488,-0.04200214707461081,-0.12768817204301075
2025-12-26,0016.HK,Sun Hung Kai,Property,69.12,-0.03179717047205488,0.01302083333333326,-0.006896551724137834,-0.13761696818465374
2025-12-29,0016.HK,Sun Hung Kai,Property,70.02,0.01302083333333326,-0.048700371322479286,-0.0017108639863131492,-0.13405886717783833
2025-12-30,0016.HK,Sun Hung Kai,Property,66.61,-0.048700371322479286,-0.013961867587449217,-0.025742284627760736,-0.18718730933496042
2025-12-31,0016.HK,Sun Hung Kai,Property,65.68,-0.013961867587449217,-0.01948842874543244,-0.028976936723831948,-0.1960832313341493
2026-01-01,0016.HK,Sun Hung Kai,Property,64.4,-0.01948842874543244,-0.019565217391304457,-0.028950542822677727,-0.1984067712223052
2026-01-02,0016.HK,Sun Hung Kai,Property,63.14,-0.019565217391304457,-0.014412416851441345,-0.04115413819286251,-0.2136986301369863
2026-01-05,0016.HK,Sun Hung Kai,Property,62.23,-0.014412416851441345,0.0231399646472763,-0.0628012048192772,-0.21782302664655617
2026-01-06,0016.HK,Sun Hung Kai,Property,63.67,0.0231399646472763,0.015391864300298375,-0.04125884655925305,-0.18736439055520093
2026-01-07,0016.HK,Sun Hung Kai,Property,64.65,0.015391864300298375,-0.0047950502706883835,-0.03937592867756301,-0.1800887761572605
2026-01-08,0016.HK,Sun Hung Kai,Property,64.34,-0.0047950502706883835,0.021448554553932242,-0.06645385954730121,-0.17194337194337195
2026-01-09,0016.HK,Sun Hung Kai,Property,65.72,0.021448554553932242,-0.020237370663420573,-0.039602513517463245,-0.12826634832205863
2026-01-12,0016.HK,Sun Hung Kai,Property,64.39,-0.020237370663420573,-0.022829631930423977,-0.05029498525073739,-0.12346855431527348
2026-01-13,0016.HK,Sun Hung Kai,Property,62.92,-0.022829631930423977,0.016369993642720848,-0.08851224105461397,-0.1164162336750455
2026-01-14,0016.HK,Sun Hung Kai,Property,63.95,0.016369993642720848,0.010789679437060107,-0.09136118215402089,-0.10609449259155723
2026-01-15,0016.HK,Sun Hung Kai,Property,64.64,0.010789679437060107,-0.008818069306930854,-0.09429732380552058,-0.09896849735154722
2026-01-16,0016.HK,Sun Hung Kai,Property,64.07,-0.008818069306930854,-0.021538941782425436,-0.08562865705722844,-0.10852928899401715
2026-01-19,0016.HK,Sun Hung Kai,Property,62.69,-0.021538941782425436,0.027596107832190242,-0.11241682004813813,-0.13733314985551126
2026-01-20,0016.HK,Sun Hung Kai,Property,64.42,0.027596107832190242,-0.03275380316671839,-0.08972728557298282,-0.13309110483111286
2026-01-21,0016.HK,Sun Hung Kai,Property,62.31,-0.03275380316671839,-0.011394639704702336,-0.13674147963424776,-0.1518987341772151
2026-01-22,0016.HK,Sun Hung Kai,Property,61.6,-0.011394639704702336,0.004220779220779125,-0.13713405238828968,-0.1679049034175334
2026-01-23,0016.HK,Sun Hung Kai,Property,61.86,0.004220779220779125,0.03410927901713556,-0.10503472222222232,-0.13844011142061274
2026-01-26,0016.HK,Sun Hung Kai,Property,63.97,0.03410927901713556,0.0071908707206505,-0.08640388460439874,-0.13178610206297514
2026-01-27,0016.HK,Sun Hung Kai,Property,64.43,0.0071908707206505,0.009157224895234961,-0.03272781864584884,-0.10426803837063814
2026-01-28,0016.HK,Sun Hung Kai,Property,65.02,0.009157224895234961,-0.010919717010150598,-0.01004872107186372,-0.08357998590556737
2026-01-29,0016.HK,Sun Hung Kai,Property,64.31,-0.010919717010150598,0.010729280049758927,-0.0013975155279503104,-0.08311947533504416
2026-01-30,0016.HK,Sun Hung Kai,Property,65.0,0.010729280049758927,0.0018461538461538307,0.029458346531517243,-0.04552129221732737
2026-02-02,0016.HK,Sun Hung Kai,Property,65.12,0.0018461538461538307,-0.030251842751842895,0.046440623493491984,-0.04432051658350444
2026-02-03,0016.HK,Sun Hung Kai,Property,63.15,-0.030251842751842895,0.0150435471100554,-0.008167111669546201,-0.0768893436632071
2026-02-04,0016.HK,Sun Hung Kai,Property,64.1,0.0150435471100554,0.018252730109204363,-0.00850734725444724,-0.0595657276995305
2026-02-05,0016.HK,Sun Hung Kai,Property,65.27,0.018252730109204363,0.015167764669833161,0.014454460677649772,-0.013452237001209233
2026-02-06,0016.HK,Sun Hung Kai,Property,66.26,0.015167764669833161,0.0006036824630242243,0.008216676810712142,-0.034814275309541176
2026-02-09,0016.HK,Sun Hung Kai,Property,66.3,0.0006036824630242243,-0.01825037707390642,0.029662991147693774,-0.044117647058823595
2026-02-10,0016.HK,Sun Hung Kai,Property,65.09,-0.01825037707390642,-0.04393916116146879,0.03448823903369358,-0.10615215600109851
2026-02-11,0016.HK,Sun Hung Kai,Property,62.23,-0.04393916116146879,0.0028924955809095376,-0.02689601250977336,-0.13207810320781044
2026-02-12,0016.HK,Sun Hung Kai,Property,62.41,0.0028924955809095376,0.02050953372856923,-0.034498762376237724,-0.14506849315068493
2026-02-13,0016.HK,Sun Hung Kai,Property,63.69,0.02050953372856923,0.018841262364578393,-0.005931012954580872,-0.1402537796976242
2026-02-16,0016.HK,Sun Hung Kai,Property,64.89,0.018841262364578393,0.0154106950223456,0.03509331631839219,-0.11906054846592451
2026-02-17,0016.HK,Sun Hung Kai,Property,65.89,0.0154106950223456,-0.0015176809834571703,0.022819000310462467,-0.1287848737273568
2026-02-18,0016.HK,Sun Hung Kai,Property,65.79,-0.0015176809834571703,0.02067183462532296,0.05584978334135782,-0.12326759061833692
2026-02-19,0016.HK,Sun Hung Kai,Property,67.15,0.02067183462532296,0.01742367833209224,0.09009740259740262,-0.09889962426194299
2026-02-20,0016.HK,Sun Hung Kai,Property,68.32,0.01742367833209224,-0.008196721311475197,0.10442935661170383,-0.01839080459770115
2026-02-23,0016.HK,Sun Hung Kai,Property,67.76,-0.008196721311475197,0.01283943329397852,0.05924652180709722,-0.03393213572854281
2026-02-24,0016.HK,Sun Hung Kai,Property,68.63,0.01283943329397852,-0.010199621156928296,0.0651870246779449,0.0038028375018281935
2026-02-25,0016.HK,Sun Hung Kai,Property,67.93,-0.010199621156928296,0.010157515089062263,0.04475545985850515,0.004287403903016074
2026-02-26,0016.HK,Sun Hung Kai,Property,68.62,0.010157515089062263,-0.024774118332847594,0.06701912610791472,0.03468033775633317
2026-02-27,0016.HK,Sun Hung Kai,Property,66.92,-0.024774118332847594,-0.023311416616855984,0.029538461538461513,0.016249050873196724
2026-03-02,0016.HK,Sun Hung Kai,Property,65.36,-0.023311416616855984,0.020042839657282707,0.0036855036855036882,-0.015662650602409678
2026-03-03,0016.HK,Sun Hung Kai,Property,66.67,0.020042839657282707,0.017699115044247593,0.05574030087094228,0.003915073031170113
2026-03-04,0016.HK,Sun Hung Kai,Property,67.85,0.017699115044247593,0.011938098747236614,0.05850234009360378,0.008172362555720625
2026-03-05,0016.HK,Sun Hung Kai,Property,68.66,0.011938098747236614,0.0016020972909991382,0.05193810326336745,-0.0037724898432967002
2026-03-06,0016.HK,Sun Hung Kai,Property,68.77,0.0016020972909991382,-0.04551403228151807,0.037881074554783956,0.00496858103171105
2026-03-09,0016.HK,Sun Hung Kai,Property,65.64,-0.04551403228151807,-0.0015234613040827627,-0.009954751131221684,-0.031858407079645934
2026-03-10,0016.HK,Sun Hung Kai,Property,65.54,-0.0015234613040827627,0.00854440036618831,0.0069135043785528705,-0.050557728523830114
2026-03-11,0016.HK,Sun Hung Kai,Property,66.1,0.00854440036618831,-0.01013615733736739,0.06218865498955495,-0.06081273088945727
2026-03-12,0016.HK,Sun Hung Kai,Property,65.43,-0.01013615733736739,-0.013602323093382274,0.04838968114084308,-0.08322824716267341
2026-03-13,0016.HK,Sun Hung Kai,Property,64.54,-0.013602323093382274,0.02726991013325053,0.013345894174909834,-0.07892107892107869
2026-03-16,0016.HK,Sun Hung Kai,Property,66.3,0.02726991013325053,-0.0012066365007541435,0.021729079981507082,-0.06130539430836757
2026-03-17,0016.HK,Sun Hung Kai,Property,66.22,-0.0012066365007541435,0.008607671398369154,0.005008347245408995,-0.06429277942631051
2026-03-18,0016.HK,Sun Hung Kai,Property,66.79,0.008607671398369154,0.014523132205420008,0.01519987840097281,-0.07467442504848987
2026-03-19,0016.HK,Sun Hung Kai,Property,67.76,0.014523132205420008,-0.019037780401416904,0.009084139985108042,-0.05084745762711862
2026-03-20,0016.HK,Sun Hung Kai,Property,66.47,-0.019037780401416904,0.0036106514216938113,-0.027078454332552626,-0.03833912037037046
2026-03-23,0016.HK,Sun Hung Kai,Property,66.71,0.0036106514216938113,0.024883825513416502,-0.01549586776859524,-0.047272207940588395
2026-03-24,0016.HK,Sun Hung Kai,Property,68.37,0.024883825513416502,0.03451806347813369,-0.0037884307154304464,0.02642245909022667
2026-03-25,0016.HK,Sun Hung Kai,Property,70.73,0.03451806347813369,0.0007069136151562905,0.041218901810687436,0.07688794153471368
2026-03-26,0016.HK,Sun Hung Kai,Property,70.78,0.0007069136151562905,-0.004662333992653256,0.0314777032935003,0.09906832298136647
2026-03-27,0016.HK,Sun Hung Kai,Property,70.45,-0.004662333992653256,0.005110007097232083,0.052749551703526576,0.11577446943300607
2026-03-30,0016.HK,Sun Hung Kai,Property,70.81,0.005110007097232083,0.004519135715294276,0.08338433292533654,0.13787562269002107
2026-03-31,0016.HK,Sun Hung Kai,Property,71.13,0.004519135715294276,0.026289891747504734,0.06689665516724164,0.11716664049002667
2026-04-01,0016.HK,Sun Hung Kai,Property,73.0,0.026289891747504734,-0.01904109589041092,0.07590272660280029,0.12915699922660462
2026-04-02,0016.HK,Sun Hung Kai,Property,71.61,-0.01904109589041092,-0.005446166736489344,0.04296533644043121,0.11299347217904865
2026-04-03,0016.HK,Sun Hung Kai,Property,71.22,-0.005446166736489344,-0.021201909575961908,0.03562599970917546,0.08368837492391967
2026-04-06,0016.HK,Sun Hung Kai,Property,69.71,-0.021201909575961908,-0.019365944627743437,0.06200487507617303,0.08262152508153431
2026-04-07,0016.HK,Sun Hung Kai,Property,68.36,-0.019365944627743437,0.007167934464599179,0.043027158986878034,0.08645899554990466
2026-04-08,0016.HK,Sun Hung Kai,Property,68.85,0.007167934464599179,0.015250544662309462,0.041603630862329766,0.07662236121970278
2026-04-09,0016.HK,Sun Hung Kai,Property,69.9,0.015250544662309462,-0.01244635193133059,0.06831728564878503,0.08137376237623761
2026-04-10,0016.HK,Sun Hung Kai,Property,69.03,-0.01244635193133059,0.01463131971606546,0.06956925937403158,0.07741532698610909
2026-04-13,0016.HK,Sun Hung Kai,Property,70.04,0.01463131971606546,0.02098800685322666,0.056410256410256654,0.1172435795182647
2026-04-14,0016.HK,Sun Hung Kai,Property,71.51,0.02098800685322666,0.03663823241504671,0.07988523104802181,0.11005898789195911
2026-04-15,0016.HK,Sun Hung Kai,Property,74.13,0.03663823241504671,0.0013489815189533516,0.1098966911214252,0.18969667790081846
2026-04-16,0016.HK,Sun Hung Kai,Property,74.23,0.0013489815189533516,-0.012259194395797035,0.09548406139315224,0.2050324675324675
2026-04-17,0016.HK,Sun Hung Kai,Property,73.32,-0.012259194395797035,-0.01909438079650838,0.10305400932751607,0.18525703200775934
2026-04-20,0016.HK,Sun Hung Kai,Property,71.92,-0.01909438079650838,-0.020995550611790925,0.07809923549692721,0.12427700484602155
2026-04-21,0016.HK,Sun Hung Kai,Property,70.41,-0.020995550611790925,0.02357619656298815,0.029837648091267877,0.09281390656526445
2026-04-22,0016.HK,Sun Hung Kai,Property,72.07,0.02357619656298815,-0.028860829748855288,0.018945284886186853,0.10842817594586274
2026-04-23,0016.HK,Sun Hung Kai,Property,69.99,-0.028860829748855288,0.02314616373767686,-0.011161345012715596,0.08832218939511738
2026-04-24,0016.HK,Sun Hung Kai,Property,71.61,0.02314616373767686,-0.016617790811339184,0.01646557842441454,0.10169230769230775
2026-04-27,0016.HK,Sun Hung Kai,Property,70.42,-0.016617790811339184,-0.01306447032093161,-0.005507696653015093,0.08138820638820632
2026-04-28,0016.HK,Sun Hung Kai,Property,69.5,-0.01306447032093161,-0.003021582733812811,-0.022915787993814107,0.10055423594615998
2026-04-29,0016.HK,Sun Hung Kai,Property,69.29,-0.003021582733812811,-0.01342185019483344,-0.0508219178082191,0.0809672386895477
2026-04-30,0016.HK,Sun Hung Kai,Property,68.36,-0.01342185019483344,0.017554125219426675,-0.04538472280407768,0.04734181093917589
2026-05-01,0016.HK,Sun Hung Kai,Property,69.56,0.017554125219426675,0.0343588269120183,-0.023308059533838743,0.04980380319951694
2026-05-04,0016.HK,Sun Hung Kai,Property,71.95,0.0343588269120183,-0.01250868658790838,0.032133122937885616,0.08521870286576183
2026-05-05,0016.HK,Sun Hung Kai,Property,71.05,-0.01250868658790838,-0.00830401125967628,0.03935049736688123,0.09156552465816548
2026-05-06,0016.HK,Sun Hung Kai,Property,70.46,-0.00830401125967628,-0.0031223389156967984,0.02338416848220759,0.13225132572714116
2026-05-07,0016.HK,Sun Hung Kai,Property,70.24,-0.0031223389156967984,0.010108200455581029,0.004864091559370287,0.12546066335523154
2026-05-08,0016.HK,Sun Hung Kai,Property,70.95,0.010108200455581029,,0.02781399391568895,0.11398963730569966
2025-09-01,0027.HK,Galaxy Entertainment,Consumer,41.01,,0.03267495732748116,,
2025-09-02,0027.HK,Galaxy Entertainment,Consumer,42.35,0.03267495732748116,-0.007792207792207795,,
2025-09-03,0027.HK,Galaxy Entertainment,Consumer,42.02,-0.007792207792207795,-0.029033793431699317,,
2025-09-04,0027.HK,Galaxy Entertainment,Consumer,40.8,-0.029033793431699317,-0.008823529411764675,,
2025-09-05,0027.HK,Galaxy Entertainment,Consumer,40.44,-0.008823529411764675,0.005934718100890191,,
2025-09-08,0027.HK,Galaxy Entertainment,Consumer,40.68,0.005934718100890191,-0.0208947885939037,,
2025-09-09,0027.HK,Galaxy Entertainment,Consumer,39.83,-0.0208947885939037,-0.02108963093145866,,
2025-09-10,0027.HK,Galaxy Entertainment,Consumer,38.99,-0.02108963093145866,0.00795075660425737,,
2025-09-11,0027.HK,Galaxy Entertainment,Consumer,39.3,0.00795075660425737,-0.0007633587786257667,,
2025-09-12,0027.HK,Galaxy Entertainment,Consumer,39.27,-0.0007633587786257667,0.00127323656735423,,
2025-09-15,0027.HK,Galaxy Entertainment,Consumer,39.32,0.00127323656735423,-0.01653102746693791,,
2025-09-16,0027.HK,Galaxy Entertainment,Consumer,38.67,-0.01653102746693791,-0.004913369537108969,,
2025-09-17,0027.HK,Galaxy Entertainment,Consumer,38.48,-0.004913369537108969,-0.020270270270270063,,
2025-09-18,0027.HK,Galaxy Entertainment,Consumer,37.7,-0.020270270270270063,0.020159151193633873,,
2025-09-19,0027.HK,Galaxy Entertainment,Consumer,38.46,0.020159151193633873,0.023400936037441422,,
2025-09-22,0027.HK,Galaxy Entertainment,Consumer,39.36,0.023400936037441422,-0.04065040650406504,,
2025-09-23,0027.HK,Galaxy Entertainment,Consumer,37.76,-0.04065040650406504,-0.020391949152542277,,
2025-09-24,0027.HK,Galaxy Entertainment,Consumer,36.99,-0.020391949152542277,-0.03298188699648552,,
2025-09-25,0027.HK,Galaxy Entertainment,Consumer,35.77,-0.03298188699648552,-0.013978194017332912,,
2025-09-26,0027.HK,Galaxy Entertainment,Consumer,35.27,-0.013978194017332912,-0.0017011624610150378,,
2025-09-29,0027.HK,Galaxy Entertainment,Consumer,35.21,-0.0017011624610150378,-0.031809145129224614,-0.1414289197756644,
2025-09-30,0027.HK,Galaxy Entertainment,Consumer,34.09,-0.031809145129224614,-0.02024053974772677,-0.19504132231404958,
2025-10-01,0027.HK,Galaxy Entertainment,Consumer,33.4,-0.02024053974772677,-0.021856287425149556,-0.2051404093288911,
2025-10-02,0027.HK,Galaxy Entertainment,Consumer,32.67,-0.021856287425149556,0.004897459442913865,-0.1992647058823528,
2025-10-03,0027.HK,Galaxy Entertainment,Consumer,32.83,0.004897459442913865,0.0018275967103260626,-0.18818001978239363,
2025-10-06,0027.HK,Galaxy Entertainment,Consumer,32.89,0.0018275967103260626,-0.015810276679842028,-0.19149459193706975,
2025-10-07,0027.HK,Galaxy Entertainment,Consumer,32.37,-0.015810276679842028,0.004324992276799611,-0.18729600803414514,
2025-10-08,0027.HK,Galaxy Entertainment,Consumer,32.51,0.004324992276799611,-0.011688711165794952,-0.16619646063093108,
2025-10-09,0027.HK,Galaxy Entertainment,Consumer,32.13,-0.011688711165794952,-0.0056022408963586345,-0.18244274809160288,
2025-10-10,0027.HK,Galaxy Entertainment,Consumer,31.95,-0.0056022408963586345,0.037558685446009266,-0.18640183346065708,
2025-10-13,0027.HK,Galaxy Entertainment,Consumer,33.15,0.037558685446009266,0.030165912518853588,-0.15691759918616488,
2025-10-14,0027.HK,Galaxy Entertainment,Consumer,34.15,0.030165912518853588,-0.028696925329428913,-0.11688647530385321,
2025-10-15,0027.HK,Galaxy Entertainment,Consumer,33.17,-0.028696925329428913,0.018993066023515137,-0.13799376299376287,
2025-10-16,0027.HK,Galaxy Entertainment,Consumer,33.8,0.018993066023515137,0.01834319526627226,-0.10344827586206906,
2025-10-17,0027.HK,Galaxy Entertainment,Consumer,34.42,0.01834319526627226,-0.025276002324230218,-0.10504420176807072,
2025-10-20,0027.HK,Galaxy Entertainment,Consumer,33.55,-0.025276002324230218,0.018777943368107453,-0.14761178861788626,
2025-10-21,0027.HK,Galaxy Entertainment,Consumer,34.18,0.018777943368107453,0.03452311293153887,-0.09480932203389825,
2025-10-22,0027.HK,Galaxy Entertainment,Consumer,35.36,0.03452311293153887,-0.024604072398189958,-0.04406596377399308,
2025-10-23,0027.HK,Galaxy Entertainment,Consumer,34.49,-0.024604072398189958,-0.020005798782255835,-0.03578417668437239,
2025-10-24,0027.HK,Galaxy Entertainment,Consumer,33.8,-0.020005798782255835,0.022781065088757435,-0.041678480294868314,
2025-10-27,0027.HK,Galaxy Entertainment,Consumer,34.57,0.022781065088757435,0.006363899334683287,-0.018176654359556954,
2025-10-28,0027.HK,Galaxy Entertainment,Consumer,34.79,0.006363899334683287,0.012647312446105063,0.02053388090349073,
2025-10-29,0027.HK,Galaxy Entertainment,Consumer,35.23,0.012647312446105063,0.007947771785410174,0.054790419161676596,
2025-10-30,0027.HK,Galaxy Entertainment,Consumer,35.51,0.007947771785410174,0.009293156857223428,0.08692990511172316,
2025-10-31,0027.HK,Galaxy Entertainment,Consumer,35.84,0.009293156857223428,-0.02929687500000011,0.09168443496801726,
2025-11-03,0027.HK,Galaxy Entertainment,Consumer,34.79,-0.02929687500000011,0.023569991376832355,0.0577683186378839,
2025-11-04,0027.HK,Galaxy Entertainment,Consumer,35.61,0.023569991376832355,0.02639707947205827,0.1000926784059315,
2025-11-05,0027.HK,Galaxy Entertainment,Consumer,36.55,0.02639707947205827,-0.0046511627906975495,0.12426945555213775,
2025-11-06,0027.HK,Galaxy Entertainment,Consumer,36.38,-0.0046511627906975495,-0.0005497526113249496,0.13227513227513232,
2025-11-07,0027.HK,Galaxy Entertainment,Consumer,36.36,-0.0005497526113249496,-0.03382838283828371,0.13802816901408455,
2025-11-10,0027.HK,Galaxy Entertainment,Consumer,35.13,-0.03382838283828371,0.011670936521491537,0.05972850678733055,
2025-11-11,0027.HK,Galaxy Entertainment,Consumer,35.54,0.011670936521491537,0.013224535734383869,0.04070278184480247,
2025-11-12,0027.HK,Galaxy Entertainment,Consumer,36.01,0.013224535734383869,-0.0011108025548458578,0.08561953572505265,
2025-11-13,0027.HK,Galaxy Entertainment,Consumer,35.97,-0.0011108025548458578,0.025576869613566977,0.06420118343195269,
2025-11-14,0027.HK,Galaxy Entertainment,Consumer,36.89,0.025576869613566977,-0.007047980482515537,0.07176060429982556,
2025-11-17,0027.HK,Galaxy Entertainment,Consumer,36.63,-0.007047980482515537,0.012831012831012734,0.09180327868852478,
2025-11-18,0027.HK,Galaxy Entertainment,Consumer,37.1,0.012831012831012734,-0.022371967654986502,0.08543007606787589,
2025-11-19,0027.HK,Galaxy Entertainment,Consumer,36.27,-0.022371967654986502,-0.0002757099531294216,0.02573529411764719,
2025-11-20,0027.HK,Galaxy Entertainment,Consumer,36.26,-0.0002757099531294216,-0.003309431880860414,0.05131922296317759,
2025-11-21,0027.HK,Galaxy Entertainment,Consumer,36.14,-0.003309431880860414,0.0052573325954621275,0.06923076923076943,
2025-11-24,0027.HK,Galaxy Entertainment,Consumer,36.33,0.0052573325954621275,-0.007982383704926987,0.050911194677465854,-0.11411850768105336
2025-11-25,0027.HK,Galaxy Entertainment,Consumer,36.04,-0.007982383704926987,-0.002497225305216344,0.035929864903707864,-0.14899645808736728
2025-11-26,0027.HK,Galaxy Entertainment,Consumer,35.95,-0.002497225305216344,0.018636995827538083,0.02043712744819781,-0.1444550214183722
2025-11-27,0027.HK,Galaxy Entertainment,Consumer,36.62,0.018636995827538083,-0.009284543965046299,0.031258800337933046,-0.10245098039215683
2025-11-28,0027.HK,Galaxy Entertainment,Consumer,36.28,-0.009284543965046299,-0.03528114663726578,0.012276785714285587,-0.10286844708209686
2025-12-01,0027.HK,Galaxy Entertainment,Consumer,35.0,-0.03528114663726578,0.039142857142857146,0.006036217303822866,-0.1396263520157326
2025-12-02,0027.HK,Galaxy Entertainment,Consumer,36.37,0.039142857142857146,0.031069562826505415,0.021342319573153468,-0.08686919407481797
2025-12-03,0027.HK,Galaxy Entertainment,Consumer,37.5,0.031069562826505415,-0.028266666666666773,0.0259917920656636,-0.03821492690433448
2025-12-04,0027.HK,Galaxy Entertainment,Consumer,36.44,-0.028266666666666773,0.015642151481888078,0.0016492578339746267,-0.07277353689567434
2025-12-05,0027.HK,Galaxy Entertainment,Consumer,37.01,0.015642151481888078,-0.010807889759524403,0.01787678767876777,-0.0575502928444106
2025-12-08,0027.HK,Galaxy Entertainment,Consumer,36.61,-0.010807889759524403,0.006282436492761612,0.04212923427270132,-0.06892166836215663
2025-12-09,0027.HK,Galaxy Entertainment,Consumer,36.84,0.006282436492761612,0.006786102062974919,0.03657850309510424,-0.0473235065942591
2025-12-10,0027.HK,Galaxy Entertainment,Consumer,37.09,0.006786102062974919,-0.004853060124022868,0.029991668980838826,-0.03612266112266094
2025-12-11,0027.HK,Galaxy Entertainment,Consumer,36.91,-0.004853060124022868,-0.01706854510972622,0.026132888518209496,-0.020954907161803926
2025-12-12,0027.HK,Galaxy Entertainment,Consumer,36.28,-0.01706854510972622,-0.015159867695700213,-0.016535646516671165,-0.05668226729069159
2025-12-15,0027.HK,Galaxy Entertainment,Consumer,35.73,-0.015159867695700213,-0.01987125664707512,-0.024570024570024773,-0.09222560975609762
2025-12-16,0027.HK,Galaxy Entertainment,Consumer,35.02,-0.01987125664707512,-0.01827527127355799,-0.056064690026954134,-0.07256355932203373
2025-12-17,0027.HK,Galaxy Entertainment,Consumer,34.38,-0.01827527127355799,-0.0011634671320535084,-0.052109181141439254,-0.07055961070559613
2025-12-18,0027.HK,Galaxy Entertainment,Consumer,34.34,-0.0011634671320535084,-0.015433896330809604,-0.05295091009376707,-0.03997763488957229
2025-12-19,0027.HK,Galaxy Entertainment,Consumer,33.81,-0.015433896330809604,0.015380065069505955,-0.06447149972329824,-0.041394953218032327
2025-12-22,0027.HK,Galaxy Entertainment,Consumer,34.33,0.015380065069505955,0.03349839790270903,-0.055050922102945266,-0.024992899744390895
2025-12-23,0027.HK,Galaxy Entertainment,Consumer,35.48,0.03349839790270903,-0.012401352874858995,-0.015538290788013387,0.04077442065121728
2025-12-24,0027.HK,Galaxy Entertainment,Consumer,35.04,-0.012401352874858995,0.005707762557077611,-0.025312934631432693,0.049101796407185594
2025-12-25,0027.HK,Galaxy Entertainment,Consumer,35.24,0.005707762557077611,0.011350737797956922,-0.0376843255051883,0.07866544230180583
2025-12-26,0027.HK,Galaxy Entertainment,Consumer,35.64,0.011350737797956922,0.010942760942761032,-0.01764057331863289,0.0855924459335975
2025-12-29,0027.HK,Galaxy Entertainment,Consumer,36.03,0.010942760942761032,0.0019428254232582987,0.02942857142857136,0.09546974764366079
2025-12-30,0027.HK,Galaxy Entertainment,Consumer,36.1,0.0019428254232582987,0.01689750692520775,-0.007423700852350779,0.1152301513747298
2025-12-31,0027.HK,Galaxy Entertainment,Consumer,36.71,0.01689750692520775,0.011168618904930483,-0.021066666666666678,0.12919101814826206
2026-01-01,0027.HK,Galaxy Entertainment,Consumer,37.12,0.011168618904930483,-0.0272090517241379,0.01866081229418226,0.15530656707127277
2026-01-02,0027.HK,Galaxy Entertainment,Consumer,36.11,-0.0272090517241379,0.019662143450567715,-0.024317751958929934,0.13020344287949914
2026-01-05,0027.HK,Galaxy Entertainment,Consumer,36.82,0.019662143450567715,0.020097772949484005,0.005736137667303964,0.11070889894419311
2026-01-06,0027.HK,Galaxy Entertainment,Consumer,37.56,0.020097772949484005,-0.0165069222577211,0.019543973941368087,0.09985358711566628
2026-01-07,0027.HK,Galaxy Entertainment,Consumer,36.94,-0.0165069222577211,0.0010828370330264736,-0.004044216770018982,0.11365691890262264
2026-01-08,0027.HK,Galaxy Entertainment,Consumer,36.98,0.0010828370330264736,0.015684153596538852,0.0018965050121917404,0.09408284023668645
2026-01-09,0027.HK,Galaxy Entertainment,Consumer,37.56,0.015684153596538852,-0.004526091586794512,0.03528114663726578,0.09122603137710628
2026-01-12,0027.HK,Galaxy Entertainment,Consumer,37.39,-0.004526091586794512,0.02433805830435931,0.04645955779457056,0.11445603576751129
2026-01-13,0027.HK,Galaxy Entertainment,Consumer,38.3,0.02433805830435931,0.05300261096605752,0.0936607652769843,0.12053832650672902
2026-01-14,0027.HK,Galaxy Entertainment,Consumer,40.33,0.05300261096605752,-0.017108851971237238,0.17306573589296081,0.14055429864253388
2026-01-15,0027.HK,Galaxy Entertainment,Consumer,39.64,-0.017108851971237238,-0.030524722502522694,0.15433896330809538,0.14931864308495202
2026-01-16,0027.HK,Galaxy Entertainment,Consumer,38.43,-0.030524722502522694,0.007285974499089187,0.13664596273291907,0.13698224852071017
2026-01-19,0027.HK,Galaxy Entertainment,Consumer,38.71,0.007285974499089187,0.01627486437613035,0.12758520244683957,0.11975701475267564
2026-01-20,0027.HK,Galaxy Entertainment,Consumer,39.34,0.01627486437613035,-0.0048296898830707535,0.10879368658399113,0.13078470824949706
2026-01-21,0027.HK,Galaxy Entertainment,Consumer,39.15,-0.0048296898830707535,0.03269476372924651,0.1172945205479452,0.11126880499574243
2026-01-22,0027.HK,Galaxy Entertainment,Consumer,40.43,0.03269476372924651,-0.029433588919119402,0.14727582292849029,0.13855252041678412
2026-01-23,0027.HK,Galaxy Entertainment,Consumer,39.24,-0.029433588919119402,0.015800203873598262,0.101010101010101,0.0948660714285714
2026-01-26,0027.HK,Galaxy Entertainment,Consumer,39.86,0.015800203873598262,-0.013045659809332588,0.10630030530113799,0.14573153204943945
2026-01-27,0027.HK,Galaxy Entertainment,Consumer,39.34,-0.013045659809332588,0.03863751906456514,0.08975069252077561,0.10474585790508306
2026-01-28,0027.HK,Galaxy Entertainment,Consumer,40.86,0.03863751906456514,0.04478707782672542,0.11304821574502855,0.11792065663474705
2026-01-29,0027.HK,Galaxy Entertainment,Consumer,42.69,0.04478707782672542,-0.016865776528460996,0.15005387931034475,0.17344694887300705
2026-01-30,0027.HK,Galaxy Entertainment,Consumer,41.97,-0.016865776528460996,-0.011913271384322188,0.16228191636665734,0.15429042904290435
2026-02-02,0027.HK,Galaxy Entertainment,Consumer,41.47,-0.011913271384322188,0.01953219194598521,0.12629005975013574,0.18047253060062607
2026-02-03,0027.HK,Galaxy Entertainment,Consumer,42.28,0.01953219194598521,-0.008278145695364225,0.12566560170394037,0.1896454698930783
2026-02-04,0027.HK,Galaxy Entertainment,Consumer,41.93,-0.008278145695364225,-0.00047698545194374553,0.13508391987005952,0.16439877811718984
2026-02-05,0027.HK,Galaxy Entertainment,Consumer,41.91,-0.00047698545194374553,0.0007158196134573469,0.1333153055705787,0.16513761467889898
2026-02-06,0027.HK,Galaxy Entertainment,Consumer,41.94,0.0007158196134573469,-0.042203147353361836,0.11661341853035134,0.136893467064245
2026-02-09,0027.HK,Galaxy Entertainment,Consumer,40.17,-0.042203147353361836,0.0,0.07435143086386731,0.09664209664209666
2026-02-10,0027.HK,Galaxy Entertainment,Consumer,40.17,0.0,-0.014936519790888725,0.048825065274151536,0.08274932614555253
2026-02-11,0027.HK,Galaxy Entertainment,Consumer,39.57,-0.014936519790888725,-0.010614101592115288,-0.018844532606000497,0.0909842845326716
2026-02-12,0027.HK,Galaxy Entertainment,Consumer,39.15,-0.010614101592115288,0.03243933588761183,-0.012361251261352235,0.07970215113072254
2026-02-13,0027.HK,Galaxy Entertainment,Consumer,40.42,0.03243933588761183,-0.027709054923305443,0.051782461618527176,0.11842833425567245
2026-02-16,0027.HK,Galaxy Entertainment,Consumer,39.3,-0.027709054923305443,0.01857506361323158,0.015241539653836123,0.08175061932287364
2026-02-17,0027.HK,Galaxy Entertainment,Consumer,40.03,0.01857506361323158,-0.0059955033724706785,0.017539400101677538,0.11071032186459506
2026-02-18,0027.HK,Galaxy Entertainment,Consumer,39.79,-0.0059955033724706785,-0.00578034682080919,0.016347381864623367,0.10681502086230865
2026-02-19,0027.HK,Galaxy Entertainment,Consumer,39.56,-0.00578034682080919,0.017947421638018213,-0.021518674251793213,0.08028399781540152
2026-02-20,0027.HK,Galaxy Entertainment,Consumer,40.27,0.017947421638018213,0.007946362056121092,0.02624872579001014,0.1099779492833517
2026-02-23,0027.HK,Galaxy Entertainment,Consumer,40.59,0.007946362056121092,0.013057403301305559,0.018314099347717105,0.15971428571428592
2026-02-24,0027.HK,Galaxy Entertainment,Consumer,41.12,0.013057403301305559,0.021887159533074074,0.045246568378240815,0.13060214462469077
2026-02-25,0027.HK,Galaxy Entertainment,Consumer,42.02,0.021887159533074074,-0.007139457401237559,0.028389623103279638,0.12053333333333338
2026-02-26,0027.HK,Galaxy Entertainment,Consumer,41.72,-0.007139457401237559,-0.013183125599232959,-0.02272194893417656,0.14489571899012077
2026-02-27,0027.HK,Galaxy Entertainment,Consumer,41.17,-0.013183125599232959,-0.023803740587806765,-0.019061234214915346,0.11240205349905441
2026-03-02,0027.HK,Galaxy Entertainment,Consumer,40.19,-0.023803740587806765,-0.018163722318984776,-0.030865686038099804,0.09778748975689688
2026-03-03,0027.HK,Galaxy Entertainment,Consumer,39.46,-0.018163722318984776,0.06614292954891021,-0.06669820245979186,0.07111834961997832
2026-03-04,0027.HK,Galaxy Entertainment,Consumer,42.07,0.06614292954891021,0.028048490610886656,0.0033388981636059967,0.13426799676462653
2026-03-05,0027.HK,Galaxy Entertainment,Consumer,43.25,0.028048490610886656,-0.029595375722543338,0.031973276067764234,0.17176916824708766
2026-03-06,0027.HK,Galaxy Entertainment,Consumer,41.97,-0.029595375722543338,-0.029306647605432334,0.0007153075822603494,0.1568357221609702
2026-03-09,0027.HK,Galaxy Entertainment,Consumer,40.74,-0.029306647605432334,0.011291114383897849,0.014189693801344383,0.1402183039462639
2026-03-10,0027.HK,Galaxy Entertainment,Consumer,41.2,0.011291114383897849,0.012378640776699035,0.025641025641025772,0.17647058823529416
2026-03-11,0027.HK,Galaxy Entertainment,Consumer,41.71,0.012378640776699035,0.012706784943658622,0.05408137477887287,0.2132053519488073
2026-03-12,0027.HK,Galaxy Entertainment,Consumer,42.24,0.012706784943658622,-0.005445075757575801,0.07892720306513423,0.23005241700640644
2026-03-13,0027.HK,Galaxy Entertainment,Consumer,42.01,-0.005445075757575801,-0.002380385622470893,0.03933696190004943,0.24253179532682623
2026-03-16,0027.HK,Galaxy Entertainment,Consumer,41.91,-0.002380385622470893,0.0076354092102124405,0.06641221374045791,0.220798135741334
2026-03-17,0027.HK,Galaxy Entertainment,Consumer,42.23,0.0076354092102124405,0.0023679848448969754,0.054958780914314165,0.1902480270574971
2026-03-18,0027.HK,Galaxy Entertainment,Consumer,42.33,0.0023679848448969754,-0.04913772738010869,0.0638351344558934,0.20804794520547953
2026-03-19,0027.HK,Galaxy Entertainment,Consumer,40.25,-0.04913772738010869,-0.004720496894409898,0.01744186046511631,0.1421679909194098
2026-03-20,0027.HK,Galaxy Entertainment,Consumer,40.06,-0.004720496894409898,-0.01872191712431348,-0.0052148000993295085,0.12401795735129073
2026-03-23,0027.HK,Galaxy Entertainment,Consumer,39.31,-0.01872191712431348,0.004324599338590529,-0.031534860803153486,0.0910352484041077
2026-03-24,0027.HK,Galaxy Entertainment,Consumer,39.48,0.004324599338590529,0.06686930091185417,-0.03988326848249024,0.09362880886426583
2026-03-25,0027.HK,Galaxy Entertainment,Consumer,42.12,0.06686930091185417,0.008547008547008517,0.002379819133745631,0.147371288477254
2026-03-26,0027.HK,Galaxy Entertainment,Consumer,42.48,0.008547008547008517,-0.006591337099811523,0.0182166826462129,0.1443965517241379
2026-03-27,0027.HK,Galaxy Entertainment,Consumer,42.2,-0.006591337099811523,0.020853080568720372,0.025018217148409017,0.16865134311824992
2026-03-30,0027.HK,Galaxy Entertainment,Consumer,43.08,0.020853080568720372,0.011142061281337101,0.07190843493406329,0.1700162954915807
2026-03-31,0027.HK,Galaxy Entertainment,Consumer,43.56,0.011142061281337101,0.009641873278236845,0.10390268626457178,0.15974440894568698
2026-04-01,0027.HK,Galaxy Entertainment,Consumer,43.98,0.009641873278236845,0.013869940882219378,0.045400522937960375,0.19057931781266912
2026-04-02,0027.HK,Galaxy Entertainment,Consumer,44.59,0.013869940882219378,0.0461986992599237,0.030982658959537668,0.20578691184424036
2026-04-03,0027.HK,Galaxy Entertainment,Consumer,46.65,0.0461986992599237,-0.024866023579849905,0.11150822015725526,0.2420127795527156
2026-04-06,0027.HK,Galaxy Entertainment,Consumer,45.49,-0.024866023579849905,0.010771598153440198,0.11659302896416301,0.21663546402781497
2026-04-07,0027.HK,Galaxy Entertainment,Consumer,45.98,0.010771598153440198,-0.020226185297955612,0.11601941747572808,0.20052219321148823
2026-04-08,0027.HK,Galaxy Entertainment,Consumer,45.05,-0.020226185297955612,0.012652608213096661,0.08007672021098045,0.11703446565831888
2026-04-09,0027.HK,Galaxy Entertainment,Consumer,45.62,0.012652608213096661,-0.019947391494958278,0.08001893939393923,0.15085771947527737
2026-04-10,0027.HK,Galaxy Entertainment,Consumer,44.71,-0.019947391494958278,-0.00894654439722653,0.06427041180671278,0.16341399947957336
2026-04-13,0027.HK,Galaxy Entertainment,Consumer,44.31,-0.00894654439722653,-0.006319115323854652,0.05726556907659286,0.1446654611211573
2026-04-14,0027.HK,Galaxy Entertainment,Consumer,44.03,-0.006319115323854652,0.02203043379513958,0.042623727208146,0.11921708185053381
2026-04-15,0027.HK,Galaxy Entertainment,Consumer,45.0,0.02203043379513958,0.020888888888888735,0.06307583274273565,0.149425287356322
2026-04-16,0027.HK,Galaxy Entertainment,Consumer,45.94,0.020888888888888735,-0.027427078798432647,0.1413664596273292,0.13628493692802368
2026-04-17,0027.HK,Galaxy Entertainment,Consumer,44.68,-0.027427078798432647,0.0015666965085048279,0.11532700948577124,0.1386340468909275
2026-04-20,0027.HK,Galaxy Entertainment,Consumer,44.75,0.0015666965085048279,-0.015418994413407772,0.13838717883490204,0.12267937782237825
2026-04-21,0027.HK,Galaxy Entertainment,Consumer,44.06,-0.015418994413407772,-0.027689514298683604,0.11600810536980766,0.11997966446365016
2026-04-22,0027.HK,Galaxy Entertainment,Consumer,42.84,-0.027689514298683604,-0.004435107376283942,0.017094017094017255,0.04845814977973584
2026-04-23,0027.HK,Galaxy Entertainment,Consumer,42.65,-0.004435107376283942,-0.006565064478311844,0.0040018832391715,-0.0009369875849144504
2026-04-24,0027.HK,Galaxy Entertainment,Consumer,42.37,-0.006565064478311844,0.054519707340099144,0.004028436018957304,0.009530617107457617
2026-04-27,0027.HK,Galaxy Entertainment,Consumer,44.68,0.054519707340099144,0.009847806624887934,0.03714020427112352,0.07740535326742215
2026-04-28,0027.HK,Galaxy Entertainment,Consumer,45.12,0.009847806624887934,-0.03014184397163122,0.03581267217630835,0.06717123935666969
2026-04-29,0027.HK,Galaxy Entertainment,Consumer,43.76,-0.03014184397163122,-0.012340036563071255,-0.005002273760800313,0.04364416885284994
2026-04-30,0027.HK,Galaxy Entertainment,Consumer,43.22,-0.012340036563071255,0.023137436372050013,-0.03072437766315328,0.03125745645430689
2026-05-01,0027.HK,Galaxy Entertainment,Consumer,44.22,0.023137436372050013,0.04681139755766628,-0.052090032154340826,0.05436337625178833
2026-05-04,0027.HK,Galaxy Entertainment,Consumer,46.29,0.04681139755766628,-0.03499675955930004,0.01758628269949436,0.15235250186706484
2026-05-05,0027.HK,Galaxy Entertainment,Consumer,44.67,-0.03499675955930004,-0.04141481978956796,-0.02849064810787294,0.11202389843166549
2026-05-06,0027.HK,Galaxy Entertainment,Consumer,42.82,-0.04141481978956796,0.0420364315740307,-0.049500554938956665,0.08213292898660596
2026-05-07,0027.HK,Galaxy Entertainment,Consumer,44.62,0.0420364315740307,0.008964589870013473,-0.02192021043402015,0.13971902937420166
2026-05-08,0027.HK,Galaxy Entertainment,Consumer,45.02,0.008964589870013473,,0.006933571907850711,0.11380504700643246
2025-09-01,0066.HK,MTR,Transport,25.27,,0.020577760189948613,,
2025-09-02,0066.HK,MTR,Transport,25.79,0.020577760189948613,-0.004652966265994429,,
2025-09-03,0066.HK,MTR,Transport,25.67,-0.004652966265994429,0.01090767432800921,,
2025-09-04,0066.HK,MTR,Transport,25.95,0.01090767432800921,0.044701348747591574,,
2025-09-05,0066.HK,MTR,Transport,27.11,0.044701348747591574,0.005164146071560349,,
2025-09-08,0066.HK,MTR,Transport,27.25,0.005164146071560349,-0.01834862385321101,,
2025-09-09,0066.HK,MTR,Transport,26.75,-0.01834862385321101,-0.006355140186915964,,
2025-09-10,0066.HK,MTR,Transport,26.58,-0.006355140186915964,-0.015801354401805856,,
2025-09-11,0066.HK,MTR,Transport,26.16,-0.015801354401805856,0.008792048929663565,,
2025-09-12,0066.HK,MTR,Transport,26.39,0.008792048929663565,-0.01591511936339529,,
2025-09-15,0066.HK,MTR,Transport,25.97,-0.01591511936339529,-0.009241432422025353,,
2025-09-16,0066.HK,MTR,Transport,25.73,-0.009241432422025353,-0.025650991061018313,,
2025-09-17,0066.HK,MTR,Transport,25.07,-0.025650991061018313,-0.0023932987634622815,,
2025-09-18,0066.HK,MTR,Transport,25.01,-0.0023932987634622815,0.0035985605757697936,,
2025-09-19,0066.HK,MTR,Transport,25.1,0.0035985605757697936,-0.05378486055776899,,
2025-09-22,0066.HK,MTR,Transport,23.75,-0.05378486055776899,0.005473684210526297,,
2025-09-23,0066.HK,MTR,Transport,23.88,0.005473684210526297,-0.0008375209380234727,,
2025-09-24,0066.HK,MTR,Transport,23.86,-0.0008375209380234727,-0.015088013411567402,,
2025-09-25,0066.HK,MTR,Transport,23.5,-0.015088013411567402,0.040851063829787204,,
2025-09-26,0066.HK,MTR,Transport,24.46,0.040851063829787204,0.019215044971381712,,
2025-09-29,0066.HK,MTR,Transport,24.93,0.019215044971381712,-0.02166064981949456,-0.01345468935496641,
2025-09-30,0066.HK,MTR,Transport,24.39,-0.02166064981949456,0.01681016810168101,-0.05428460643660327,
2025-10-01,0066.HK,MTR,Transport,24.8,0.01681016810168101,0.025000000000000133,-0.03389170237631478,
2025-10-02,0066.HK,MTR,Transport,25.42,0.025000000000000133,0.0027537372147914407,-0.020423892100192576,
2025-10-03,0066.HK,MTR,Transport,25.49,0.0027537372147914407,0.007453903491565272,-0.05975654739948366,
2025-10-06,0066.HK,MTR,Transport,25.68,0.007453903491565272,0.007009345794392496,-0.05761467889908256,
2025-10-07,0066.HK,MTR,Transport,25.86,0.007009345794392496,-0.0417633410672853,-0.03327102803738324,
2025-10-08,0066.HK,MTR,Transport,24.78,-0.0417633410672853,-0.003631961259079941,-0.0677200902934536,
2025-10-09,0066.HK,MTR,Transport,24.69,-0.003631961259079941,-0.0044552450384772735,-0.056192660550458684,
2025-10-10,0066.HK,MTR,Transport,24.58,-0.0044552450384772735,0.028478437754271946,-0.06858658582796517,
2025-10-13,0066.HK,MTR,Transport,25.28,0.028478437754271946,0.007120253164556889,-0.026569118213322973,
2025-10-14,0066.HK,MTR,Transport,25.46,0.007120253164556889,-0.005891594658287591,-0.010493587252234704,
2025-10-15,0066.HK,MTR,Transport,25.31,-0.005891594658287591,-0.001580403002765629,0.009573195053849126,
2025-10-16,0066.HK,MTR,Transport,25.27,-0.001580403002765629,0.020577760189948613,0.010395841663334515,
2025-10-17,0066.HK,MTR,Transport,25.79,0.020577760189948613,-0.003877471888328765,0.027490039840637248,
2025-10-20,0066.HK,MTR,Transport,25.69,-0.003877471888328765,-0.013623978201634968,0.0816842105263158,
2025-10-21,0066.HK,MTR,Transport,25.34,-0.013623978201634968,-0.0055248618784530246,0.06113902847571184,
2025-10-22,0066.HK,MTR,Transport,25.2,-0.0055248618784530246,0.01904761904761898,0.05616093880972328,
2025-10-23,0066.HK,MTR,Transport,25.68,0.01904761904761898,0.010124610591900396,0.09276595744680849,
2025-10-24,0066.HK,MTR,Transport,25.94,0.010124610591900396,0.0011565150346952713,0.06050695012264917,
2025-10-27,0066.HK,MTR,Transport,25.97,0.0011565150346952713,0.0038505968425106563,0.041716807059767325,
2025-10-28,0066.HK,MTR,Transport,26.07,0.0038505968425106563,-0.011123897199846522,0.06888068880688802,
2025-10-29,0066.HK,MTR,Transport,25.78,-0.011123897199846522,-0.0038789759503491394,0.039516129032258096,
2025-10-30,0066.HK,MTR,Transport,25.68,-0.0038789759503491394,-0.012850467289719614,0.010228166797797034,
2025-10-31,0066.HK,MTR,Transport,25.35,-0.012850467289719614,-0.00591715976331364,-0.005492349941153329,
2025-11-03,0066.HK,MTR,Transport,25.2,-0.00591715976331364,0.026984126984126888,-0.01869158878504673,
2025-11-04,0066.HK,MTR,Transport,25.88,0.026984126984126888,-0.021251931993817696,0.0007733952049497894,
2025-11-05,0066.HK,MTR,Transport,25.33,-0.021251931993817696,-0.013817607579944657,0.022195318805488196,
2025-11-06,0066.HK,MTR,Transport,24.98,-0.013817607579944657,-0.02481985588470781,0.01174564601053052,
2025-11-07,0066.HK,MTR,Transport,24.36,-0.02481985588470781,-0.029146141215106725,-0.008950366151342481,
2025-11-10,0066.HK,MTR,Transport,23.65,-0.029146141215106725,-0.0038054968287526414,-0.06447784810126589,
2025-11-11,0066.HK,MTR,Transport,23.56,-0.0038054968287526414,-0.012308998302207108,-0.0746268656716419,
2025-11-12,0066.HK,MTR,Transport,23.27,-0.012308998302207108,0.03566824237215305,-0.08060055314105097,
2025-11-13,0066.HK,MTR,Transport,24.1,0.03566824237215305,-0.0058091286307053736,-0.04629996042738416,
2025-11-14,0066.HK,MTR,Transport,23.96,-0.0058091286307053736,0.026293823038397335,-0.07095773555641716,
2025-11-17,0066.HK,MTR,Transport,24.59,0.026293823038397335,0.019520130134200953,-0.04281821720513823,
2025-11-18,0066.HK,MTR,Transport,25.07,0.019520130134200953,-0.0043877143996808865,-0.010655090765588016,
2025-11-19,0066.HK,MTR,Transport,24.96,-0.0043877143996808865,0.04246794871794868,-0.00952380952380949,
2025-11-20,0066.HK,MTR,Transport,26.02,0.04246794871794868,0.005380476556495095,0.013239875389408073,
2025-11-21,0066.HK,MTR,Transport,26.16,0.005380476556495095,0.030581039755351647,0.008481110254433322,
2025-11-24,0066.HK,MTR,Transport,26.96,0.030581039755351647,0.028189910979228516,0.03812090874085494,0.06687772061733277
2025-11-25,0066.HK,MTR,Transport,27.72,0.028189910979228516,0.008297258297258248,0.06329113924050622,0.07483520744474603
2025-11-26,0066.HK,MTR,Transport,27.95,0.008297258297258248,0.015026833631484937,0.08417377812257554,0.08881963381379032
2025-11-27,0066.HK,MTR,Transport,28.37,0.015026833631484937,0.012689460697920207,0.10475077881619943,0.09325626204238935
2025-11-28,0066.HK,MTR,Transport,28.73,0.012689460697920207,-0.022624434389140302,0.1333333333333333,0.05975654739948366
2025-12-01,0066.HK,MTR,Transport,28.08,-0.022624434389140302,0.0014245014245015675,0.11428571428571432,0.030458715596330288
2025-12-02,0066.HK,MTR,Transport,28.12,0.0014245014245015675,0.021337126600284417,0.08655332302936647,0.051214953271027985
2025-12-03,0066.HK,MTR,Transport,28.72,0.021337126600284417,0.03064066852367686,0.13383339913146464,0.08051166290443956
2025-12-04,0066.HK,MTR,Transport,29.6,0.03064066852367686,-0.01418918918918921,0.1849479583666933,0.13149847094801226
2025-12-05,0066.HK,MTR,Transport,29.18,-0.01418918918918921,0.010623714873200685,0.19786535303776676,0.10572186434255393
2025-12-08,0066.HK,MTR,Transport,29.49,0.010623714873200685,0.003390979993218135,0.24693446088794935,0.13554100885637266
2025-12-09,0066.HK,MTR,Transport,29.59,0.003390979993218135,-0.002365664075701268,0.25594227504244493,0.15001943256898564
2025-12-10,0066.HK,MTR,Transport,29.52,-0.002365664075701268,0.007452574525745215,0.26858616244091116,0.1775029916234543
2025-12-11,0066.HK,MTR,Transport,29.74,0.007452574525745215,0.0043712172158709706,0.23402489626556,0.18912435025989582
2025-12-12,0066.HK,MTR,Transport,29.87,0.0043712172158709706,0.011047874121191681,0.246661101836394,0.19003984063745016
2025-12-15,0066.HK,MTR,Transport,30.2,0.011047874121191681,0.028807947019867663,0.22814152094347295,0.2715789473684209
2025-12-16,0066.HK,MTR,Transport,31.07,0.028807947019867663,0.015770840038622502,0.2393298763462306,0.3010887772194306
2025-12-17,0066.HK,MTR,Transport,31.56,0.015770840038622502,0.006337135614702172,0.26442307692307687,0.32271584241408213
2025-12-18,0066.HK,MTR,Transport,31.76,0.006337135614702172,0.03746851385390437,0.22059953881629535,0.35148936170212774
2025-12-19,0066.HK,MTR,Transport,32.95,0.03746851385390437,0.02245827010622148,0.25955657492354756,0.3470973017170893
2025-12-22,0066.HK,MTR,Transport,33.69,0.02245827010622148,-0.0017809439002669514,0.24962908011869422,0.3513838748495788
2025-12-23,0066.HK,MTR,Transport,33.63,-0.0017809439002669514,-0.02408563782337203,0.2132034632034634,0.37884378843788435
2025-12-24,0066.HK,MTR,Transport,32.82,-0.02408563782337203,-0.01980499695307736,0.17423971377459746,0.3233870967741934
2025-12-25,0066.HK,MTR,Transport,32.17,-0.01980499695307736,0.018961765620143067,0.13394430736693685,0.26553894571203784
2025-12-26,0066.HK,MTR,Transport,32.78,0.018961765620143067,-0.012507626601586441,0.14096762965541254,0.28599450765005896
2025-12-29,0066.HK,MTR,Transport,32.37,-0.012507626601586441,-0.02008032128514048,0.15277777777777768,0.26051401869158863
2025-12-30,0066.HK,MTR,Transport,31.72,-0.02008032128514048,-0.01481715006305162,0.12802275960170695,0.22660479505027076
2025-12-31,0066.HK,MTR,Transport,31.25,-0.01481715006305162,-0.013759999999999994,0.08809192200557114,0.2610976594027441
2026-01-01,0066.HK,MTR,Transport,30.82,-0.013759999999999994,0.017196625567813095,0.041216216216216184,0.24827865532604299
2026-01-02,0066.HK,MTR,Transport,31.35,0.017196625567813095,-0.002870813397129135,0.0743660041124059,0.2754271765663143
2026-01-05,0066.HK,MTR,Transport,31.26,-0.002870813397129135,-0.02751119641714661,0.060020345879959525,0.23655063291139244
2026-01-06,0066.HK,MTR,Transport,30.4,-0.02751119641714661,0.0009868421052632304,0.027374112875971468,0.19402985074626855
2026-01-07,0066.HK,MTR,Transport,30.43,0.0009868421052632304,0.0042720999014129735,0.03082655826558267,0.2022915843540103
2026-01-08,0066.HK,MTR,Transport,30.56,0.0042720999014129735,-0.009162303664921434,0.027572293207800858,0.20933913731697662
2026-01-09,0066.HK,MTR,Transport,30.28,-0.009162303664921434,0.023117569352707923,0.013726146635420156,0.1740984877859637
2026-01-12,0066.HK,MTR,Transport,30.98,0.023117569352707923,-0.008392511297611427,0.025827814569536534,0.2059166991047099
2026-01-13,0066.HK,MTR,Transport,30.72,-0.008392511297611427,0.0224609375,-0.011264885741873232,0.2123125493291238
2026-01-14,0066.HK,MTR,Transport,31.41,0.0224609375,0.012098057943330076,-0.004752851711026573,0.24642857142857144
2026-01-15,0066.HK,MTR,Transport,31.79,0.012098057943330076,0.018559295375904394,0.0009445843828714828,0.2379283489096573
2026-01-16,0066.HK,MTR,Transport,32.38,0.018559295375904394,-0.02192711550339721,-0.01729893778452196,0.24826522744795687
2026-01-19,0066.HK,MTR,Transport,31.67,-0.02192711550339721,0.0022102936532995,-0.059958444642327025,0.21948402002310363
2026-01-20,0066.HK,MTR,Transport,31.74,0.0022102936532995,-0.000945179584120881,-0.05619982158786807,0.2174913693901035
2026-01-21,0066.HK,MTR,Transport,31.71,-0.000945179584120881,-0.02838221381267747,-0.03382084095063986,0.23002327385570198
2026-01-22,0066.HK,MTR,Transport,30.81,-0.02838221381267747,0.022395326192794496,-0.0422754118744173,0.19976635514018692
2026-01-23,0066.HK,MTR,Transport,31.5,0.022395326192794496,-0.0161904761904762,-0.0390482001220257,0.2426035502958579
2026-01-26,0066.HK,MTR,Transport,30.99,-0.0161904761904762,-0.011939335269441687,-0.04263206672845221,0.22976190476190483
2026-01-27,0066.HK,MTR,Transport,30.62,-0.011939335269441687,-0.020248203788373664,-0.03467843631778056,0.18315301391035566
2026-01-28,0066.HK,MTR,Transport,30.0,-0.020248203788373664,0.014000000000000012,-0.040000000000000036,0.18436636399526263
2026-01-29,0066.HK,MTR,Transport,30.42,0.014000000000000012,-0.030243261012491862,-0.01297858533419849,0.21777421937550034
2026-01-30,0066.HK,MTR,Transport,29.5,-0.030243261012491862,0.012542372881356068,-0.05901116427432218,0.21100164203612493
2026-02-02,0066.HK,MTR,Transport,29.87,0.012542372881356068,0.021091396049548017,-0.04446577095329496,0.26300211416490504
2026-02-03,0066.HK,MTR,Transport,30.5,0.021091396049548017,0.01081967213114754,0.00328947368421062,0.29456706281833633
2026-02-04,0066.HK,MTR,Transport,30.83,0.01081967213114754,0.014271813168991176,0.013144922773578704,0.3248818220885259
2026-02-05,0066.HK,MTR,Transport,31.27,0.014271813168991176,0.01535017588743215,0.02323298429319376,0.29751037344398323
2026-02-06,0066.HK,MTR,Transport,31.75,0.01535017588743215,-0.018897637795275646,0.04854689564068693,0.32512520868113515
2026-02-09,0066.HK,MTR,Transport,31.15,-0.018897637795275646,0.028892455858748,0.0054874112330536295,0.26677511183407887
2026-02-10,0066.HK,MTR,Transport,32.05,0.028892455858748,-0.009048361934477223,0.04329427083333326,0.2784204228161147
2026-02-11,0066.HK,MTR,Transport,31.76,-0.009048361934477223,-0.0012594458438287548,0.011142948105698824,0.27243589743589736
2026-02-12,0066.HK,MTR,Transport,31.72,-0.0012594458438287548,-0.006305170239596425,-0.002201950298836075,0.2190622598001537
2026-02-13,0066.HK,MTR,Transport,31.52,-0.006305170239596425,0.009835025380710682,-0.02655960469425578,0.2048929663608563
2026-02-16,0066.HK,MTR,Transport,31.83,0.009835025380710682,-0.01068174677976752,0.005052099778970476,0.1806379821958457
2026-02-17,0066.HK,MTR,Transport,31.49,-0.01068174677976752,0.0015878056525882034,-0.007876496534341526,0.1360028860028859
2026-02-18,0066.HK,MTR,Transport,31.54,0.0015878056525882034,-0.02441344324667083,-0.0053610848312836135,0.12844364937388186
2026-02-19,0066.HK,MTR,Transport,30.77,-0.02441344324667083,0.023399415014624614,-0.0012982797792924217,0.08459640465280227
2026-02-20,0066.HK,MTR,Transport,31.49,0.023399415014624614,0.013337567481740198,-0.00031746031746038295,0.09606682909850317
2026-02-23,0066.HK,MTR,Transport,31.91,0.013337567481740198,-0.0056408649326229465,0.02968699580509848,0.13639601139601143
2026-02-24,0066.HK,MTR,Transport,31.73,-0.0056408649326229465,-0.009139615505830423,0.03625081645983008,0.1283783783783783
2026-02-25,0066.HK,MTR,Transport,31.44,-0.009139615505830423,0.013040712468193494,0.04800000000000004,0.09470752089136503
2026-02-26,0066.HK,MTR,Transport,31.85,0.013040712468193494,-0.014128728414442793,0.047008547008547064,0.0760135135135136
2026-02-27,0066.HK,MTR,Transport,31.4,-0.014128728414442793,0.002547770700636942,0.06440677966101682,0.07607950651130913
2026-03-02,0066.HK,MTR,Transport,31.48,0.002547770700636942,0.023506988564167663,0.053900234348845055,0.06748050186503907
2026-03-03,0066.HK,MTR,Transport,32.22,0.023506988564167663,-0.01613904407200495,0.05639344262295087,0.088881378844204
2026-03-04,0066.HK,MTR,Transport,31.7,-0.01613904407200495,0.007570977917981114,0.0282192669477781,0.07384823848238486
2026-03-05,0066.HK,MTR,Transport,31.94,0.007570977917981114,0.006574827802128924,0.021426287176207204,0.07397444519166108
2026-03-06,0066.HK,MTR,Transport,32.15,0.006574827802128924,-0.0018662519440122427,0.012598425196850283,0.07633076665550709
2026-03-09,0066.HK,MTR,Transport,32.09,-0.0018662519440122427,-0.009971953879713391,0.030176565008025902,0.06258278145695373
2026-03-10,0066.HK,MTR,Transport,31.77,-0.009971953879713391,0.02455146364494798,-0.008736349453978054,0.022529771483746464
2026-03-11,0066.HK,MTR,Transport,32.55,0.02455146364494798,-0.011981566820276512,0.024874055415617047,0.03136882129277563
2026-03-12,0066.HK,MTR,Transport,32.16,-0.011981566820276512,-0.036069651741293396,0.013871374527112179,0.012594458438287104
2026-03-13,0066.HK,MTR,Transport,31.0,-0.036069651741293396,0.012903225806451646,-0.016497461928933976,-0.05918057663125953
2026-03-16,0066.HK,MTR,Transport,31.4,0.012903225806451646,-0.023885350318471388,-0.013509267986176576,-0.0679726921935292
2026-03-17,0066.HK,MTR,Transport,30.65,-0.023885350318471388,0.014029363784665572,-0.026675134963480507,-0.08861135890573901
2026-03-18,0066.HK,MTR,Transport,31.08,0.014029363784665572,0.02670527670527667,-0.014584654407102104,-0.05301645338208416
2026-03-19,0066.HK,MTR,Transport,31.91,0.02670527670527667,0.012848636790974588,0.037049073773155694,-0.00808206403481504
2026-03-20,0066.HK,MTR,Transport,32.32,0.012848636790974588,0.021658415841584233,0.02635757383296289,-0.01403294691885304
2026-03-23,0066.HK,MTR,Transport,33.02,0.021658415841584233,0.04058146577831612,0.03478533375117521,0.020080321285140812
2026-03-24,0066.HK,MTR,Transport,34.36,0.04058146577831612,0.01949941792782317,0.08288685786322092,0.08322824716267352
2026-03-25,0066.HK,MTR,Transport,35.03,0.01949941792782317,0.006565800742220906,0.11418575063613234,0.12095999999999996
2026-03-26,0066.HK,MTR,Transport,35.26,0.006565800742220906,0.03289846851956901,0.10706436420722132,0.14406229720960417
2026-03-27,0066.HK,MTR,Transport,36.42,0.03289846851956901,0.0351455244371226,0.15987261146496823,0.1617224880382775
2026-03-30,0066.HK,MTR,Transport,37.7,0.0351455244371226,0.0355437665782492,0.19758576874205858,0.20601407549584128
2026-03-31,0066.HK,MTR,Transport,39.04,0.0355437665782492,-0.009733606557377095,0.21166977032898826,0.28421052631578947
2026-04-01,0066.HK,MTR,Transport,38.66,-0.009733606557377095,-0.02690118986032075,0.21955835962145098,0.2704567860663818
2026-04-02,0066.HK,MTR,Transport,37.62,-0.02690118986032075,-0.010898458266879185,0.17783343769567916,0.2310209424083769
2026-04-03,0066.HK,MTR,Transport,37.21,-0.010898458266879185,0.014243482934694907,0.1573872472783826,0.2288639365918097
2026-04-06,0066.HK,MTR,Transport,37.74,0.014243482934694907,0.0031796502384737746,0.17606731068868808,0.21820529373789554
2026-04-07,0066.HK,MTR,Transport,37.86,0.0031796502384737746,-0.003961965134706813,0.19169027384324844,0.232421875
2026-04-08,0066.HK,MTR,Transport,37.71,-0.003961965134706813,0.011402810925484008,0.15852534562211984,0.20057306590257884
2026-04-09,0066.HK,MTR,Transport,38.14,0.011402810925484008,-0.029365495542737263,0.185945273631841,0.19974834853727597
2026-04-10,0066.HK,MTR,Transport,37.02,-0.029365495542737263,0.0029713668287412176,0.1941935483870969,0.14329833230389122
2026-04-13,0066.HK,MTR,Transport,37.13,0.0029713668287412176,0.02262321572852133,0.18248407643312126,0.17240290495737298
2026-04-14,0066.HK,MTR,Transport,37.97,0.02262321572852133,0.011061364234922433,0.23882544861337696,0.19628229363579086
2026-04-15,0066.HK,MTR,Transport,38.39,0.011061364234922433,0.014066163063297665,0.2351994851994852,0.21065909807631655
2026-04-16,0066.HK,MTR,Transport,38.93,0.014066163063297665,0.03210891343436928,0.21999373237229713,0.26355079519636493
2026-04-17,0066.HK,MTR,Transport,40.18,0.03210891343436928,-0.00124440019910399,0.24319306930693063,0.27555555555555555
2026-04-20,0066.HK,MTR,Transport,40.13,-0.00124440019910399,-0.012957886867680068,0.2153240460327075,0.29493384962891267
2026-04-21,0066.HK,MTR,Transport,39.61,-0.012957886867680068,0.023983842464024407,0.15279394644935973,0.2935989549314173
2026-04-22,0066.HK,MTR,Transport,40.56,0.023983842464024407,0.02366863905325456,0.15786468741079074,0.3520000000000001
2026-04-23,0066.HK,MTR,Transport,41.52,0.02366863905325456,0.011319845857418187,0.17753828701077734,0.36489151873767267
2026-04-24,0066.HK,MTR,Transport,41.99,0.011319845857418187,-0.003095975232198178,0.15293794618341572,0.4233898305084747
2026-04-27,0066.HK,MTR,Transport,41.86,-0.003095975232198178,0.0,0.1103448275862069,0.4014060930699699
2026-04-28,0066.HK,MTR,Transport,41.86,0.0,-0.02532250358337318,0.07223360655737698,0.3724590163934427
2026-04-29,0066.HK,MTR,Transport,40.8,-0.02532250358337318,0.022303921568627594,0.055354371443352424,0.32338631203373325
2026-04-30,0066.HK,MTR,Transport,41.71,0.022303921568627594,0.021817309997602452,0.10871876661350366,0.33386632555164697
2026-05-01,0066.HK,MTR,Transport,42.62,0.021817309997602452,-0.026044110746128557,0.1453910239183014,0.34236220472440926
2026-05-04,0066.HK,MTR,Transport,41.51,-0.026044110746128557,0.017345218019754194,0.09989401165871747,0.3325842696629213
2026-05-05,0066.HK,MTR,Transport,42.23,0.017345218019754194,0.008287946957139525,0.11542525092445843,0.31762870514820585
2026-05-06,0066.HK,MTR,Transport,42.58,0.008287946957139525,-0.0201972757162987,0.12914346327234139,0.34068010075566746
2026-05-07,0066.HK,MTR,Transport,41.72,-0.0201972757162987,-0.023969319271332723,0.09386470896696375,0.31525851197982346
2026-05-08,0066.HK,MTR,Transport,40.72,-0.023969319271332723,,0.09994597514856829,0.2918781725888324
2025-09-01,0175.HK,Geely,Automotive,15.7,,-0.01146496815286624,,
2025-09-02,0175.HK,Geely,Automotive,15.52,-0.01146496815286624,-0.0077319587628865705,,
2025-09-03,0175.HK,Geely,Automotive,15.4,-0.0077319587628865705,0.008441558441558472,,
2025-09-04,0175.HK,Geely,Automotive,15.53,0.008441558441558472,0.03670315518351597,,
2025-09-05,0175.HK,Geely,Automotive,16.1,0.03670315518351597,0.020496894409937738,,
2025-09-08,0175.HK,Geely,Automotive,16.43,0.020496894409937738,0.01034692635423018,,
2025-09-09,0175.HK,Geely,Automotive,16.6,0.01034692635423018,0.011445783132530085,,
2025-09-10,0175.HK,Geely,Automotive,16.79,0.011445783132530085,0.001191185229303171,,
2025-09-11,0175.HK,Geely,Automotive,16.81,0.001191185229303171,0.013682331945270798,,
2025-09-12,0175.HK,Geely,Automotive,17.04,0.013682331945270798,-0.05868544600938963,,
2025-09-15,0175.HK,Geely,Automotive,16.04,-0.05868544600938963,-0.006234413965087282,,
2025-09-16,0175.HK,Geely,Automotive,15.94,-0.006234413965087282,0.006273525721455453,,
2025-09-17,0175.HK,Geely,Automotive,16.04,0.006273525721455453,-0.026184538653366562,,
2025-09-18,0175.HK,Geely,Automotive,15.62,-0.026184538653366562,0.009603072983354721,,
2025-09-19,0175.HK,Geely,Automotive,15.77,0.009603072983354721,-0.00443880786303108,,
2025-09-22,0175.HK,Geely,Automotive,15.7,-0.00443880786303108,0.04140127388535042,,
2025-09-23,0175.HK,Geely,Automotive,16.35,0.04140127388535042,0.037308868501529036,,
2025-09-24,0175.HK,Geely,Automotive,16.96,0.037308868501529036,-0.010613207547169767,,
2025-09-25,0175.HK,Geely,Automotive,16.78,-0.010613207547169767,-0.0029797377830751426,,
2025-09-26,0175.HK,Geely,Automotive,16.73,-0.0029797377830751426,-0.001195457262402888,,
2025-09-29,0175.HK,Geely,Automotive,16.71,-0.001195457262402888,-0.010173548773189767,0.0643312101910829,
2025-09-30,0175.HK,Geely,Automotive,16.54,-0.010173548773189767,0.0054413542926239344,0.06572164948453607,
2025-10-01,0175.HK,Geely,Automotive,16.63,0.0054413542926239344,-0.01743836440168367,0.07987012987012987,
2025-10-02,0175.HK,Geely,Automotive,16.34,-0.01743836440168367,-0.025703794369644983,0.05215711526078559,
2025-10-03,0175.HK,Geely,Automotive,15.92,-0.025703794369644983,0.015075376884422065,-0.011180124223602594,
2025-10-06,0175.HK,Geely,Automotive,16.16,0.015075376884422065,0.014851485148514865,-0.016433353621424174,
2025-10-07,0175.HK,Geely,Automotive,16.4,0.014851485148514865,-0.017682926829268197,-0.012048192771084487,
2025-10-08,0175.HK,Geely,Automotive,16.11,-0.017682926829268197,0.02110490378646812,-0.04050029779630726,
2025-10-09,0175.HK,Geely,Automotive,16.45,0.02110490378646812,-0.013981762917933183,-0.021415823914336718,
2025-10-10,0175.HK,Geely,Automotive,16.22,-0.013981762917933183,0.006165228113440335,-0.0481220657276995,
2025-10-13,0175.HK,Geely,Automotive,16.32,0.006165228113440335,0.019607843137254832,0.017456359102244523,
2025-10-14,0175.HK,Geely,Automotive,16.64,0.019607843137254832,-0.0006009615384616751,0.04391468005018817,
2025-10-15,0175.HK,Geely,Automotive,16.63,-0.0006009615384616751,0.011425135297654876,0.036783042394014975,
2025-10-16,0175.HK,Geely,Automotive,16.82,0.011425135297654876,-0.011296076099881147,0.07682458386683755,
2025-10-17,0175.HK,Geely,Automotive,16.63,-0.011296076099881147,-0.004209260372820212,0.054533925174381714,
2025-10-20,0175.HK,Geely,Automotive,16.56,-0.004209260372820212,-0.004227053140096637,0.054777070063694255,
2025-10-21,0175.HK,Geely,Automotive,16.49,-0.004227053140096637,-0.016979987871437063,0.008562691131498212,
2025-10-22,0175.HK,Geely,Automotive,16.21,-0.016979987871437063,-0.0037014188772364065,-0.04422169811320753,
2025-10-23,0175.HK,Geely,Automotive,16.15,-0.0037014188772364065,-0.0352941176470587,-0.037544696066746264,
2025-10-24,0175.HK,Geely,Automotive,15.58,-0.0352941176470587,-0.010911424903722766,-0.06873879258816495,
2025-10-27,0175.HK,Geely,Automotive,15.41,-0.010911424903722766,-0.0064892926670993,-0.07779772591262724,
2025-10-28,0175.HK,Geely,Automotive,15.31,-0.0064892926670993,-0.0052253429131287055,-0.07436517533252718,
2025-10-29,0175.HK,Geely,Automotive,15.23,-0.0052253429131287055,-0.005252790544977071,-0.08418520745640401,
2025-10-30,0175.HK,Geely,Automotive,15.15,-0.005252790544977071,-0.0006600660066006236,-0.0728274173806609,
2025-10-31,0175.HK,Geely,Automotive,15.14,-0.0006600660066006236,0.011228533685601061,-0.048994974874371766,
2025-11-03,0175.HK,Geely,Automotive,15.31,0.011228533685601061,0.020901371652514822,-0.05259900990099009,
2025-11-04,0175.HK,Geely,Automotive,15.63,0.020901371652514822,-0.014075495841330832,-0.04695121951219494,
2025-11-05,0175.HK,Geely,Automotive,15.41,-0.014075495841330832,-0.02790395846852689,-0.043451272501551785,
2025-11-06,0175.HK,Geely,Automotive,14.98,-0.02790395846852689,-0.02336448598130836,-0.08936170212765948,
2025-11-07,0175.HK,Geely,Automotive,14.63,-0.02336448598130836,-0.010936431989063577,-0.09802712700369898,
2025-11-10,0175.HK,Geely,Automotive,14.47,-0.010936431989063577,-0.007601935038009766,-0.11335784313725483,
2025-11-11,0175.HK,Geely,Automotive,14.36,-0.007601935038009766,-0.017409470752089096,-0.13701923076923084,
2025-11-12,0175.HK,Geely,Automotive,14.11,-0.017409470752089096,-0.029766123316796622,-0.1515333734215274,
2025-11-13,0175.HK,Geely,Automotive,13.69,-0.029766123316796622,-0.010226442658874957,-0.1860879904875149,
2025-11-14,0175.HK,Geely,Automotive,13.55,-0.010226442658874957,0.0044280442804427445,-0.18520745640408887,
2025-11-17,0175.HK,Geely,Automotive,13.61,0.0044280442804427445,0.014695077149155189,-0.1781400966183575,
2025-11-18,0175.HK,Geely,Automotive,13.81,0.014695077149155189,-0.012309920347574166,-0.16252274105518483,
2025-11-19,0175.HK,Geely,Automotive,13.64,-0.012309920347574166,-0.009530791788856408,-0.1585441085749537,
2025-11-20,0175.HK,Geely,Automotive,13.51,-0.009530791788856408,-0.020725388601036232,-0.16346749226006185,
2025-11-21,0175.HK,Geely,Automotive,13.23,-0.020725388601036232,0.0,-0.15083440308087293,
2025-11-24,0175.HK,Geely,Automotive,13.23,0.0,-0.019652305366591016,-0.14146658014276436,-0.15732484076433118
2025-11-25,0175.HK,Geely,Automotive,12.97,-0.019652305366591016,0.013878180416345476,-0.15284128020901366,-0.16430412371134018
2025-11-26,0175.HK,Geely,Automotive,13.15,0.013878180416345476,-0.04106463878327005,-0.1365725541694025,-0.14610389610389607
2025-11-27,0175.HK,Geely,Automotive,12.61,-0.04106463878327005,-0.007930214115781098,-0.16765676567656773,-0.18802318094011594
2025-11-28,0175.HK,Geely,Automotive,12.51,-0.007930214115781098,0.007993605115907298,-0.17371202113606343,-0.2229813664596274
2025-12-01,0175.HK,Geely,Automotive,12.61,0.007993605115907298,0.004758128469468659,-0.17635532331809278,-0.2325015216068168
2025-12-02,0175.HK,Geely,Automotive,12.67,0.004758128469468659,0.06314127861089203,-0.18937939859245045,-0.23674698795180726
2025-12-03,0175.HK,Geely,Automotive,13.47,0.06314127861089203,0.008166295471417895,-0.12589227774172607,-0.19773674806432395
2025-12-04,0175.HK,Geely,Automotive,13.58,0.008166295471417895,-0.022827687776141414,-0.09345794392523366,-0.19214753123140982
2025-12-05,0175.HK,Geely,Automotive,13.27,-0.022827687776141414,-0.0015071590052749828,-0.09295967190704035,-0.221244131455399
2025-12-08,0175.HK,Geely,Automotive,13.25,-0.0015071590052749828,-0.04075471698113198,-0.08431237042156192,-0.17394014962593507
2025-12-09,0175.HK,Geely,Automotive,12.71,-0.04075471698113198,-0.0015735641227381247,-0.11490250696378823,-0.20263488080301117
2025-12-10,0175.HK,Geely,Automotive,12.69,-0.0015735641227381247,-0.01891252955082745,-0.1006378454996456,-0.2088528678304239
2025-12-11,0175.HK,Geely,Automotive,12.45,-0.01891252955082745,0.02168674698795181,-0.09057706355003659,-0.20294494238156213
2025-12-12,0175.HK,Geely,Automotive,12.72,0.02168674698795181,-0.011792452830188704,-0.06125461254612541,-0.19340519974635373
2025-12-15,0175.HK,Geely,Automotive,12.57,-0.011792452830188704,-0.0023866348448687846,-0.07641440117560616,-0.19936305732484072
2025-12-16,0175.HK,Geely,Automotive,12.54,-0.0023866348448687846,-0.014354066985645897,-0.09196234612599574,-0.23302752293577988
2025-12-17,0175.HK,Geely,Automotive,12.36,-0.014354066985645897,0.04126213592233019,-0.09384164222873903,-0.27122641509433965
2025-12-18,0175.HK,Geely,Automotive,12.87,0.04126213592233019,-0.006993006993006978,-0.04737231680236864,-0.2330154946364721
2025-12-19,0175.HK,Geely,Automotive,12.78,-0.006993006993006978,0.04303599374021916,-0.03401360544217691,-0.23610280932456673
2025-12-22,0175.HK,Geely,Automotive,13.33,0.04303599374021916,0.019504876219054834,0.0075585789871503994,-0.2022740873728307
2025-12-23,0175.HK,Geely,Automotive,13.59,0.019504876219054834,0.011773362766740236,0.04780262143407854,-0.17835550181378468
2025-12-24,0175.HK,Geely,Automotive,13.75,0.011773362766740236,0.008727272727272695,0.04562737642585546,-0.17318099819603117
2025-12-25,0175.HK,Geely,Automotive,13.87,0.008727272727272695,0.010093727469358438,0.09992069785884228,-0.15116279069767447
2025-12-26,0175.HK,Geely,Automotive,14.01,0.010093727469358438,-0.04425410421127762,0.11990407673860903,-0.11997487437185927
2025-12-29,0175.HK,Geely,Automotive,13.39,-0.04425410421127762,-0.005974607916355512,0.061855670103092786,-0.1714108910891089
2025-12-30,0175.HK,Geely,Automotive,13.31,-0.005974607916355512,0.019534184823440937,0.05051302288871362,-0.1884146341463414
2025-12-31,0175.HK,Geely,Automotive,13.57,0.019534184823440937,0.0,0.007423904974016349,-0.1576660459342023
2026-01-01,0175.HK,Geely,Automotive,13.57,0.0,-0.032424465733234986,-0.0007363770250368162,-0.17507598784194522
2026-01-02,0175.HK,Geely,Automotive,13.13,-0.032424465733234986,-0.0007616146230008392,-0.010550113036925324,-0.190505548705302
2026-01-05,0175.HK,Geely,Automotive,13.12,-0.0007616146230008392,0.04039634146341475,-0.009811320754717023,-0.1960784313725491
2026-01-06,0175.HK,Geely,Automotive,13.65,0.04039634146341475,0.029304029304029422,0.07395751376868609,-0.1796875
2026-01-07,0175.HK,Geely,Automotive,14.05,0.029304029304029422,-0.000711743772242146,0.10717100078802222,-0.15514131088394456
2026-01-08,0175.HK,Geely,Automotive,14.04,-0.000711743772242146,0.02279202279202286,0.12771084337349392,-0.1652794292508919
2026-01-09,0175.HK,Geely,Automotive,14.36,0.02279202279202286,-0.00835654596100277,0.12893081761006275,-0.13650030066145513
2026-01-12,0175.HK,Geely,Automotive,14.24,-0.00835654596100277,-0.0393258426966292,0.13285600636435957,-0.14009661835748788
2026-01-13,0175.HK,Geely,Automotive,13.68,-0.0393258426966292,-0.02119883040935666,0.09090909090909105,-0.1704063068526379
2026-01-14,0175.HK,Geely,Automotive,13.39,-0.02119883040935666,0.03734129947722176,0.08333333333333348,-0.1739666872301049
2026-01-15,0175.HK,Geely,Automotive,13.89,0.03734129947722176,-0.005759539236861011,0.07925407925407946,-0.13993808049535594
2026-01-16,0175.HK,Geely,Automotive,13.81,-0.005759539236861011,-0.005068790731354134,0.08059467918622865,-0.11360718870346598
2026-01-19,0175.HK,Geely,Automotive,13.74,-0.005068790731354134,-0.0065502183406113135,0.030757689422355572,-0.10837118754055808
2026-01-20,0175.HK,Geely,Automotive,13.65,-0.0065502183406113135,0.04468864468864475,0.004415011037527616,-0.10842586544741994
2026-01-21,0175.HK,Geely,Automotive,14.26,0.04468864468864475,0.03856942496493687,0.03709090909090906,-0.06369008535784637
2026-01-22,0175.HK,Geely,Automotive,14.81,0.03856942496493687,0.051991897366644224,0.06777217015140602,-0.022442244224422425
2026-01-23,0175.HK,Geely,Automotive,15.58,0.051991897366644224,-0.003209242618742003,0.11206281227694515,0.029062087186261465
2026-01-26,0175.HK,Geely,Automotive,15.53,-0.003209242618742003,0.007083065035415448,0.15982076176250914,0.01436969301110369
2026-01-27,0175.HK,Geely,Automotive,15.64,0.007083065035415448,-0.034526854219948944,0.17505634861006758,0.000639795265515053
2026-01-28,0175.HK,Geely,Automotive,15.1,-0.034526854219948944,0.035099337748344395,0.11274871039056733,-0.020116807268007797
2026-01-29,0175.HK,Geely,Automotive,15.63,0.035099337748344395,-0.026871401151631447,0.15180545320560057,0.04339118825100141
2026-01-30,0175.HK,Geely,Automotive,15.21,-0.026871401151631447,0.005259697567389754,0.15841584158415833,0.03964456596035548
2026-02-02,0175.HK,Geely,Automotive,15.29,0.005259697567389754,-0.024852844996729795,0.16539634146341453,0.05666897028334472
2026-02-03,0175.HK,Geely,Automotive,14.91,-0.024852844996729795,-0.013413816230717579,0.0923076923076922,0.03830083565459619
2026-02-04,0175.HK,Geely,Automotive,14.71,-0.013413816230717579,-0.018354860639021142,0.046975088967971645,0.042523033309709524
2026-02-05,0175.HK,Geely,Automotive,14.44,-0.018354860639021142,-0.013850415512465353,0.028490028490028463,0.05478451424397379
2026-02-06,0175.HK,Geely,Automotive,14.24,-0.013850415512465353,-0.011938202247190999,-0.00835654596100277,0.05092250922509223
2026-02-09,0175.HK,Geely,Automotive,14.07,-0.011938202247190999,-0.01279317697228144,-0.011938202247190999,0.033798677443056535
2026-02-10,0175.HK,Geely,Automotive,13.89,-0.01279317697228144,0.02015838732901365,0.015350877192982448,0.005792903692976026
2026-02-11,0175.HK,Geely,Automotive,14.17,0.02015838732901365,-0.025405786873676783,0.058252427184465994,0.03885630498533721
2026-02-12,0175.HK,Geely,Automotive,13.81,-0.025405786873676783,0.005792903692976026,-0.005759539236861011,0.022205773501110304
2026-02-13,0175.HK,Geely,Automotive,13.89,0.005792903692976026,0.028797696184305055,0.005792903692976026,0.049886621315192725
2026-02-16,0175.HK,Geely,Automotive,14.29,0.028797696184305055,-0.011196641007697572,0.04002911208151372,0.08012093726379432
2026-02-17,0175.HK,Geely,Automotive,14.13,-0.011196641007697572,-0.016277423920736056,0.03516483516483526,0.08943716268311497
2026-02-18,0175.HK,Geely,Automotive,13.9,-0.016277423920736056,-0.005035971223021574,-0.02524544179523136,0.057034220532319324
2026-02-19,0175.HK,Geely,Automotive,13.83,-0.005035971223021574,0.02819956616052055,-0.06617150573936537,0.09674861221252984
2026-02-20,0175.HK,Geely,Automotive,14.22,0.02819956616052055,0.004922644163150469,-0.08729139922978169,0.13669064748201443
2026-02-23,0175.HK,Geely,Automotive,14.29,0.004922644163150469,-0.011896431070678837,-0.07984546039922735,0.1332275971451229
2026-02-24,0175.HK,Geely,Automotive,14.12,-0.011896431070678837,0.012039660056657242,-0.09718670076726355,0.11444356748224149
2026-02-25,0175.HK,Geely,Automotive,14.29,0.012039660056657242,-0.02519244226731976,-0.05364238410596034,0.06087602078693388
2026-02-26,0175.HK,Geely,Automotive,13.93,-0.02519244226731976,0.016511127063890907,-0.108765195137556,0.025773195876288568
2026-02-27,0175.HK,Geely,Automotive,14.16,0.016511127063890907,0.009887005649717562,-0.06903353057199213,0.06706857573474001
2026-03-02,0175.HK,Geely,Automotive,14.3,0.009887005649717562,-0.006993006993007089,-0.06474820143884885,0.0792452830188679
2026-03-03,0175.HK,Geely,Automotive,14.2,-0.006993006993007089,-0.019014084507042228,-0.04761904761904767,0.11723052714398108
2026-03-04,0175.HK,Geely,Automotive,13.93,-0.019014084507042228,-0.02010050251256279,-0.05302515295717203,0.09771473601260827
2026-03-05,0175.HK,Geely,Automotive,13.65,-0.02010050251256279,0.01318681318681314,-0.054709141274238204,0.09638554216867479
2026-03-06,0175.HK,Geely,Automotive,13.83,0.01318681318681314,0.028922631959508394,-0.028792134831460703,0.08726415094339623
2026-03-09,0175.HK,Geely,Automotive,14.23,0.028922631959508394,-0.014054813773717534,0.011371712864250094,0.13206046141607009
2026-03-10,0175.HK,Geely,Automotive,14.03,-0.014054813773717534,0.011404133998574428,0.010079193664506825,0.1188197767145136
2026-03-11,0175.HK,Geely,Automotive,14.19,0.011404133998574428,-0.04862579281183932,0.0014114326040930436,0.1480582524271845
2026-03-12,0175.HK,Geely,Automotive,13.5,-0.04862579281183932,-0.0125925925925926,-0.022447501810282433,0.04895104895104896
2026-03-13,0175.HK,Geely,Automotive,13.33,-0.0125925925925926,-0.0007501875468867159,-0.04031677465802741,0.04303599374021916
2026-03-16,0175.HK,Geely,Automotive,13.32,-0.0007501875468867159,-0.020270270270270285,-0.06787963610916714,-0.0007501875468867159
2026-03-17,0175.HK,Geely,Automotive,13.05,-0.020270270270270285,-0.0214559386973181,-0.07643312101910826,-0.039735099337748325
2026-03-18,0175.HK,Geely,Automotive,12.77,-0.0214559386973181,-0.014878621769772837,-0.081294964028777,-0.07127272727272727
2026-03-19,0175.HK,Geely,Automotive,12.58,-0.014878621769772837,0.007154213036566048,-0.09038322487346351,-0.09300648882480167
2026-03-20,0175.HK,Geely,Automotive,12.67,0.007154213036566048,-0.003946329913180779,-0.10900140646976098,-0.0956459671663098
2026-03-23,0175.HK,Geely,Automotive,12.62,-0.003946329913180779,-0.05150554675118846,-0.11686494051784468,-0.05750560119492165
2026-03-24,0175.HK,Geely,Automotive,11.97,-0.05150554675118846,-0.04845446950710108,-0.15226628895184124,-0.10067618332081141
2026-03-25,0175.HK,Geely,Automotive,11.39,-0.04845446950710108,-0.014047410008779626,-0.2029391182645206,-0.1606484893146647
2026-03-26,0175.HK,Geely,Automotive,11.23,-0.014047410008779626,0.011576135351736294,-0.19382627422828425,-0.17243920412675018
2026-03-27,0175.HK,Geely,Automotive,11.36,0.011576135351736294,-0.06338028169014076,-0.19774011299435035,-0.13480578827113487
2026-03-30,0175.HK,Geely,Automotive,10.64,-0.06338028169014076,-0.011278195488721887,-0.2559440559440559,-0.18902439024390238
2026-03-31,0175.HK,Geely,Automotive,10.52,-0.011278195488721887,-0.012357414448669113,-0.2591549295774648,-0.22930402930402938
2026-04-01,0175.HK,Geely,Automotive,10.39,-0.012357414448669113,0.03368623676612126,-0.2541277817659726,-0.2604982206405694
2026-04-02,0175.HK,Geely,Automotive,10.74,0.03368623676612126,-0.008379888268156388,-0.2131868131868132,-0.23504273504273498
2026-04-03,0175.HK,Geely,Automotive,10.65,-0.008379888268156388,0.009389671361502261,-0.22993492407809113,-0.25835654596100277
2026-04-06,0175.HK,Geely,Automotive,10.75,0.009389671361502261,0.0037209302325580396,-0.24455375966268444,-0.2450842696629214
2026-04-07,0175.HK,Geely,Automotive,10.79,0.0037209302325580396,-0.04911955514365152,-0.23093371347113334,-0.21125730994152048
2026-04-08,0175.HK,Geely,Automotive,10.26,-0.04911955514365152,0.01851851851851838,-0.2769556025369979,-0.23375653472740854
2026-04-09,0175.HK,Geely,Automotive,10.45,0.01851851851851838,0.004784688995215447,-0.22592592592592597,-0.24766018718502525
2026-04-10,0175.HK,Geely,Automotive,10.5,0.004784688995215447,0.012380952380952381,-0.21230307576894225,-0.2396813902968863
2026-04-13,0175.HK,Geely,Automotive,10.63,0.012380952380952381,0.09219190968955782,-0.20195195195195192,-0.2263464337700145
2026-04-14,0175.HK,Geely,Automotive,11.61,0.09219190968955782,-0.0482342807924202,-0.110344827586207,-0.14945054945054947
2026-04-15,0175.HK,Geely,Automotive,11.05,-0.0482342807924202,0.040723981900452344,-0.13469068128425987,-0.22510518934081336
2026-04-16,0175.HK,Geely,Automotive,11.5,0.040723981900452344,-0.006086956521739184,-0.08585055643879169,-0.2234976367319379
2026-04-17,0175.HK,Geely,Automotive,11.43,-0.006086956521739184,0.006999125109361293,-0.09786898184688242,-0.26636713735558415
2026-04-20,0175.HK,Geely,Automotive,11.51,0.006999125109361293,0.0,-0.08795562599049123,-0.2588538312942691
2026-04-21,0175.HK,Geely,Automotive,11.51,0.0,-0.009556907037358786,-0.03842940685045959,-0.26406649616368294
2026-04-22,0175.HK,Geely,Automotive,11.4,-0.009556907037358786,-0.013157894736842146,0.0008779631255486642,-0.24503311258278138
2026-04-23,0175.HK,Geely,Automotive,11.25,-0.013157894736842146,0.008888888888888946,0.0017809439002671734,-0.2802303262955854
2026-04-24,0175.HK,Geely,Automotive,11.35,0.008888888888888946,-0.03524229074889873,-0.0008802816901408717,-0.2537804076265615
2026-04-27,0175.HK,Geely,Automotive,10.95,-0.03524229074889873,0.0182648401826484,0.02913533834586457,-0.28384565075212553
2026-04-28,0175.HK,Geely,Automotive,11.15,0.0182648401826484,-0.008968609865470767,0.05988593155893551,-0.25217974513749164
2026-04-29,0175.HK,Geely,Automotive,11.05,-0.008968609865470767,-0.026244343891402844,0.06352261790182867,-0.24881033310673006
2026-04-30,0175.HK,Geely,Automotive,10.76,-0.026244343891402844,-0.010223048327137496,0.0018621973929235924,-0.2548476454293629
2026-05-01,0175.HK,Geely,Automotive,10.65,-0.010223048327137496,0.030046948356807546,0.0,-0.2521067415730337
2026-05-04,0175.HK,Geely,Automotive,10.97,0.030046948356807546,-0.011850501367365651,0.020465116279069884,-0.22032693674484716
2026-05-05,0175.HK,Geely,Automotive,10.84,-0.011850501367365651,0.009225092250922495,0.004633920296571059,-0.21958243340532757
2026-05-06,0175.HK,Geely,Automotive,10.94,0.009225092250922495,-0.01645338208409508,0.06627680311890827,-0.22794636556104453
2026-05-07,0175.HK,Geely,Automotive,10.76,-0.01645338208409508,0.017657992565055736,0.02966507177033506,-0.22085445329471398
2026-05-08,0175.HK,Geely,Automotive,10.95,0.017657992565055736,,0.042857142857142705,-0.21166306695464376
2025-09-01,0388.HK,HKEX,Financials,254.87,,0.010985992859104732,,
2025-09-02,0388.HK,HKEX,Financials,257.67,0.010985992859104732,-0.018861334264757335,,
2025-09-03,0388.HK,HKEX,Financials,252.81,-0.018861334264757335,-0.005260867845417572,,
2025-09-04,0388.HK,HKEX,Financials,251.48,-0.005260867845417572,0.021631938921584437,,
2025-09-05,0388.HK,HKEX,Financials,256.92,0.021631938921584437,0.0028024287716019725,,
2025-09-08,0388.HK,HKEX,Financials,257.64,0.0028024287716019725,0.041026238161776085,,
2025-09-09,0388.HK,HKEX,Financials,268.21,0.041026238161776085,0.007195853995003887,,
2025-09-10,0388.HK,HKEX,Financials,270.14,0.007195853995003887,0.00370178426001333,,
2025-09-11,0388.HK,HKEX,Financials,271.14,0.00370178426001333,-0.0051265029136239315,,
2025-09-12,0388.HK,HKEX,Financials,269.75,-0.0051265029136239315,0.0026691380908250295,,
2025-09-15,0388.HK,HKEX,Financials,270.47,0.0026691380908250295,-0.0024032240174511887,,
2025-09-16,0388.HK,HKEX,Financials,269.82,-0.0024032240174511887,0.012749240234230186,,
2025-09-17,0388.HK,HKEX,Financials,273.26,0.012749240234230186,0.01712654614652709,,
2025-09-18,0388.HK,HKEX,Financials,277.94,0.01712654614652709,-0.01349212060156868,,
2025-09-19,0388.HK,HKEX,Financials,274.19,-0.01349212060156868,-0.02308618111528493,,
2025-09-22,0388.HK,HKEX,Financials,267.86,-0.02308618111528493,-0.03191965952363174,,
2025-09-23,0388.HK,HKEX,Financials,259.31,-0.03191965952363174,0.009216767575488838,,
2025-09-24,0388.HK,HKEX,Financials,261.7,0.009216767575488838,-0.019067634696217084,,
2025-09-25,0388.HK,HKEX,Financials,256.71,-0.019067634696217084,-0.03751314713100373,,
2025-09-26,0388.HK,HKEX,Financials,247.08,-0.03751314713100373,0.00716367168528409,,
2025-09-29,0388.HK,HKEX,Financials,248.85,0.00716367168528409,0.04408278079164152,-0.023619884647074985,
2025-09-30,0388.HK,HKEX,Financials,259.82,0.04408278079164152,0.00019244092063730456,0.00834400589901807,
2025-10-01,0388.HK,HKEX,Financials,259.87,0.00019244092063730456,0.015045984530726697,0.027926110517780156,
2025-10-02,0388.HK,HKEX,Financials,263.78,0.015045984530726697,0.0017438774736524554,0.04891045013519957,
2025-10-03,0388.HK,HKEX,Financials,264.24,0.0017438774736524554,-0.0014380865879503046,0.02849135917795409,
2025-10-06,0388.HK,HKEX,Financials,263.86,-0.0014380865879503046,0.016448116425376913,0.0241422139419345,
2025-10-07,0388.HK,HKEX,Financials,268.2,0.016448116425376913,-0.004809843400447322,-3.728421759063849e-05,
2025-10-08,0388.HK,HKEX,Financials,266.91,-0.004809843400447322,0.00502041886778315,-0.011956763159842954,
2025-10-09,0388.HK,HKEX,Financials,268.25,0.00502041886778315,0.0059645852749301564,-0.010658700302426771,
2025-10-10,0388.HK,HKEX,Financials,269.85,0.0059645852749301564,-0.011450806003335257,0.0003707136237256492,
2025-10-13,0388.HK,HKEX,Financials,266.76,-0.011450806003335257,0.017731294047083512,-0.0137168632380672,
2025-10-14,0388.HK,HKEX,Financials,271.49,0.017731294047083512,-0.0027625326899701763,0.00618931139278045,
2025-10-15,0388.HK,HKEX,Financials,270.74,-0.0027625326899701763,-0.012964467755041675,-0.009221986386591441,
2025-10-16,0388.HK,HKEX,Financials,267.23,-0.012964467755041675,0.009729446544175291,-0.03853349643808013,
2025-10-17,0388.HK,HKEX,Financials,269.83,0.009729446544175291,-0.015454174850831892,-0.01590138225318216,
2025-10-20,0388.HK,HKEX,Financials,265.66,-0.015454174850831892,0.0007904840773920174,-0.008213245725378848,
2025-10-21,0388.HK,HKEX,Financials,265.87,0.0007904840773920174,0.0001504494677850854,0.025297905981257918,
2025-10-22,0388.HK,HKEX,Financials,265.91,0.0001504494677850854,0.01936745515399929,0.016087122659534048,
2025-10-23,0388.HK,HKEX,Financials,271.06,0.01936745515399929,0.008669667232347189,0.055899653305286234,
2025-10-24,0388.HK,HKEX,Financials,273.41,0.008669667232347189,-0.00014630042792884712,0.10656467540877457,
2025-10-27,0388.HK,HKEX,Financials,273.37,-0.00014630042792884712,0.014668763946299901,0.09853325296363269,
2025-10-28,0388.HK,HKEX,Financials,277.38,0.014668763946299901,0.0247314153868341,0.06758525132784232,
2025-10-29,0388.HK,HKEX,Financials,284.24,0.0247314153868341,0.010097101041373513,0.0937776580597991,
2025-10-30,0388.HK,HKEX,Financials,287.11,0.010097101041373513,0.0004876179861377228,0.08844491621806072,
2025-10-31,0388.HK,HKEX,Financials,287.25,0.0004876179861377228,-0.02273281114012171,0.08707992733878278,
2025-11-03,0388.HK,HKEX,Financials,280.72,-0.02273281114012171,-0.018381305215161126,0.06389752141287053,
2025-11-04,0388.HK,HKEX,Financials,275.56,-0.018381305215161126,-0.005044273479459904,0.027442207307979194,
2025-11-05,0388.HK,HKEX,Financials,274.17,-0.005044273479459904,-0.010395010395010451,0.02720017983589962,
2025-11-06,0388.HK,HKEX,Financials,271.32,-0.010395010395010451,-0.0029854046881910845,0.011444547996272147,
2025-11-07,0388.HK,HKEX,Financials,270.51,-0.0029854046881910845,0.0012938523529630874,0.002445803224013332,
2025-11-10,0388.HK,HKEX,Financials,270.86,0.0012938523529630874,0.009599054862290402,0.015369620632778691,
2025-11-11,0388.HK,HKEX,Financials,273.46,0.009599054862290402,-0.0009142104878226975,0.007256252532321428,
2025-11-12,0388.HK,HKEX,Financials,273.21,-0.0009142104878226975,0.008857655283481591,0.009123143975769965,
2025-11-13,0388.HK,HKEX,Financials,275.63,0.008857655283481591,0.0014512208395311976,0.031433596527336016,
2025-11-14,0388.HK,HKEX,Financials,276.03,0.0014512208395311976,-0.03441654892584145,0.022977430233850793,
2025-11-17,0388.HK,HKEX,Financials,266.53,-0.03441654892584145,-0.016170787528608233,0.003274862606338802,
2025-11-18,0388.HK,HKEX,Financials,262.22,-0.016170787528608233,-0.0022118831515522963,-0.01372851393538188,
2025-11-19,0388.HK,HKEX,Financials,261.64,-0.0022118831515522963,-0.02094480966213108,-0.016058064758753154,
2025-11-20,0388.HK,HKEX,Financials,256.16,-0.02094480966213108,0.010852592129918737,-0.05496937947317926,
2025-11-21,0388.HK,HKEX,Financials,258.94,0.010852592129918737,0.0271877655055226,-0.05292417980322606,
2025-11-24,0388.HK,HKEX,Financials,265.98,0.0271877655055226,0.02169336040303782,-0.02703295899330571,0.04359085023737608
2025-11-25,0388.HK,HKEX,Financials,271.75,0.02169336040303782,-0.0034222631094756872,-0.020297065397649416,0.05464353630612795
2025-11-26,0388.HK,HKEX,Financials,270.82,-0.0034222631094756872,0.02647514954582375,-0.04721362229102177,0.07123927059847301
2025-11-27,0388.HK,HKEX,Financials,277.99,0.02647514954582375,0.0029137738767581745,-0.03176482881125697,0.10541593764911728
2025-11-28,0388.HK,HKEX,Financials,278.8,0.0029137738767581745,-0.005595408895265441,-0.02941688424717137,0.08516269655924025
2025-12-01,0388.HK,HKEX,Financials,277.24,-0.005595408895265441,-0.010460251046025215,-0.012396694214876103,0.07607514361124057
2025-12-02,0388.HK,HKEX,Financials,274.34,-0.010460251046025215,-0.0050302544288109985,-0.00442734794600097,0.022855225383095368
2025-12-03,0388.HK,HKEX,Financials,272.96,-0.0050302544288109985,-0.006484466588511095,-0.004413320202794058,0.010439031613237448
2025-12-04,0388.HK,HKEX,Financials,271.19,-0.006484466588511095,0.0032818319259559914,-0.00047913902403062814,0.00018440657962681684
2025-12-05,0388.HK,HKEX,Financials,272.08,0.0032818319259559914,0.0031240811526023204,0.005803851983290809,0.00863762743280816
2025-12-08,0388.HK,HKEX,Financials,272.93,0.0031240811526023204,0.0003663943135601144,0.0076423244480543495,0.009095278589122513
2025-12-09,0388.HK,HKEX,Financials,273.03,0.0003663943135601144,0.007984470570999491,-0.0015724420390550442,0.011896820102290429
2025-12-10,0388.HK,HKEX,Financials,275.21,0.007984470570999491,0.021220159151193796,0.007320376267340167,0.007136060894386231
2025-12-11,0388.HK,HKEX,Financials,281.05,0.021220159151193796,0.016972069026863545,0.01966404237564867,0.011189465352234418
2025-12-12,0388.HK,HKEX,Financials,285.82,0.016972069026863545,-0.02575047232523975,0.0354671593667355,0.04241584302855683
2025-12-15,0388.HK,HKEX,Financials,278.46,-0.02575047232523975,-0.04456654456654441,0.04476043972535937,0.03957291122228024
2025-12-16,0388.HK,HKEX,Financials,266.05,-0.04456654456654441,0.01672617928960718,0.014606055983525268,0.025992055840499795
2025-12-17,0388.HK,HKEX,Financials,270.5,0.01672617928960718,-0.023696857670979732,0.0338633236508179,0.033626289644631324
2025-12-18,0388.HK,HKEX,Financials,264.09,-0.023696857670979732,-0.003635124389412603,0.030957214241099207,0.028748393128432914
2025-12-19,0388.HK,HKEX,Financials,263.13,-0.003635124389412603,-0.02021814312317105,0.016181354753997068,0.06495871782418638
2025-12-22,0388.HK,HKEX,Financials,257.81,-0.02021814312317105,-0.03134090997246042,-0.030716595232724297,0.036005625879043546
2025-12-23,0388.HK,HKEX,Financials,249.73,-0.03134090997246042,0.009810595443078496,-0.08103035878564857,-0.03883457778462018
2025-12-24,0388.HK,HKEX,Financials,252.18,0.009810595443078496,0.013641050043619707,-0.06882800384018906,-0.02959171893639123
2025-12-25,0388.HK,HKEX,Financials,255.62,0.013641050043619707,-0.0098192629684688,-0.08047052052232095,-0.030934869967396916
2025-12-26,0388.HK,HKEX,Financials,253.11,-0.0098192629684688,-0.04519774011299449,-0.0921449067431851,-0.042120799273387854
2025-12-29,0388.HK,HKEX,Financials,241.67,-0.04519774011299449,-0.009268837671204455,-0.128300389554177,-0.0840976275297507
2025-12-30,0388.HK,HKEX,Financials,239.43,-0.009268837671204455,0.007183728020715874,-0.12725085660129754,-0.10727069351230423
2025-12-31,0388.HK,HKEX,Financials,241.15,0.007183728020715874,-0.025668670951689787,-0.11653722157092605,-0.09651193286126414
2026-01-01,0388.HK,HKEX,Financials,234.96,-0.025668670951689787,0.003532516172965572,-0.13359637154762338,-0.12410065237651446
2026-01-02,0388.HK,HKEX,Financials,235.79,0.003532516172965572,4.2410619619293044e-05,-0.1333798882681564,-0.126218269408931
2026-01-05,0388.HK,HKEX,Financials,235.8,4.2410619619293044e-05,0.010474978795589562,-0.1360422086249221,-0.11605937921727383
2026-01-06,0388.HK,HKEX,Financials,238.27,0.010474978795589562,0.0023922440928358935,-0.12731201699446937,-0.12236178128107844
2026-01-07,0388.HK,HKEX,Financials,238.84,0.0023922440928358935,-0.016789482498743902,-0.13215362813851228,-0.11782521976804317
2026-01-08,0388.HK,HKEX,Financials,234.83,-0.016789482498743902,0.021334582463909957,-0.16445472335883293,-0.12124387231972455
2026-01-09,0388.HK,HKEX,Financials,239.84,0.021334582463909957,-0.0024599733155437065,-0.16087047792316844,-0.11114405366341762
2026-01-12,0388.HK,HKEX,Financials,239.25,-0.0024599733155437065,-0.00016718913270630242,-0.14081017022193487,-0.09941278325679448
2026-01-13,0388.HK,HKEX,Financials,239.21,-0.00016718913270630242,-0.016094644872705954,-0.10088329261417028,-0.10027457027870768
2026-01-14,0388.HK,HKEX,Financials,235.36,-0.016094644872705954,-0.00747790618626798,-0.12990757855822543,-0.11488849610770568
2026-01-15,0388.HK,HKEX,Financials,233.6,-0.00747790618626798,-0.015239726027397316,-0.11545306524290955,-0.13819818490371139
2026-01-16,0388.HK,HKEX,Financials,230.04,-0.015239726027397316,-0.0027386541471048353,-0.12575533006498696,-0.1586262389817491
2026-01-19,0388.HK,HKEX,Financials,229.41,-0.0027386541471048353,0.030382284991935737,-0.1101586439626081,-0.16080769652851445
2026-01-20,0388.HK,HKEX,Financials,236.38,0.030382284991935737,-0.023775277096201086,-0.053457734353101305,-0.1478116663061504
2026-01-21,0388.HK,HKEX,Financials,230.76,-0.023775277096201086,-0.0280377881781938,-0.08493932905067814,-0.1881508584294963
2026-01-22,0388.HK,HKEX,Financials,224.29,-0.0280377881781938,0.02612688929510898,-0.12256474454268063,-0.21880115635122432
2026-01-23,0388.HK,HKEX,Financials,230.15,0.02612688929510898,-0.003345644145122839,-0.09071154833866701,-0.19878154917319402
2026-01-26,0388.HK,HKEX,Financials,229.38,-0.003345644145122839,-0.011465690121196248,-0.05085447097281415,-0.18288686235394713
2026-01-27,0388.HK,HKEX,Financials,226.75,-0.011465690121196248,0.018610804851157736,-0.052959111222486754,-0.17713020757729714
2026-01-28,0388.HK,HKEX,Financials,230.97,0.018610804851157736,-0.010347664198813611,-0.042214389384200746,-0.1575664733559471
2026-01-29,0388.HK,HKEX,Financials,228.58,-0.010347664198813611,0.03237378598302554,-0.027153558052434468,-0.15752616836208155
2026-01-30,0388.HK,HKEX,Financials,235.98,0.03237378598302554,0.012204424103737788,0.0008058017727639033,-0.1276477764223134
2026-02-02,0388.HK,HKEX,Financials,238.86,0.012204424103737788,-0.008247509001088615,0.012977099236641143,-0.11814221368972899
2026-02-03,0388.HK,HKEX,Financials,236.89,-0.008247509001088615,0.038203385537591394,-0.005791748856339596,-0.13373071015870697
2026-02-04,0388.HK,HKEX,Financials,245.94,0.038203385537591394,-0.010327722208668733,0.02972701390051924,-0.09981333040518281
2026-02-05,0388.HK,HKEX,Financials,243.4,-0.010327722208668733,0.0133114215283483,0.03649448537239697,-0.11693211914523094
2026-02-06,0388.HK,HKEX,Financials,246.64,0.0133114215283483,0.005595199481025048,0.028352234823215472,-0.1064739339926819
2026-02-09,0388.HK,HKEX,Financials,248.02,0.005595199481025048,0.023143294895572764,0.036656217345872655,-0.06944809214722536
2026-02-10,0388.HK,HKEX,Financials,253.76,0.023143294895572764,0.02774274905422458,0.06082521633710969,-0.032262985279536416
2026-02-11,0388.HK,HKEX,Financials,260.8,0.02774274905422458,0.0008819018404906398,0.10808973487423512,-0.0032105182693776824
2026-02-12,0388.HK,HKEX,Financials,261.03,0.0008819018404906398,-0.01294870321418995,0.11742294520547936,0.019011555277951064
2026-02-13,0388.HK,HKEX,Financials,257.65,-0.01294870321418995,0.008383465942169765,0.12002260476438864,-0.004981849077006384
2026-02-16,0388.HK,HKEX,Financials,259.81,0.008383465942169765,-0.01158538932296671,0.13251383985005005,-0.02319723287465225
2026-02-17,0388.HK,HKEX,Financials,256.8,-0.01158538932296671,0.03566978193146397,0.08638632710043148,-0.05501379944802198
2026-02-18,0388.HK,HKEX,Financials,265.96,0.03566978193146397,0.0027071740111295206,0.15253943491072963,-0.017945498855328368
2026-02-19,0388.HK,HKEX,Financials,266.68,0.0027071740111295206,-0.006112194390280434,0.18899638860403956,-0.04068491672362318
2026-02-20,0388.HK,HKEX,Financials,265.05,-0.006112194390280434,0.0035465006602528604,0.1516402346295893,-0.04931850789096126
2026-02-23,0388.HK,HKEX,Financials,265.99,0.0035465006602528604,-0.02334674235873546,0.15960415031824926,-0.040578560092338734
2026-02-24,0388.HK,HKEX,Financials,259.78,-0.02334674235873546,-0.01674493802448207,0.1456670341786106,-0.05307282933586066
2026-02-25,0388.HK,HKEX,Financials,255.43,-0.01674493802448207,0.02137571937517113,0.10590119928995101,-0.06422186400937857
2026-02-26,0388.HK,HKEX,Financials,260.89,0.02137571937517113,-0.011230786921691216,0.14135094933939962,-0.03798075150263658
2026-02-27,0388.HK,HKEX,Financials,257.96,-0.011230786921691216,-0.018064816250581317,0.09314348673616402,-0.05189650102910914
2026-03-02,0388.HK,HKEX,Financials,253.3,-0.018064816250581317,0.00971180418476103,0.06045382232269958,-0.07192320375187777
2026-03-03,0388.HK,HKEX,Financials,255.76,0.00971180418476103,0.021152643102908986,0.07965722487230353,-0.06325312236750535
2026-03-04,0388.HK,HKEX,Financials,261.17,0.021152643102908986,0.012941762070681984,0.0619256729283566,-0.05101558809636264
2026-03-05,0388.HK,HKEX,Financials,264.55,0.012941762070681984,0.01780381780381779,0.08689400164338545,-0.05870841487279843
2026-03-06,0388.HK,HKEX,Financials,269.26,0.01780381780381779,-0.01299858872465276,0.09171261758027893,-0.05793856273178921
2026-03-09,0388.HK,HKEX,Financials,265.76,-0.01299858872465276,-0.02464629741119817,0.07152648979920961,-0.04560798678445732
2026-03-10,0388.HK,HKEX,Financials,259.21,-0.02464629741119817,0.026657922148065394,0.021476986128625475,-0.025709453110317693
2026-03-11,0388.HK,HKEX,Financials,266.12,0.026657922148065394,-0.005373515707199794,0.020398773006135018,-0.016192236598890908
2026-03-12,0388.HK,HKEX,Financials,264.69,-0.005373515707199794,-0.004080244814688827,0.014021376853235346,0.002271952743382988
2026-03-13,0388.HK,HKEX,Financials,263.61,-0.004080244814688827,0.023633397822540703,0.023132156025616357,0.0018241933644966846
2026-03-16,0388.HK,HKEX,Financials,269.84,0.023633397822540703,0.01008004743551738,0.038605134521380924,0.04666227066444262
2026-03-17,0388.HK,HKEX,Financials,272.56,0.01008004743551738,0.008291752274728559,0.06137071651090342,0.09141873223080932
2026-03-18,0388.HK,HKEX,Financials,274.82,0.008291752274728559,0.03835237610072051,0.03331328019251023,0.08977714331033382
2026-03-19,0388.HK,HKEX,Financials,285.36,0.03835237610072051,-0.01100364451920377,0.07004649767511628,0.11634457397699705
2026-03-20,0388.HK,HKEX,Financials,282.22,-0.01100364451920377,0.01661824108851251,0.06478023014525558,0.11500928450080994
2026-03-23,0388.HK,HKEX,Financials,286.91,0.01661824108851251,0.0012896030113971335,0.07864957329222899,0.1871974179666489
2026-03-24,0388.HK,HKEX,Financials,287.28,0.0012896030113971335,0.005047340573656411,0.10585880360304878,0.1998496429018919
2026-03-25,0388.HK,HKEX,Financials,288.73,0.005047340573656411,0.027118761472656017,0.13036839838703362,0.1973045822102426
2026-03-26,0388.HK,HKEX,Financials,296.56,0.027118761472656017,0.009239277043431304,0.13672428993062224,0.26217228464419473
2026-03-27,0388.HK,HKEX,Financials,299.3,0.009239277043431304,0.009756097560975618,0.16025740424872081,0.2693498452012384
2026-03-30,0388.HK,HKEX,Financials,302.22,0.009756097560975618,0.019158229104625724,0.19313067508882753,0.2816793893129772
2026-03-31,0388.HK,HKEX,Financials,308.01,0.019158229104625724,-0.006103697931885366,0.20429308726931494,0.2926931632181977
2026-04-01,0388.HK,HKEX,Financials,306.13,-0.006103697931885366,-0.01443831052167388,0.17214840908220697,0.28173672751632894
2026-04-02,0388.HK,HKEX,Financials,301.71,-0.01443831052167388,-0.018030559146199998,0.1404649404649403,0.2848017714942723
2026-04-03,0388.HK,HKEX,Financials,296.27,-0.018030559146199998,-0.03422553751645452,0.10031196612939164,0.23528185456971307
2026-04-06,0388.HK,HKEX,Financials,286.13,-0.03422553751645452,0.03641701324572755,0.07664810355207718,0.19594566353187037
2026-04-07,0388.HK,HKEX,Financials,296.55,0.03641701324572755,-0.01908615747765985,0.14405308437174513,0.23970569792232777
2026-04-08,0388.HK,HKEX,Financials,290.89,-0.01908615747765985,-0.003575234624772161,0.09307831053659998,0.2359364377974167
2026-04-09,0388.HK,HKEX,Financials,289.85,-0.003575234624772161,-0.004554079696394875,0.0950545921644188,0.24079623287671237
2026-04-10,0388.HK,HKEX,Financials,288.53,-0.004554079696394875,0.005718642775448091,0.09453359129016325,0.2542601286732742
2026-04-13,0388.HK,HKEX,Financials,290.18,0.005718642775448091,0.014646081742366812,0.07537800177883192,0.26489690946340616
2026-04-14,0388.HK,HKEX,Financials,294.43,0.014646081742366812,0.01541962435893085,0.08023921338420892,0.24557915221253923
2026-04-15,0388.HK,HKEX,Financials,298.97,0.01541962435893085,-0.00993410710104703,0.08787570045848203,0.2955884902062751
2026-04-16,0388.HK,HKEX,Financials,296.0,-0.00993410710104703,-0.002635135135135025,0.03728623493131478,0.3197200053502163
2026-04-17,0388.HK,HKEX,Financials,295.22,-0.002635135135135025,0.005284194837748002,0.04606335482956547,0.28272865522485335
2026-04-20,0388.HK,HKEX,Financials,296.78,0.005284194837748002,-0.004077094143810189,0.03440103168240882,0.2938355567181097
2026-04-21,0388.HK,HKEX,Financials,295.57,-0.004077094143810189,0.028521162499577146,0.028856864383180136,0.30350606394707835
2026-04-22,0388.HK,HKEX,Financials,304.0,0.028521162499577146,0.008947368421052815,0.052886780036712544,0.3161882495562194
2026-04-23,0388.HK,HKEX,Financials,306.72,0.008947368421052815,0.01320422535211252,0.03425950903695729,0.3418496806369762
2026-04-24,0388.HK,HKEX,Financials,310.77,0.01320422535211252,0.01197026740032836,0.03832275309054456,0.31693363844393585
2026-04-27,0388.HK,HKEX,Financials,314.49,0.01197026740032836,0.02089096632643317,0.04059956323208258,0.3166289876915347
2026-04-28,0388.HK,HKEX,Financials,321.06,0.02089096632643317,0.003488444527502743,0.04236875426122522,0.3553125923424376
2026-04-29,0388.HK,HKEX,Financials,322.18,0.003488444527502743,-0.022471910112359605,0.0524287067585667,0.30999430755468826
2026-04-30,0388.HK,HKEX,Financials,314.94,-0.022471910112359605,0.007334730424842784,0.04385005468827696,0.2939194741166804
2026-05-01,0388.HK,HKEX,Financials,317.25,0.007334730424842784,-0.011126871552403328,0.07081378472339428,0.2862877067791114
2026-05-04,0388.HK,HKEX,Financials,313.72,-0.011126871552403328,-0.008957031748055622,0.09642470205850495,0.2648979920974115
2026-05-05,0388.HK,HKEX,Financials,310.91,-0.008957031748055622,0.010581840403975251,0.04842353734614746,0.2252127994955866
2026-05-06,0388.HK,HKEX,Financials,314.2,0.010581840403975251,0.022056015276893826,0.08013338375330892,0.20475460122699385
2026-05-07,0388.HK,HKEX,Financials,321.13,0.022056015276893826,0.0006850808083953552,0.10791788856304985,0.23024173466651354
2026-05-08,0388.HK,HKEX,Financials,321.35,0.0006850808083953552,,0.11374900356981965,0.24723462060935408
2025-09-01,0669.HK,Techtronic,Industrials,31.51,,-0.01650269755633138,,
2025-09-02,0669.HK,Techtronic,Industrials,30.99,-0.01650269755633138,-0.0038722168441431837,,
2025-09-03,0669.HK,Techtronic,Industrials,30.87,-0.0038722168441431837,0.04178814382896001,,
2025-09-04,0669.HK,Techtronic,Industrials,32.16,0.04178814382896001,0.0043532338308458485,,
2025-09-05,0669.HK,Techtronic,Industrials,32.3,0.0043532338308458485,-0.018575851393188736,,
2025-09-08,0669.HK,Techtronic,Industrials,31.7,-0.018575851393188736,-0.03154574132492116,,
2025-09-09,0669.HK,Techtronic,Industrials,30.7,-0.03154574132492116,0.014006514657980418,,
2025-09-10,0669.HK,Techtronic,Industrials,31.13,0.014006514657980418,0.006103437198843542,,
2025-09-11,0669.HK,Techtronic,Industrials,31.32,0.006103437198843542,0.019157088122605304,,
2025-09-12,0669.HK,Techtronic,Industrials,31.92,0.019157088122605304,-0.0385338345864662,,
2025-09-15,0669.HK,Techtronic,Industrials,30.69,-0.0385338345864662,-0.030954708374063333,,
2025-09-16,0669.HK,Techtronic,Industrials,29.74,-0.030954708374063333,0.03127101546738409,,
2025-09-17,0669.HK,Techtronic,Industrials,30.67,0.03127101546738409,0.009455493968046902,,
2025-09-18,0669.HK,Techtronic,Industrials,30.96,0.009455493968046902,0.015180878552971455,,
2025-09-19,0669.HK,Techtronic,Industrials,31.43,0.015180878552971455,-0.025453388482341688,,
2025-09-22,0669.HK,Techtronic,Industrials,30.63,-0.025453388482341688,-0.025791707476330417,,
2025-09-23,0669.HK,Techtronic,Industrials,29.84,-0.025791707476330417,0.027479892761394176,,
2025-09-24,0669.HK,Techtronic,Industrials,30.66,0.027479892761394176,0.02837573385518599,,
2025-09-25,0669.HK,Techtronic,Industrials,31.53,0.02837573385518599,-0.02854424357754526,,
2025-09-26,0669.HK,Techtronic,Industrials,30.63,-0.02854424357754526,-0.03395364022200453,,
2025-09-29,0669.HK,Techtronic,Industrials,29.59,-0.03395364022200453,-0.002365664075701268,-0.06093303713106957,
2025-09-30,0669.HK,Techtronic,Industrials,29.52,-0.002365664075701268,-0.020663956639566328,-0.047434656340755055,
2025-10-01,0669.HK,Techtronic,Industrials,28.91,-0.020663956639566328,-0.02144586648218616,-0.06349206349206349,
2025-10-02,0669.HK,Techtronic,Industrials,28.29,-0.02144586648218616,-0.033227288794627,-0.1203358208955223,
2025-10-03,0669.HK,Techtronic,Industrials,27.35,-0.033227288794627,-0.011700182815356452,-0.15325077399380793,
2025-10-06,0669.HK,Techtronic,Industrials,27.03,-0.011700182815356452,-0.030336662967073602,-0.1473186119873816,
2025-10-07,0669.HK,Techtronic,Industrials,26.21,-0.030336662967073602,-0.028996566196108464,-0.14625407166123772,
2025-10-08,0669.HK,Techtronic,Industrials,25.45,-0.028996566196108464,0.008644400785854822,-0.1824606488917443,
2025-10-09,0669.HK,Techtronic,Industrials,25.67,0.008644400785854822,-0.00077911959485788,-0.18039591315453385,
2025-10-10,0669.HK,Techtronic,Industrials,25.65,-0.00077911959485788,0.013645224171540127,-0.1964285714285715,
2025-10-13,0669.HK,Techtronic,Industrials,26.0,0.013645224171540127,-0.04384615384615387,-0.15281850765721738,
2025-10-14,0669.HK,Techtronic,Industrials,24.86,-0.04384615384615387,0.0008045052292839916,-0.16408876933423,
2025-10-15,0669.HK,Techtronic,Industrials,24.88,0.0008045052292839916,0.0562700964630225,-0.18878382784479952,
2025-10-16,0669.HK,Techtronic,Industrials,26.28,0.0562700964630225,-0.009132420091324311,-0.15116279069767435,
2025-10-17,0669.HK,Techtronic,Industrials,26.04,-0.009132420091324311,0.022657450076804864,-0.17149220489977735,
2025-10-20,0669.HK,Techtronic,Industrials,26.63,0.022657450076804864,0.022530980097634323,-0.13059092393078686,
2025-10-21,0669.HK,Techtronic,Industrials,27.23,0.022530980097634323,0.023870730811604846,-0.08746648793565681,
2025-10-22,0669.HK,Techtronic,Industrials,27.88,0.023870730811604846,0.0050215208034434244,-0.09067188519243319,
2025-10-23,0669.HK,Techtronic,Industrials,28.02,0.0050215208034434244,0.01570306923625986,-0.1113225499524263,
2025-10-24,0669.HK,Techtronic,Industrials,28.46,0.01570306923625986,0.01967673928320446,-0.0708455762324518,
2025-10-27,0669.HK,Techtronic,Industrials,29.02,0.01967673928320446,0.017574086836664504,-0.01926326461642447,
2025-10-28,0669.HK,Techtronic,Industrials,29.53,0.017574086836664504,-0.02946156451066717,0.0003387533875338633,
2025-10-29,0669.HK,Techtronic,Industrials,28.66,-0.02946156451066717,-0.04535938590369859,-0.00864752680733305,
2025-10-30,0669.HK,Techtronic,Industrials,27.36,-0.04535938590369859,-0.040935672514619936,-0.03287380699893949,
2025-10-31,0669.HK,Techtronic,Industrials,26.24,-0.040935672514619936,-0.006859756097560954,-0.0405850091407679,
2025-11-03,0669.HK,Techtronic,Industrials,26.06,-0.006859756097560954,0.016500383729854073,-0.03588605253422128,
2025-11-04,0669.HK,Techtronic,Industrials,26.49,0.016500383729854073,-0.029067572668931674,0.010682945440671388,
2025-11-05,0669.HK,Techtronic,Industrials,25.72,-0.029067572668931674,0.025660964230171057,0.010609037328094262,
2025-11-06,0669.HK,Techtronic,Industrials,26.38,0.025660964230171057,-0.012888551933282755,0.027658745617452185,
2025-11-07,0669.HK,Techtronic,Industrials,26.04,-0.012888551933282755,-0.012672811059907807,0.01520467836257322,
2025-11-10,0669.HK,Techtronic,Industrials,25.71,-0.012672811059907807,-0.021781408012446657,-0.01115384615384607,
2025-11-11,0669.HK,Techtronic,Industrials,25.15,-0.021781408012446657,-0.05009940357852871,0.011665325824617767,
2025-11-12,0669.HK,Techtronic,Industrials,23.89,-0.05009940357852871,0.006697362913352878,-0.03979099678456588,
2025-11-13,0669.HK,Techtronic,Industrials,24.05,0.006697362913352878,0.04656964656964657,-0.08485540334855401,
2025-11-14,0669.HK,Techtronic,Industrials,25.17,0.04656964656964657,-0.0007945967421534306,-0.033410138248847865,
2025-11-17,0669.HK,Techtronic,Industrials,25.15,-0.0007945967421534306,-0.04930417495029815,-0.05557641757416454,
2025-11-18,0669.HK,Techtronic,Industrials,23.91,-0.04930417495029815,0.021748222501045467,-0.12192434814542785,
2025-11-19,0669.HK,Techtronic,Industrials,24.43,0.021748222501045467,-0.04338927548096594,-0.1237446197991392,
2025-11-20,0669.HK,Techtronic,Industrials,23.37,-0.04338927548096594,-0.03166452717158763,-0.16595289079229114,
2025-11-21,0669.HK,Techtronic,Industrials,22.63,-0.03166452717158763,-0.0057445868316393645,-0.20484891075193257,
2025-11-24,0669.HK,Techtronic,Industrials,22.5,-0.0057445868316393645,0.0040000000000000036,-0.2246726395589249,-0.2859409711202793
2025-11-25,0669.HK,Techtronic,Industrials,22.59,0.0040000000000000036,-0.026560424966799556,-0.2350152387402642,-0.27105517909002896
2025-11-26,0669.HK,Techtronic,Industrials,21.99,-0.026560424966799556,-0.006821282401091366,-0.23272854152128408,-0.2876579203109816
2025-11-27,0669.HK,Techtronic,Industrials,21.84,-0.006821282401091366,0.01968864468864462,-0.20175438596491224,-0.32089552238805963
2025-11-28,0669.HK,Techtronic,Industrials,22.27,0.01968864468864462,0.02334979793444103,-0.15129573170731703,-0.31052631578947365
2025-12-01,0669.HK,Techtronic,Industrials,22.79,0.02334979793444103,0.03422553751645463,-0.12547966231772834,-0.28107255520504737
2025-12-02,0669.HK,Techtronic,Industrials,23.57,0.03422553751645463,0.052184980907933776,-0.11023027557568887,-0.23224755700325728
2025-12-03,0669.HK,Techtronic,Industrials,24.8,0.052184980907933776,0.022177419354838745,-0.035769828926905056,-0.2033408287825248
2025-12-04,0669.HK,Techtronic,Industrials,25.35,0.022177419354838745,-0.005128205128205221,-0.039044730856709564,-0.19061302681992331
2025-12-05,0669.HK,Techtronic,Industrials,25.22,-0.005128205128205221,0.023790642347343516,-0.03149001536098317,-0.2098997493734337
2025-12-08,0669.HK,Techtronic,Industrials,25.82,0.023790642347343516,0.013168086754453912,0.004278490859587647,-0.15868361029651357
2025-12-09,0669.HK,Techtronic,Industrials,26.16,0.013168086754453912,0.01414373088685017,0.040159045725646214,-0.12037659717552118
2025-12-10,0669.HK,Techtronic,Industrials,26.53,0.01414373088685017,0.005277044854881341,0.11050648807032237,-0.13498532768177374
2025-12-11,0669.HK,Techtronic,Industrials,26.67,0.005277044854881341,-0.023997000374953115,0.10893970893970906,-0.13856589147286824
2025-12-12,0669.HK,Techtronic,Industrials,26.03,-0.023997000374953115,-0.026892047637341654,0.034167659912594406,-0.17181037225580653
2025-12-15,0669.HK,Techtronic,Industrials,25.33,-0.026892047637341654,-0.001973943939991951,0.007157057654075594,-0.17303297420829256
2025-12-16,0669.HK,Techtronic,Industrials,25.28,-0.001973943939991951,0.004746835443037778,0.05729820158929333,-0.15281501340482573
2025-12-17,0669.HK,Techtronic,Industrials,25.4,0.004746835443037778,-0.017716535433070835,0.0397052803929594,-0.17155903457273325
2025-12-18,0669.HK,Techtronic,Industrials,24.95,-0.017716535433070835,0.012024048096192397,0.06760804450149749,-0.20869013637805267
2025-12-19,0669.HK,Techtronic,Industrials,25.25,0.012024048096192397,0.05623762376237629,0.11577551922227136,-0.17564479268690825
2025-12-22,0669.HK,Techtronic,Industrials,26.67,0.05623762376237629,-0.04611923509561311,0.18533333333333335,-0.0986819871578235
2025-12-23,0669.HK,Techtronic,Industrials,25.44,-0.04611923509561311,0.016116352201257955,0.1261620185922976,-0.1382113821138211
2025-12-24,0669.HK,Techtronic,Industrials,25.85,0.016116352201257955,-0.0011605415860735935,0.1755343337880857,-0.10584572812175719
2025-12-25,0669.HK,Techtronic,Industrials,25.82,-0.0011605415860735935,0.012780790085205274,0.18223443223443225,-0.08731000353481788
2025-12-26,0669.HK,Techtronic,Industrials,26.15,0.012780790085205274,-0.011089866156787753,0.17422541535698244,-0.04387568555758692
2025-12-29,0669.HK,Techtronic,Industrials,25.86,-0.011089866156787753,-0.0030935808197988246,0.13470820535322514,-0.04328523862375144
2025-12-30,0669.HK,Techtronic,Industrials,25.78,-0.0030935808197988246,0.0038789759503490284,0.09376325837929578,-0.016405951926745543
2025-12-31,0669.HK,Techtronic,Industrials,25.88,0.0038789759503490284,-0.007341576506955105,0.04354838709677411,0.016895874263261224
2026-01-01,0669.HK,Techtronic,Industrials,25.69,-0.007341576506955105,-0.040093421564811216,0.013412228796844117,0.00077911959485788
2026-01-02,0669.HK,Techtronic,Industrials,24.66,-0.040093421564811216,-0.005677210056772131,-0.022204599524187074,-0.03859649122807007
2026-01-05,0669.HK,Techtronic,Industrials,24.52,-0.005677210056772131,-0.037520391517128826,-0.05034856700232382,-0.056923076923076965
2026-01-06,0669.HK,Techtronic,Industrials,23.6,-0.037520391517128826,0.018220338983050866,-0.09785932721712531,-0.05068382944489136
2026-01-07,0669.HK,Techtronic,Industrials,24.03,0.018220338983050866,-0.04952143154390354,-0.09423294383716552,-0.03416398713826363
2026-01-08,0669.HK,Techtronic,Industrials,22.84,-0.04952143154390354,0.028021015761821477,-0.14360704911886024,-0.1308980213089802
2026-01-09,0669.HK,Techtronic,Industrials,23.48,0.028021015761821477,0.012350936967632009,-0.09796388782174414,-0.0983102918586789
2026-01-12,0669.HK,Techtronic,Industrials,23.77,0.012350936967632009,0.012200252419015456,-0.06158705092775363,-0.10739767179872328
2026-01-13,0669.HK,Techtronic,Industrials,24.06,0.012200252419015456,-0.0577722360764753,-0.04825949367088622,-0.11641571795813443
2026-01-14,0669.HK,Techtronic,Industrials,22.67,-0.0577722360764753,-0.007940008822232114,-0.10748031496062982,-0.1868723098995695
2026-01-15,0669.HK,Techtronic,Industrials,22.49,-0.007940008822232114,0.03156958648288133,-0.09859719438877756,-0.19735902926481086
2026-01-16,0669.HK,Techtronic,Industrials,23.2,0.03156958648288133,-0.013362068965517171,-0.08118811881188126,-0.18482080112438515
2026-01-19,0669.HK,Techtronic,Industrials,22.89,-0.013362068965517171,-0.028396679772826672,-0.141732283464567,-0.2112336319779462
2026-01-20,0669.HK,Techtronic,Industrials,22.24,-0.028396679772826672,-0.016636690647481855,-0.12578616352201266,-0.24686759227903832
2026-01-21,0669.HK,Techtronic,Industrials,21.87,-0.016636690647481855,-0.0009144947416551696,-0.15396518375241786,-0.23691556175854844
2026-01-22,0669.HK,Techtronic,Industrials,21.85,-0.0009144947416551696,-0.022425629290617977,-0.1537567776917118,-0.20138888888888884
2026-01-23,0669.HK,Techtronic,Industrials,21.36,-0.022425629290617977,0.033707865168539186,-0.18317399617590824,-0.1859756097560975
2026-01-26,0669.HK,Techtronic,Industrials,22.08,0.033707865168539186,-0.0013586956521738358,-0.14617169373549888,-0.1527244819646969
2026-01-27,0669.HK,Techtronic,Industrials,22.05,-0.0013586956521738358,-0.01405895691609993,-0.1446858029480217,-0.16761041902604745
2026-01-28,0669.HK,Techtronic,Industrials,21.74,-0.01405895691609993,-0.03449862005519777,-0.15996908809891808,-0.15474339035769835
2026-01-29,0669.HK,Techtronic,Industrials,20.99,-0.03449862005519777,0.013816102906145877,-0.18295056442195412,-0.20432145564821835
2026-01-30,0669.HK,Techtronic,Industrials,21.28,0.013816102906145877,0.012687969924811915,-0.1370640713706407,-0.18279569892473113
2026-02-02,0669.HK,Techtronic,Industrials,21.55,0.012687969924811915,-0.02041763341067293,-0.12112561174551384,-0.16180474523531696
2026-02-03,0669.HK,Techtronic,Industrials,21.11,-0.02041763341067293,-0.05968735196589281,-0.10550847457627122,-0.16063618290258452
2026-02-04,0669.HK,Techtronic,Industrials,19.85,-0.05968735196589281,0.011586901763223967,-0.17394923012900543,-0.1691084135621599
2026-02-05,0669.HK,Techtronic,Industrials,20.08,0.011586901763223967,-0.003984063745019806,-0.12084063047285476,-0.16507276507276514
2026-02-06,0669.HK,Techtronic,Industrials,20.0,-0.003984063745019806,0.009500000000000064,-0.14821124361158433,-0.20540325784664293
2026-02-09,0669.HK,Techtronic,Industrials,20.19,0.009500000000000064,0.05299653293709761,-0.15061001262095075,-0.19721669980119272
2026-02-10,0669.HK,Techtronic,Industrials,21.26,0.05299653293709761,0.0,-0.11637572734829582,-0.11083228774571308
2026-02-11,0669.HK,Techtronic,Industrials,21.26,0.0,-0.013170272812794037,-0.06219673577415086,-0.12975849365534176
2026-02-12,0669.HK,Techtronic,Industrials,20.98,-0.013170272812794037,-0.030028598665395534,-0.067140951534015,-0.10226786478391103
2026-02-13,0669.HK,Techtronic,Industrials,20.35,-0.030028598665395534,-0.007862407862407883,-0.12284482758620685,-0.10075121520106045
2026-02-16,0669.HK,Techtronic,Industrials,20.19,-0.007862407862407883,0.004952947003467045,-0.11795543905635641,-0.10266666666666657
2026-02-17,0669.HK,Techtronic,Industrials,20.29,0.004952947003467045,0.0019714144898963504,-0.08767985611510787,-0.10181496237273135
2026-02-18,0669.HK,Techtronic,Industrials,20.33,0.0019714144898963504,0.04672897196261694,-0.07041609510745328,-0.07548885857207821
2026-02-19,0669.HK,Techtronic,Industrials,21.28,0.04672897196261694,0.014097744360902054,-0.02608695652173909,-0.02564102564102555
2026-02-20,0669.HK,Techtronic,Industrials,21.58,0.014097744360902054,-0.0032437442075994305,0.010299625468164653,-0.030983385720700585
2026-02-23,0669.HK,Techtronic,Industrials,21.51,-0.0032437442075994305,-0.018131101813110173,-0.025815217391304213,-0.05616498464238695
2026-02-24,0669.HK,Techtronic,Industrials,21.12,-0.018131101813110173,0.007575757575757569,-0.042176870748299344,-0.10394569367840467
2026-02-25,0669.HK,Techtronic,Industrials,21.28,0.007575757575757569,-0.023496240601503793,-0.021159153633854566,-0.14193548387096777
2026-02-26,0669.HK,Techtronic,Industrials,20.78,-0.023496240601503793,0.005293551491819093,-0.010004764173415781,-0.18027613412228793
2026-02-27,0669.HK,Techtronic,Industrials,20.89,0.005293551491819093,0.013882240306366533,-0.018327067669172914,-0.17168913560666133
2026-03-02,0669.HK,Techtronic,Industrials,21.18,0.013882240306366533,-0.005193578847969782,-0.017169373549884015,-0.179705654531371
2026-03-03,0669.HK,Techtronic,Industrials,21.07,-0.005193578847969782,-0.01661129568106323,-0.001894836570345726,-0.19457186544342508
2026-03-04,0669.HK,Techtronic,Industrials,20.72,-0.01661129568106323,-0.05791505791505791,0.043828715365239246,-0.21899736147757265
2026-03-05,0669.HK,Techtronic,Industrials,19.52,-0.05791505791505791,0.03125,-0.027888446215139417,-0.2680914885639296
2026-03-06,0669.HK,Techtronic,Industrials,20.13,0.03125,0.01142573273720826,0.00649999999999995,-0.2266615443718787
2026-03-09,0669.HK,Techtronic,Industrials,20.36,0.01142573273720826,0.012278978388998052,0.008420009905893977,-0.1962100276352151
2026-03-10,0669.HK,Techtronic,Industrials,20.61,0.012278978388998052,-0.041727316836487116,-0.030573847601129023,-0.1847310126582279
2026-03-11,0669.HK,Techtronic,Industrials,19.75,-0.041727316836487116,0.03797468354430378,-0.0710253998118533,-0.2224409448818897
2026-03-12,0669.HK,Techtronic,Industrials,20.5,0.03797468354430378,-0.012195121951219523,-0.022878932316491962,-0.17835671342685366
2026-03-13,0669.HK,Techtronic,Industrials,20.25,-0.012195121951219523,-0.006913580246913575,-0.004914004914004955,-0.19801980198019797
2026-03-16,0669.HK,Techtronic,Industrials,20.11,-0.006913580246913575,-0.028344107409249197,-0.003962357602773747,-0.24596925384326962
2026-03-17,0669.HK,Techtronic,Industrials,19.54,-0.028344107409249197,-0.04708290685772765,-0.036964021685559345,-0.23191823899371078
2026-03-18,0669.HK,Techtronic,Industrials,18.62,-0.04708290685772765,0.03168635875402792,-0.08411214953271018,-0.2796905222437137
2026-03-19,0669.HK,Techtronic,Industrials,19.21,0.03168635875402792,0.034877667881311636,-0.09727443609022557,-0.256003098373354
2026-03-20,0669.HK,Techtronic,Industrials,19.88,0.034877667881311636,-0.0035211267605633756,-0.07877664504170523,-0.23977055449330786
2026-03-23,0669.HK,Techtronic,Industrials,19.81,-0.0035211267605633756,-0.0176678445229681,-0.07903300790330092,-0.2339520494972932
2026-03-24,0669.HK,Techtronic,Industrials,19.46,-0.0176678445229681,-0.00976361767728684,-0.07859848484848486,-0.24515128006206366
2026-03-25,0669.HK,Techtronic,Industrials,19.27,-0.00976361767728684,-0.008822003113648114,-0.09445488721804518,-0.25540958268933533
2026-03-26,0669.HK,Techtronic,Industrials,19.1,-0.008822003113648114,-0.03141361256544506,-0.08084696823869109,-0.25652004671078243
2026-03-27,0669.HK,Techtronic,Industrials,18.5,-0.03141361256544506,-0.007567567567567601,-0.1144088080421255,-0.24979724249797242
2026-03-30,0669.HK,Techtronic,Industrials,18.36,-0.007567567567567601,0.004901960784313708,-0.1331444759206799,-0.25122349102773245
2026-03-31,0669.HK,Techtronic,Industrials,18.45,0.004901960784313708,0.028184281842818404,-0.12434741338395827,-0.21822033898305093
2026-04-01,0669.HK,Techtronic,Industrials,18.97,0.028184281842818404,0.0010542962572481773,-0.08445945945945943,-0.21057012068248027
2026-04-02,0669.HK,Techtronic,Industrials,18.99,0.0010542962572481773,-0.04212743549236431,-0.027151639344262346,-0.16856392294220668
2026-04-03,0669.HK,Techtronic,Industrials,18.19,-0.04212743549236431,0.010445299615173154,-0.09637357178340777,-0.22529812606473587
2026-04-06,0669.HK,Techtronic,Industrials,18.38,0.010445299615173154,-0.006528835690968293,-0.09724950884086447,-0.22675641564997895
2026-04-07,0669.HK,Techtronic,Industrials,18.26,-0.006528835690968293,0.037787513691128094,-0.11402231926249384,-0.24106400665004146
2026-04-08,0669.HK,Techtronic,Industrials,18.95,0.037787513691128094,0.03852242744063328,-0.040506329113924044,-0.16409351565946195
2026-04-09,0669.HK,Techtronic,Industrials,19.68,0.03852242744063328,0.040142276422764134,-0.040000000000000036,-0.12494441974210757
2026-04-10,0669.HK,Techtronic,Industrials,20.47,0.040142276422764134,-0.01465559355153867,0.010864197530864095,-0.11767241379310345
2026-04-13,0669.HK,Techtronic,Industrials,20.17,-0.01465559355153867,0.05453644025780857,0.002983590253605284,-0.11882918304936652
2026-04-14,0669.HK,Techtronic,Industrials,21.27,0.05453644025780857,0.009873060648801113,0.08853633572159669,-0.04361510791366907
2026-04-15,0669.HK,Techtronic,Industrials,21.48,0.009873060648801113,0.04422718808193671,0.15359828141783027,-0.017832647462277085
2026-04-16,0669.HK,Techtronic,Industrials,22.43,0.04422718808193671,-0.012929112795363351,0.16762103071317025,0.02654462242562916
2026-04-17,0669.HK,Techtronic,Industrials,22.14,-0.012929112795363351,-0.0072267389340560095,0.11368209255533213,0.036516853932584414
2026-04-20,0669.HK,Techtronic,Industrials,21.98,-0.0072267389340560095,0.007734303912647844,0.10954063604240294,-0.00452898550724623
2026-04-21,0669.HK,Techtronic,Industrials,22.15,0.007734303912647844,0.00496613995485351,0.1382322713257964,0.0045351473922901064
2026-04-22,0669.HK,Techtronic,Industrials,22.26,0.00496613995485351,0.034141958670260486,0.1551634665282824,0.023919043238270543
2026-04-23,0669.HK,Techtronic,Industrials,23.02,0.034141958670260486,-0.005647263249348389,0.20523560209424074,0.09671272034302048
2026-04-24,0669.HK,Techtronic,Industrials,22.89,-0.005647263249348389,0.03189165574486674,0.23729729729729732,0.07565789473684204
2026-04-27,0669.HK,Techtronic,Industrials,23.62,0.03189165574486674,0.020321761219305623,0.28649237472766886,0.09605568445475643
2026-04-28,0669.HK,Techtronic,Industrials,24.1,0.020321761219305623,-0.004979253112033288,0.30623306233062353,0.1416390336333493
2026-04-29,0669.HK,Techtronic,Industrials,23.98,-0.004979253112033288,0.017931609674728843,0.26410121244069584,0.20806045340050372
2026-04-30,0669.HK,Techtronic,Industrials,24.41,0.017931609674728843,-0.011880376894715217,0.28541337546076884,0.21563745019920333
2026-05-01,0669.HK,Techtronic,Industrials,24.12,-0.011880376894715217,0.06343283582089532,0.326003298515668,0.20599999999999996
2026-05-04,0669.HK,Techtronic,Industrials,25.65,0.06343283582089532,-0.07095516569200777,0.39553862894450487,0.27043090638930156
2026-05-05,0669.HK,Techtronic,Industrials,23.83,-0.07095516569200777,0.01888375996642888,0.30503833515881684,0.12088428974600163
2026-05-06,0669.HK,Techtronic,Industrials,24.28,0.01888375996642888,-0.04695222405271826,0.28126649076517163,0.14205079962370637
2026-05-07,0669.HK,Techtronic,Industrials,23.14,-0.04695222405271826,-0.005185825410544576,0.17581300813008127,0.10295519542421361
2026-05-08,0669.HK,Techtronic,Industrials,23.02,-0.005185825410544576,,0.12457254518808014,0.13120393120393103
2025-09-01,0700.HK,Tencent,Technology,398.91,,-0.025820360482314286,,
2025-09-02,0700.HK,Tencent,Technology,388.61,-0.025820360482314286,0.008105813025912845,,
2025-09-03,0700.HK,Tencent,Technology,391.76,0.008105813025912845,0.007172758831937909,,
2025-09-04,0700.HK,Tencent,Technology,394.57,0.007172758831937909,0.024507691917784014,,
2025-09-05,0700.HK,Tencent,Technology,404.24,0.024507691917784014,-0.013234712052246245,,
2025-09-08,0700.HK,Tencent,Technology,398.89,-0.013234712052246245,-0.011882975256336303,,
2025-09-09,0700.HK,Tencent,Technology,394.15,-0.011882975256336303,-0.013015349486236172,,
2025-09-10,0700.HK,Tencent,Technology,389.02,-0.013015349486236172,-0.021361369595393587,,
2025-09-11,0700.HK,Tencent,Technology,380.71,-0.021361369595393587,-0.06138530640119777,,
2025-09-12,0700.HK,Tencent,Technology,357.34,-0.06138530640119777,0.02305927128225216,,
2025-09-15,0700.HK,Tencent,Technology,365.58,0.02305927128225216,0.0199135620110511,,
2025-09-16,0700.HK,Tencent,Technology,372.86,0.0199135620110511,-0.03558976559566607,,
2025-09-17,0700.HK,Tencent,Technology,359.59,-0.03558976559566607,-0.00959426012959197,,
2025-09-18,0700.HK,Tencent,Technology,356.14,-0.00959426012959197,-0.01704385915651152,,
2025-09-19,0700.HK,Tencent,Technology,350.07,-0.01704385915651152,-0.01613962921701373,,
2025-09-22,0700.HK,Tencent,Technology,344.42,-0.01613962921701373,-0.050171302479530944,,
2025-09-23,0700.HK,Tencent,Technology,327.14,-0.050171302479530944,-0.014397505655071141,,
2025-09-24,0700.HK,Tencent,Technology,322.43,-0.014397505655071141,0.014731879787860835,,
2025-09-25,0700.HK,Tencent,Technology,327.18,0.014731879787860835,0.06125068769484687,,
2025-09-26,0700.HK,Tencent,Technology,347.22,0.06125068769484687,0.009878463222164457,,
2025-09-29,0700.HK,Tencent,Technology,350.65,0.009878463222164457,0.003450734350492146,-0.12097966959965922,
2025-09-30,0700.HK,Tencent,Technology,351.86,0.003450734350492146,-0.011652361734780903,-0.09456781863565011,
2025-10-01,0700.HK,Tencent,Technology,347.76,-0.011652361734780903,-0.013687600644122333,-0.11231366142536248,
2025-10-02,0700.HK,Tencent,Technology,343.0,-0.013687600644122333,0.023002915451894923,-0.13069924221304208,
2025-10-03,0700.HK,Tencent,Technology,350.89,0.023002915451894923,0.007438228504659694,-0.13197605382940836,
2025-10-06,0700.HK,Tencent,Technology,353.5,0.007438228504659694,-0.014512022630834509,-0.11379076938504351,
2025-10-07,0700.HK,Tencent,Technology,348.37,-0.014512022630834509,-0.0236817177139248,-0.11614867436255227,
2025-10-08,0700.HK,Tencent,Technology,340.12,-0.0236817177139248,-0.00326355403975076,-0.125700478124518,
2025-10-09,0700.HK,Tencent,Technology,339.01,-0.00326355403975076,-0.01212353617887385,-0.10953218985579571,
2025-10-10,0700.HK,Tencent,Technology,334.9,-0.01212353617887385,0.0004180352343985394,-0.06279733587059944,
2025-10-13,0700.HK,Tencent,Technology,335.04,0.0004180352343985394,-0.0048949379178606645,-0.08353848678811737,
2025-10-14,0700.HK,Tencent,Technology,333.4,-0.0048949379178606645,0.009778044391121954,-0.10583060666201805,
2025-10-15,0700.HK,Tencent,Technology,336.66,0.009778044391121954,-0.029436226459929937,-0.06376706804972321,
2025-10-16,0700.HK,Tencent,Technology,326.75,-0.029436226459929937,0.02644223412394786,-0.08252372662436114,
2025-10-17,0700.HK,Tencent,Technology,335.39,0.02644223412394786,0.0664301261218283,-0.041934470248807365,
2025-10-20,0700.HK,Tencent,Technology,357.67,0.0664301261218283,0.028853412363351705,0.03847047209801979,
2025-10-21,0700.HK,Tencent,Technology,367.99,0.028853412363351705,0.005733851463354922,0.12487008620162632,
2025-10-22,0700.HK,Tencent,Technology,370.1,0.005733851463354922,0.021453661172656124,0.14784604410259594,
2025-10-23,0700.HK,Tencent,Technology,378.04,0.021453661172656124,-0.023383768913342595,0.15544959960877813,
2025-10-24,0700.HK,Tencent,Technology,369.2,-0.023383768913342595,-0.036998916576381324,0.06330280513795272,
2025-10-27,0700.HK,Tencent,Technology,355.54,-0.036998916576381324,0.018900826911177226,0.013945529730500672,
2025-10-28,0700.HK,Tencent,Technology,362.26,0.018900826911177226,-0.012201181471871103,0.029557210254078203,
2025-10-29,0700.HK,Tencent,Technology,357.84,-0.012201181471871103,-0.03138274088978299,0.02898550724637672,
2025-10-30,0700.HK,Tencent,Technology,346.61,-0.03138274088978299,-0.020339863246876977,0.010524781341108014,
2025-10-31,0700.HK,Tencent,Technology,339.56,-0.020339863246876977,-0.026269289668983453,-0.03228932143976737,
2025-11-03,0700.HK,Tencent,Technology,330.64,-0.026269289668983453,0.0037503024437455235,-0.0646676096181047,
2025-11-04,0700.HK,Tencent,Technology,331.88,0.0037503024437455235,0.014342533445823813,-0.0473347303154692,
2025-11-05,0700.HK,Tencent,Technology,336.64,0.014342533445823813,0.021595769961977318,-0.010231682935434638,
2025-11-06,0700.HK,Tencent,Technology,343.91,0.021595769961977318,0.021778953796051104,0.014453850918852096,
2025-11-07,0700.HK,Tencent,Technology,351.4,0.021778953796051104,0.018440523619806637,0.04926843833980299,
2025-11-10,0700.HK,Tencent,Technology,357.88,0.018440523619806637,-0.004359003017771368,0.06817096466093586,
2025-11-11,0700.HK,Tencent,Technology,356.32,-0.004359003017771368,-0.014228783116299937,0.06874625074985019,
2025-11-12,0700.HK,Tencent,Technology,351.25,-0.014228783116299937,-0.03521708185053385,0.043337491831521247,
2025-11-13,0700.HK,Tencent,Technology,338.88,-0.03521708185053385,0.02661709159584502,0.037123182861514836,
2025-11-14,0700.HK,Tencent,Technology,347.9,0.02661709159584502,-0.0036504742742167196,0.03729985986463524,
2025-11-17,0700.HK,Tencent,Technology,346.63,-0.0036504742742167196,-0.009202896460202559,-0.030866441132887945,
2025-11-18,0700.HK,Tencent,Technology,343.44,-0.009202896460202559,0.028534824132308456,-0.06671376939590756,
2025-11-19,0700.HK,Tencent,Technology,353.24,0.028534824132308456,-0.02075076435284784,-0.045555255336395595,
2025-11-20,0700.HK,Tencent,Technology,345.91,-0.02075076435284784,0.020352114711919223,-0.0849910062427256,
2025-11-21,0700.HK,Tencent,Technology,352.95,0.020352114711919223,0.007564810879728157,-0.04401408450704225,
2025-11-24,0700.HK,Tencent,Technology,355.62,0.007564810879728157,-0.024042517293740517,0.00022500984418072356,-0.10852071895916382
2025-11-25,0700.HK,Tencent,Technology,347.07,-0.024042517293740517,-0.0012677557841357379,-0.041931209628443655,-0.10689380098299073
2025-11-26,0700.HK,Tencent,Technology,346.63,-0.0012677557841357379,0.023627499062400803,-0.03132684998882174,-0.11519808045742286
2025-11-27,0700.HK,Tencent,Technology,354.82,0.023627499062400803,0.0194182966010934,0.023686564149909106,-0.10074258053070428
2025-11-28,0700.HK,Tencent,Technology,361.71,0.0194182966010934,0.035995687152691414,0.06523147602780055,-0.10520977637047302
2025-12-01,0700.HK,Tencent,Technology,374.73,0.035995687152691414,0.008566167640701172,0.13334744737478843,-0.060568076412043315
2025-12-02,0700.HK,Tencent,Technology,377.94,0.008566167640701172,0.08051542572895176,0.13878510304929503,-0.04112647469237596
2025-12-03,0700.HK,Tencent,Technology,408.37,0.08051542572895176,-0.021279721820897657,0.21307628326996197,0.04974037324559144
2025-12-04,0700.HK,Tencent,Technology,399.68,-0.021279721820897657,-0.008882105684547614,0.16216451978715352,0.049827953035118666
2025-12-05,0700.HK,Tencent,Technology,396.13,-0.008882105684547614,-0.0009087925680963949,0.12729083665338647,0.10855207925225274
2025-12-08,0700.HK,Tencent,Technology,395.77,-0.0009087925680963949,-0.03310003284736074,0.10587347714317641,0.08258110399912466
2025-12-09,0700.HK,Tencent,Technology,382.67,-0.03310003284736074,0.025269814722868267,0.07395038167938939,0.026310143217293414
2025-12-10,0700.HK,Tencent,Technology,392.34,0.025269814722868267,0.021996227761635456,0.11698220640569379,0.09107594760699689
2025-12-11,0700.HK,Tencent,Technology,400.97,0.021996227761635456,0.000997580866398895,0.18322119924457048,0.1258774639186837
2025-12-12,0700.HK,Tencent,Technology,401.37,0.000997580866398895,-0.012133442957869334,0.15369359011210126,0.1465421201473991
2025-12-15,0700.HK,Tencent,Technology,396.5,-0.012133442957869334,-0.03490542244640604,0.14387098635432594,0.1512107310841413
2025-12-16,0700.HK,Tencent,Technology,382.66,-0.03490542244640604,-0.01816233732295003,0.1141975308641976,0.16971327260500102
2025-12-17,0700.HK,Tencent,Technology,375.71,-0.01816233732295003,0.018178914588379502,0.06361114256596068,0.1652451694941537
2025-12-18,0700.HK,Tencent,Technology,382.54,0.018178914588379502,-0.004470120771684072,0.10589459686045499,0.16920349654624367
2025-12-19,0700.HK,Tencent,Technology,380.83,-0.004470120771684072,-0.009584328965680178,0.07899135854936956,0.09679741950348464
2025-12-22,0700.HK,Tencent,Technology,377.18,-0.009584328965680178,0.012434381462431698,0.06062651144480058,0.075659489519464
2025-12-23,0700.HK,Tencent,Technology,381.87,0.012434381462431698,0.02802000680859984,0.10026795747255601,0.08528960381970108
2025-12-24,0700.HK,Tencent,Technology,392.57,0.02802000680859984,0.006648495809664645,0.13253324870899807,0.1288532321141016
2025-12-25,0700.HK,Tencent,Technology,395.18,0.006648495809664645,0.007996356090895107,0.11374781579392379,0.15212827988338185
2025-12-26,0700.HK,Tencent,Technology,398.34,0.007996356090895107,0.03308731234623696,0.10126897238118926,0.1352275641939069
2025-12-29,0700.HK,Tencent,Technology,411.52,0.03308731234623696,0.004714230171073197,0.09817735436180697,0.16413012729844412
2025-12-30,0700.HK,Tencent,Technology,413.46,0.004714230171073197,-0.006796304358341776,0.09398317193205274,0.18684157648477195
2025-12-31,0700.HK,Tencent,Technology,410.65,-0.006796304358341776,0.01651041032509437,0.005583172123319491,0.20736798776902265
2026-01-01,0700.HK,Tencent,Technology,417.43,0.01651041032509437,-0.005533861964880371,0.044410528422738293,0.23132061001150417
2026-01-02,0700.HK,Tencent,Technology,415.12,-0.005533861964880371,-0.00816631335517437,0.0479388079670815,0.23953418931024206
2026-01-05,0700.HK,Tencent,Technology,411.73,-0.00816631335517437,0.030748305928642417,0.0403264522323572,0.22889804202483277
2026-01-06,0700.HK,Tencent,Technology,424.39,0.030748305928642417,-0.006362072621880821,0.10902344056236446,0.2729154169166168
2026-01-07,0700.HK,Tencent,Technology,421.69,-0.006362072621880821,-0.06241551850885718,0.07480756486720708,0.25256935780906553
2026-01-08,0700.HK,Tencent,Technology,395.37,-0.06241551850885718,0.008751296254141616,-0.013966132129585862,0.2100076511094109
2026-01-09,0700.HK,Tencent,Technology,398.83,0.008751296254141616,-0.00885088884988583,-0.0063283254852132265,0.1891529264438414
2026-01-12,0700.HK,Tencent,Technology,395.3,-0.00885088884988583,-0.006299013407538578,-0.0030264817150063017,0.10520871194117487
2026-01-13,0700.HK,Tencent,Technology,392.81,-0.006299013407538578,0.011303174562765639,0.026524852349343986,0.06744748498600495
2026-01-14,0700.HK,Tencent,Technology,397.25,0.011303174562765639,-0.003398363750786726,0.05733145245002791,0.07335855174277217
2026-01-15,0700.HK,Tencent,Technology,395.9,-0.003398363750786726,0.00565799444304127,0.03492445234485264,0.04724367791768058
2026-01-16,0700.HK,Tencent,Technology,398.14,0.00565799444304127,-0.04742050534987696,0.045453351889294336,0.0783856988082341
2026-01-19,0700.HK,Tencent,Technology,379.26,-0.04742050534987696,-0.021805621473395487,0.005514608409777688,0.06671541879957243
2026-01-20,0700.HK,Tencent,Technology,370.99,-0.021805621473395487,0.03382840507830398,-0.028491371409118282,0.024098713631093727
2026-01-21,0700.HK,Tencent,Technology,383.54,0.03382840507830398,0.00013036449913950143,-0.023002267111597807,0.07181980773530072
2026-01-22,0700.HK,Tencent,Technology,383.59,0.00013036449913950143,-0.0391563909382413,-0.029328407308062188,0.10669051671907903
2026-01-23,0700.HK,Tencent,Technology,368.57,-0.0391563909382413,-0.02487994139512173,-0.07473515087613591,0.085434091176817
2026-01-26,0700.HK,Tencent,Technology,359.4,-0.02487994139512173,-0.022982749026154714,-0.12665241057542775,0.08698282119525769
2026-01-27,0700.HK,Tencent,Technology,351.14,-0.022982749026154714,0.0029902602950391266,-0.15072800270884723,0.058033023984572774
2026-01-28,0700.HK,Tencent,Technology,352.19,0.0029902602950391266,-0.00971066753740879,-0.14235967368805547,0.046191777566539916
2026-01-29,0700.HK,Tencent,Technology,348.77,-0.00971066753740879,-0.015081572382945718,-0.16448266775267717,0.014131604198772907
2026-01-30,0700.HK,Tencent,Technology,343.51,-0.015081572382945718,0.0006404471485546015,-0.1725043360955868,-0.022453044963005042
2026-02-02,0700.HK,Tencent,Technology,343.73,0.0006404471485546015,0.011869781514560751,-0.16515677749981783,-0.03953839275734872
2026-02-03,0700.HK,Tencent,Technology,347.81,0.011869781514560751,-0.005577757971306219,-0.1804472301420863,-0.02388302649303997
2026-02-04,0700.HK,Tencent,Technology,345.87,-0.005577757971306219,-0.013097406540029555,-0.17980032725461825,-0.015316725978647638
2026-02-05,0700.HK,Tencent,Technology,341.34,-0.013097406540029555,-0.009433409503720513,-0.13665680248880807,0.007259206798866824
2026-02-06,0700.HK,Tencent,Technology,338.12,-0.009433409503720513,0.008606411924760415,-0.1522202442143269,-0.02811152630066105
2026-02-09,0700.HK,Tencent,Technology,341.03,0.008606411924760415,0.00038119813506165556,-0.1372881355932204,-0.01615555491446219
2026-02-10,0700.HK,Tencent,Technology,341.16,0.00038119813506165556,0.018730214562082237,-0.13148850589343442,-0.006638714185883909
2026-02-11,0700.HK,Tencent,Technology,347.55,0.018730214562082237,-0.02672996691123586,-0.12511013215859024,-0.016108028535839702
2026-02-12,0700.HK,Tencent,Technology,338.26,-0.02672996691123586,-0.017826523975639996,-0.14559232129325583,-0.022115579196900992
2026-02-13,0700.HK,Tencent,Technology,332.23,-0.017826523975639996,0.01887246786864516,-0.16554478324207555,-0.05870519903669069
2026-02-16,0700.HK,Tencent,Technology,338.5,0.01887246786864516,-0.01846381093057603,-0.10747244634287823,-0.048141274394016054
2026-02-17,0700.HK,Tencent,Technology,332.25,-0.01846381093057603,0.0333784800601955,-0.10442329981940213,-0.042700319820209165
2026-02-18,0700.HK,Tencent,Technology,343.34,0.0333784800601955,0.03387312867711323,-0.10481305730823398,-0.009491388512246512
2026-02-19,0700.HK,Tencent,Technology,354.97,0.03387312867711323,0.033552131166013854,-0.07461091269324005,0.0004227495631587974
2026-02-20,0700.HK,Tencent,Technology,366.88,0.033552131166013854,-0.020333624073266443,-0.004585289090267786,0.014293218324071821
2026-02-23,0700.HK,Tencent,Technology,359.42,-0.020333624073266443,0.0023927438651158983,5.564830272697385e-05,-0.04085608304646016
2026-02-24,0700.HK,Tencent,Technology,360.28,0.0023927438651158983,-0.011157988231375593,0.026029503901577655,-0.04672699370270417
2026-02-25,0700.HK,Tencent,Technology,356.26,-0.011157988231375593,0.02242744063324542,0.0115562622448111,-0.12760486813429006
2026-02-26,0700.HK,Tencent,Technology,364.25,0.02242744063324542,0.0410157858613589,0.04438455142357434,-0.08864591673338673
2026-02-27,0700.HK,Tencent,Technology,379.19,0.0410157858613589,0.021282206809251303,0.10386888300195052,-0.04276373917653298
2026-03-02,0700.HK,Tencent,Technology,387.26,0.021282206809251303,0.0007488509012034683,0.12664009542373367,-0.021502387750461094
2026-03-03,0700.HK,Tencent,Technology,387.55,0.0007488509012034683,-0.00810218036382404,0.11425778442252965,0.01275250215590451
2026-03-04,0700.HK,Tencent,Technology,384.41,-0.00810218036382404,0.015920501547826316,0.11142914968051576,-0.020212060967528034
2026-03-05,0700.HK,Tencent,Technology,390.53,0.015920501547826316,-0.02844851867974285,0.1441085135055955,-0.02603686061301358
2026-03-06,0700.HK,Tencent,Technology,379.42,-0.02844851867974285,0.013283432607664292,0.12214598367443519,-0.054687694645838
2026-03-09,0700.HK,Tencent,Technology,384.46,0.013283432607664292,-0.021146543203454216,0.12734950004398438,-0.0303656998738967
2026-03-10,0700.HK,Tencent,Technology,376.33,-0.021146543203454216,0.015252570881938654,0.10308945949114778,-0.01654210003658607
2026-03-11,0700.HK,Tencent,Technology,382.07,0.015252570881938654,-0.0032454785772241257,0.09932383829664793,0.016927949748476223
2026-03-12,0700.HK,Tencent,Technology,380.83,-0.0032454785772241257,-0.008665283722395833,0.12584993791757815,-0.004470120771684072
2026-03-13,0700.HK,Tencent,Technology,377.53,-0.008665283722395833,-0.020448706063094235,0.13635132287872853,-0.008665283722395833
2026-03-16,0700.HK,Tencent,Technology,369.81,-0.020448706063094235,-0.007922987480057375,0.09249630723781399,-0.019539742298107066
2026-03-17,0700.HK,Tencent,Technology,366.88,-0.007922987480057375,0.013737461840383824,0.10422874341610222,-0.039254196454290735
2026-03-18,0700.HK,Tencent,Technology,371.92,0.013737461840383824,0.025301140030113967,0.08324110211452207,-0.05260208370481689
2026-03-19,0700.HK,Tencent,Technology,381.33,0.025301140030113967,0.013033330710932933,0.07425979660252957,-0.035047320208512645
2026-03-20,0700.HK,Tencent,Technology,386.3,0.013033330710932933,0.03290188972301311,0.0529328390754471,-0.03022543555756385
2026-03-23,0700.HK,Tencent,Technology,399.01,0.03290188972301311,0.06075035713390653,0.11014968560458516,-0.03039949455676516
2026-03-24,0700.HK,Tencent,Technology,423.25,0.06075035713390653,-0.007135262847017043,0.17478072610192075,0.023678227639916782
2026-03-25,0700.HK,Tencent,Technology,420.23,-0.007135262847017043,-0.004330961616257789,0.1795598720035929,0.023328868866431263
2026-03-26,0700.HK,Tencent,Technology,418.41,-0.004330961616257789,-0.03360340336034029,0.14868908716540852,0.0023476990154038813
2026-03-27,0700.HK,Tencent,Technology,404.35,-0.03360340336034029,0.0287869420056881,0.06635196075845884,-0.02594430526112923
2026-03-30,0700.HK,Tencent,Technology,415.99,0.0287869420056881,0.03134690737758117,0.07418788410886745,0.010346586355135523
2026-03-31,0700.HK,Tencent,Technology,429.03,0.03134690737758117,-0.01999860149639887,0.10703135079344595,0.010933339616861826
2026-04-01,0700.HK,Tencent,Technology,420.45,-0.01999860149639887,0.015198002140563549,0.09375406467053393,-0.002940548744338245
2026-04-02,0700.HK,Tencent,Technology,426.84,0.015198002140563549,0.029402117889607338,0.09297621181471327,0.07959632749070478
2026-04-03,0700.HK,Tencent,Technology,439.39,0.029402117889607338,0.005917294430915598,0.1580570344209582,0.1016974650853748
2026-04-06,0700.HK,Tencent,Technology,441.99,0.005917294430915598,0.02063395099436649,0.14963845393538988,0.11811282570199855
2026-04-07,0700.HK,Tencent,Technology,451.11,0.02063395099436649,0.004699518964332405,0.1987085802354318,0.14841781013721644
2026-04-08,0700.HK,Tencent,Technology,453.23,0.004699518964332405,-0.028307923129537005,0.18624859318972975,0.14091881686595342
2026-04-09,0700.HK,Tencent,Technology,440.4,-0.028307923129537005,0.025431425976385258,0.15642150040700575,0.11240212174791608
2026-04-10,0700.HK,Tencent,Technology,451.6,0.025431425976385258,0.03197519929140835,0.19619632876857485,0.13427437584769186
2026-04-13,0700.HK,Tencent,Technology,466.04,0.03197519929140835,0.017959831774096546,0.2602147048484358,0.22881400622264425
2026-04-14,0700.HK,Tencent,Technology,474.41,0.017959831774096546,-0.022090596741215496,0.2930931094635849,0.2787676217687809
2026-04-15,0700.HK,Tencent,Technology,463.93,-0.022090596741215496,-0.01726553574892764,0.24739191223919121,0.2096000417166397
2026-04-16,0700.HK,Tencent,Technology,455.92,-0.01726553574892764,-0.026254606071240638,0.19560485668581018,0.1885607028337548
2026-04-17,0700.HK,Tencent,Technology,443.95,-0.026254606071240638,0.018808424372114052,0.14923634480973336,0.2045201725588084
2026-04-20,0700.HK,Tencent,Technology,452.3,0.018808424372114052,0.030621269069201817,0.133555549986216,0.2584863661658321
2026-04-21,0700.HK,Tencent,Technology,466.15,0.030621269069201817,0.01061889949587047,0.10135853514471349,0.32753317764994017
2026-04-22,0700.HK,Tencent,Technology,471.1,0.01061889949587047,0.022861388240288605,0.12105275682364414,0.33763025639569566
2026-04-23,0700.HK,Tencent,Technology,481.87,0.022861388240288605,-0.020026148131238708,0.15166941516694155,0.381626860108381
2026-04-24,0700.HK,Tencent,Technology,472.22,-0.020026148131238708,0.004002371775867042,0.1678496352170149,0.37469069313848236
2026-04-27,0700.HK,Tencent,Technology,474.11,0.004002371775867042,-0.03193351753812401,0.13971489699271622,0.3793093416344224
2026-04-28,0700.HK,Tencent,Technology,458.97,-0.03193351753812401,-0.017757151883565414,0.06978532969722417,0.3195997814898939
2026-04-29,0700.HK,Tencent,Technology,450.82,-0.017757151883565414,0.02138325717581302,0.07223213223926739,0.30343770780929247
2026-04-30,0700.HK,Tencent,Technology,460.46,0.02138325717581302,-0.0051253094731354976,0.07876487676881272,0.3489775590320503
2026-05-01,0700.HK,Tencent,Technology,458.1,-0.0051253094731354976,0.029229425889543803,0.04258176107785805,0.3548444339287826
2026-05-04,0700.HK,Tencent,Technology,471.49,0.029229425889543803,0.013298267195486657,0.06674359148397024,0.38254699000087977
2026-05-05,0700.HK,Tencent,Technology,477.76,0.013298267195486657,0.06538847957133287,0.05907650018842414,0.40039863993434155
2026-05-06,0700.HK,Tencent,Technology,509.0,0.06538847957133287,0.002770137524557903,0.12305010700968588,0.4645374766220687
2026-05-07,0700.HK,Tencent,Technology,510.41,0.002770137524557903,-0.032797163064987034,0.15896911898274313,0.5089280435168215
2026-05-08,0700.HK,Tencent,Technology,493.67,-0.032797163064987034,,0.09315766164747563,0.4859284230803962
2025-09-01,0883.HK,CNOOC,Energy,20.09,,-0.004479840716774541,,
2025-09-02,0883.HK,CNOOC,Energy,20.0,-0.004479840716774541,-0.007499999999999951,,
2025-09-03,0883.HK,CNOOC,Energy,19.85,-0.007499999999999951,0.0015113350125943725,,
2025-09-04,0883.HK,CNOOC,Energy,19.88,0.0015113350125943725,-0.010060362173038184,,
2025-09-05,0883.HK,CNOOC,Energy,19.68,-0.010060362173038184,-0.00101626016260159,,
2025-09-08,0883.HK,CNOOC,Energy,19.66,-0.00101626016260159,-0.015259409969481164,,
2025-09-09,0883.HK,CNOOC,Energy,19.36,-0.015259409969481164,-0.0020661157024792765,,
2025-09-10,0883.HK,CNOOC,Energy,19.32,-0.0020661157024792765,0.007246376811594235,,
2025-09-11,0883.HK,CNOOC,Energy,19.46,0.007246376811594235,-0.008221993833504637,,
2025-09-12,0883.HK,CNOOC,Energy,19.3,-0.008221993833504637,0.0010362694300518616,,
2025-09-15,0883.HK,CNOOC,Energy,19.32,0.0010362694300518616,0.0025879917184266077,,
2025-09-16,0883.HK,CNOOC,Energy,19.37,0.0025879917184266077,0.0077439339184304234,,
2025-09-17,0883.HK,CNOOC,Energy,19.52,0.0077439339184304234,-0.0015368852459016757,,
2025-09-18,0883.HK,CNOOC,Energy,19.49,-0.0015368852459016757,0.017444843509492047,,
2025-09-19,0883.HK,CNOOC,Energy,19.83,0.017444843509492047,-0.03126575895108408,,
2025-09-22,0883.HK,CNOOC,Energy,19.21,-0.03126575895108408,0.04528891202498686,,
2025-09-23,0883.HK,CNOOC,Energy,20.08,0.04528891202498686,-0.01245019920318724,,
2025-09-24,0883.HK,CNOOC,Energy,19.83,-0.01245019920318724,0.007060010085728763,,
2025-09-25,0883.HK,CNOOC,Energy,19.97,0.007060010085728763,-0.014021031547320817,,
2025-09-26,0883.HK,CNOOC,Energy,19.69,-0.014021031547320817,0.010665312341289868,,
2025-09-29,0883.HK,CNOOC,Energy,19.9,0.010665312341289868,0.005025125628140836,-0.009457441513190723,
2025-09-30,0883.HK,CNOOC,Energy,20.0,0.005025125628140836,-0.009000000000000008,0.0,
2025-10-01,0883.HK,CNOOC,Energy,19.82,-0.009000000000000008,0.017154389505549927,-0.0015113350125944836,
2025-10-02,0883.HK,CNOOC,Energy,20.16,0.017154389505549927,-0.001984126984126977,0.014084507042253502,
2025-10-03,0883.HK,CNOOC,Energy,20.12,-0.001984126984126977,0.008946322067594492,0.022357723577235866,
2025-10-06,0883.HK,CNOOC,Energy,20.3,0.008946322067594492,-0.013300492610837433,0.03255340793489325,
2025-10-07,0883.HK,CNOOC,Energy,20.03,-0.013300492610837433,0.0004992511233148367,0.0346074380165291,
2025-10-08,0883.HK,CNOOC,Energy,20.04,0.0004992511233148367,0.03093812375249505,0.03726708074534146,
2025-10-09,0883.HK,CNOOC,Energy,20.66,0.03093812375249505,0.015488867376573179,0.06166495375128456,
2025-10-10,0883.HK,CNOOC,Energy,20.98,0.015488867376573179,0.0057197330791229906,0.08704663212435237,
2025-10-13,0883.HK,CNOOC,Energy,21.1,0.0057197330791229906,-0.006161137440758413,0.09213250517598359,
2025-10-14,0883.HK,CNOOC,Energy,20.97,-0.006161137440758413,0.0014306151645206988,0.08260196179659252,
2025-10-15,0883.HK,CNOOC,Energy,21.0,0.0014306151645206988,0.003809523809523707,0.07581967213114749,
2025-10-16,0883.HK,CNOOC,Energy,21.08,0.003809523809523707,0.007590132827324458,0.08158029758850693,
2025-10-17,0883.HK,CNOOC,Energy,21.24,0.007590132827324458,-0.015536723163841692,0.07110438729198187,
2025-10-20,0883.HK,CNOOC,Energy,20.91,-0.015536723163841692,0.01099952175992347,0.08849557522123885,
2025-10-21,0883.HK,CNOOC,Energy,21.14,0.01099952175992347,-0.016083254493850507,0.05278884462151412,
2025-10-22,0883.HK,CNOOC,Energy,20.8,-0.016083254493850507,0.02548076923076903,0.048915784165405984,
2025-10-23,0883.HK,CNOOC,Energy,21.33,0.02548076923076903,-0.010782934833567626,0.0681021532298447,
2025-10-24,0883.HK,CNOOC,Energy,21.1,-0.010782934833567626,0.005213270142180093,0.07160995429151851,
2025-10-27,0883.HK,CNOOC,Energy,21.21,0.005213270142180093,0.016030174446016066,0.06582914572864329,
2025-10-28,0883.HK,CNOOC,Energy,21.55,0.016030174446016066,-0.0032482598607889157,0.07750000000000012,
2025-10-29,0883.HK,CNOOC,Energy,21.48,-0.0032482598607889157,0.006052141527001842,0.08375378405650857,
2025-10-30,0883.HK,CNOOC,Energy,21.61,0.006052141527001842,0.022674687644609115,0.07192460317460303,
2025-10-31,0883.HK,CNOOC,Energy,22.1,0.022674687644609115,0.009049773755656076,0.09840954274353875,
2025-11-03,0883.HK,CNOOC,Energy,22.3,0.009049773755656076,0.00627802690582957,0.09852216748768483,
2025-11-04,0883.HK,CNOOC,Energy,22.44,0.00627802690582957,-0.024955436720142665,0.1203195207189216,
2025-11-05,0883.HK,CNOOC,Energy,21.88,-0.024955436720142665,-0.013711151736745975,0.09181636726546905,
2025-11-06,0883.HK,CNOOC,Energy,21.58,-0.013711151736745975,0.016682113067655324,0.04453049370764761,
2025-11-07,0883.HK,CNOOC,Energy,21.94,0.016682113067655324,0.009571558796718227,0.045757864632983924,
2025-11-10,0883.HK,CNOOC,Energy,22.15,0.009571558796718227,0.011738148984198782,0.04976303317535535,
2025-11-11,0883.HK,CNOOC,Energy,22.41,0.011738148984198782,0.010263275323516341,0.06866952789699576,
2025-11-12,0883.HK,CNOOC,Energy,22.64,0.010263275323516341,0.020318021201413572,0.07809523809523822,
2025-11-13,0883.HK,CNOOC,Energy,23.1,0.020318021201413572,-0.00303030303030305,0.09582542694497165,
2025-11-14,0883.HK,CNOOC,Energy,23.03,-0.00303030303030305,0.002605297438124099,0.08427495291902076,
2025-11-17,0883.HK,CNOOC,Energy,23.09,0.002605297438124099,-0.015158077089649225,0.10425633668101386,
2025-11-18,0883.HK,CNOOC,Energy,22.74,-0.015158077089649225,-0.018909410729991194,0.07568590350047288,
2025-11-19,0883.HK,CNOOC,Energy,22.31,-0.018909410729991194,-0.024204392649036288,0.0725961538461537,
2025-11-20,0883.HK,CNOOC,Energy,21.77,-0.024204392649036288,-0.012861736334405238,0.020628223159868897,
2025-11-21,0883.HK,CNOOC,Energy,21.49,-0.012861736334405238,0.02419730107026541,0.018483412322274795,
2025-11-24,0883.HK,CNOOC,Energy,22.01,0.02419730107026541,-0.022716946842344377,0.03771805752003776,0.09556993529118962
2025-11-25,0883.HK,CNOOC,Energy,21.51,-0.022716946842344377,-0.004184100418409997,-0.001856148491879317,0.07550000000000012
2025-11-26,0883.HK,CNOOC,Energy,21.42,-0.004184100418409997,-0.019140989729225066,-0.0027932960893853886,0.07909319899244327
2025-11-27,0883.HK,CNOOC,Energy,21.01,-0.019140989729225066,-0.008567348881485137,-0.027764923646459883,0.05684104627766606
2025-11-28,0883.HK,CNOOC,Energy,20.83,-0.008567348881485137,0.00336053768602973,-0.05746606334841642,0.05843495934959342
2025-12-01,0883.HK,CNOOC,Energy,20.9,0.00336053768602973,-0.010047846889951972,-0.06278026905829603,0.06307222787385536
2025-12-02,0883.HK,CNOOC,Energy,20.69,-0.010047846889951972,0.017399710004833313,-0.07798573975044565,0.06869834710743805
2025-12-03,0883.HK,CNOOC,Energy,21.05,0.017399710004833313,0.02422802850356276,-0.03793418647166358,0.08954451345755698
2025-12-04,0883.HK,CNOOC,Energy,21.56,0.02422802850356276,-0.033395176252319025,-0.000926784059314123,0.1079136690647482
2025-12-05,0883.HK,CNOOC,Energy,20.84,-0.033395176252319025,-0.010076775431861806,-0.05013673655423889,0.07979274611398957
2025-12-08,0883.HK,CNOOC,Energy,20.63,-0.010076775431861806,0.0019389238972371547,-0.06862302483069971,0.06780538302277428
2025-12-09,0883.HK,CNOOC,Energy,20.67,0.0019389238972371547,0.01790033865505558,-0.07764390896921014,0.06711409395973167
2025-12-10,0883.HK,CNOOC,Energy,21.04,0.01790033865505558,-0.0061787072243345564,-0.07067137809187285,0.07786885245901631
2025-12-11,0883.HK,CNOOC,Energy,20.91,-0.0061787072243345564,0.0,-0.09480519480519489,0.07285787583376102
2025-12-12,0883.HK,CNOOC,Energy,20.91,0.0,-0.016738402678144526,-0.09205384281372131,0.05446293494705001
2025-12-15,0883.HK,CNOOC,Energy,20.56,-0.016738402678144526,-0.022859922178988246,-0.10957124296232135,0.07027589796980727
2025-12-16,0883.HK,CNOOC,Energy,20.09,-0.022859922178988246,0.022896963663514125,-0.11653474054529456,0.0004980079681276006
2025-12-17,0883.HK,CNOOC,Energy,20.55,0.022896963663514125,-0.027250608272506138,-0.0788883908561182,0.036308623298033416
2025-12-18,0883.HK,CNOOC,Energy,19.99,-0.027250608272506138,0.036518259129564745,-0.08176389526871852,0.0010015022533800266
2025-12-19,0883.HK,CNOOC,Energy,20.72,0.036518259129564745,0.011583011583011782,-0.03583061889250816,0.052310817673945964
2025-12-22,0883.HK,CNOOC,Energy,20.96,0.011583011583011782,0.011450381679389166,-0.047705588368923246,0.05326633165829153
2025-12-23,0883.HK,CNOOC,Energy,21.2,0.011450381679389166,0.00943396226415083,-0.0144119014411902,0.06000000000000005
2025-12-24,0883.HK,CNOOC,Energy,21.4,0.00943396226415083,-0.003271028037383217,-0.0009337068160598649,0.07971745711402622
2025-12-25,0883.HK,CNOOC,Energy,21.33,-0.003271028037383217,0.006563525550867366,0.015230842455973281,0.05803571428571419
2025-12-26,0883.HK,CNOOC,Energy,21.47,0.006563525550867366,-0.0018630647414997759,0.03072491598655791,0.06709741550695814
2025-12-29,0883.HK,CNOOC,Energy,21.43,-0.0018630647414997759,0.008866075594960332,0.025358851674641247,0.055665024630541904
2025-12-30,0883.HK,CNOOC,Energy,21.62,0.008866075594960332,0.00046253469010171244,0.04494925084581913,0.07938092860708945
2025-12-31,0883.HK,CNOOC,Energy,21.63,0.00046253469010171244,-0.01386962552011095,0.027553444180522524,0.0793413173652695
2026-01-01,0883.HK,CNOOC,Energy,21.33,-0.01386962552011095,-0.012658227848101222,-0.01066790352504643,0.03242981606969986
2026-01-02,0883.HK,CNOOC,Energy,21.06,-0.012658227848101222,-0.01424501424501412,0.01055662188099804,0.0038131553860818457
2026-01-05,0883.HK,CNOOC,Energy,20.76,-0.01424501424501412,0.015414258188824581,0.006301502666020475,-0.016113744075829328
2026-01-06,0883.HK,CNOOC,Energy,21.08,0.015414258188824581,-0.008538899430740043,0.019835510401547962,0.005245588936576118
2026-01-07,0883.HK,CNOOC,Energy,20.9,-0.008538899430740043,-0.028708133971291794,-0.0066539923954372915,-0.004761904761904856
2026-01-08,0883.HK,CNOOC,Energy,20.3,-0.028708133971291794,0.006896551724137945,-0.02917264466762315,-0.03700189753320671
2026-01-09,0883.HK,CNOOC,Energy,20.44,0.006896551724137945,0.023483365949119372,-0.02247728359636536,-0.03766478342749513
2026-01-12,0883.HK,CNOOC,Energy,20.92,0.023483365949119372,0.01290630975143392,0.017509727626459304,0.0004782400765184214
2026-01-13,0883.HK,CNOOC,Energy,21.19,0.01290630975143392,-0.00849457291175082,0.054753608760577555,0.002365184484389715
2026-01-14,0883.HK,CNOOC,Energy,21.01,-0.00849457291175082,-0.023798191337458308,0.022384428223844344,0.010096153846153921
2026-01-15,0883.HK,CNOOC,Energy,20.51,-0.023798191337458308,-0.0014627011214042307,0.02601300650325178,-0.038443506797937066
2026-01-16,0883.HK,CNOOC,Energy,20.48,-0.0014627011214042307,-0.00146484375,-0.01158301158301156,-0.029383886255924252
2026-01-19,0883.HK,CNOOC,Energy,20.45,-0.00146484375,-0.01418092909535451,-0.024332061068702338,-0.035832154644035885
2026-01-20,0883.HK,CNOOC,Energy,20.16,-0.01418092909535451,0.008928571428571397,-0.049056603773584895,-0.06450116009280749
2026-01-21,0883.HK,CNOOC,Energy,20.34,0.008928571428571397,0.029006882989183858,-0.04953271028037376,-0.05307262569832405
2026-01-22,0883.HK,CNOOC,Energy,20.93,0.029006882989183858,0.004300047778308613,-0.01875293014533519,-0.031466913465987956
2026-01-23,0883.HK,CNOOC,Energy,21.02,0.004300047778308613,0.003330161750713545,-0.020959478341872395,-0.048868778280543035
2026-01-26,0883.HK,CNOOC,Energy,21.09,0.003330161750713545,-0.013750592697961084,-0.0158656089594027,-0.054260089686098745
2026-01-27,0883.HK,CNOOC,Energy,20.8,-0.013750592697961084,0.02211538461538476,-0.037927844588344084,-0.07308377896613194
2026-01-28,0883.HK,CNOOC,Energy,21.26,0.02211538461538476,-0.00047036688617130284,-0.017105871474803358,-0.02833638025594143
2026-01-29,0883.HK,CNOOC,Energy,21.25,-0.00047036688617130284,-0.008470588235294119,-0.0037505860290669712,-0.015291936978683918
2026-01-30,0883.HK,CNOOC,Energy,21.07,-0.008470588235294119,0.0018984337921215122,0.00047483380816726317,-0.03965360072926172
2026-02-02,0883.HK,CNOOC,Energy,21.11,0.0018984337921215122,0.008053055423969724,0.01685934489402685,-0.04695259593679457
2026-02-03,0883.HK,CNOOC,Energy,21.28,0.008053055423969724,0.0028195488721804995,0.009487666034155628,-0.05042391789379741
2026-02-04,0883.HK,CNOOC,Energy,21.34,0.0028195488721804995,0.01921274601686984,0.021052631578947434,-0.05742049469964672
2026-02-05,0883.HK,CNOOC,Energy,21.75,0.01921274601686984,0.006436781609195474,0.0714285714285714,-0.05844155844155852
2026-02-06,0883.HK,CNOOC,Energy,21.89,0.006436781609195474,-0.003654636820466073,0.07093933463796476,-0.049500651324359546
2026-02-09,0883.HK,CNOOC,Energy,21.81,-0.003654636820466073,0.00687757909215958,0.042543021032504624,-0.0554352533564314
2026-02-10,0883.HK,CNOOC,Energy,21.96,0.00687757909215958,0.008196721311475308,0.03633789523360065,-0.03430079155672816
2026-02-11,0883.HK,CNOOC,Energy,22.14,0.008196721311475308,-0.018970189701897122,0.05378391242265579,-0.007619901389511297
2026-02-12,0883.HK,CNOOC,Energy,21.72,-0.018970189701897122,0.018416206261510304,0.058995611896635713,-0.0022967386311437687
2026-02-13,0883.HK,CNOOC,Energy,22.12,0.018416206261510304,-0.004068716094032587,0.080078125,0.02931596091205213
2026-02-16,0883.HK,CNOOC,Energy,22.03,-0.004068716094032587,-0.0036314117113028788,0.07726161369193174,0.0009086778736937529
2026-02-17,0883.HK,CNOOC,Energy,21.95,-0.0036314117113028788,0.012300683371298415,0.08878968253968256,0.020455602045560184
2026-02-18,0883.HK,CNOOC,Energy,22.22,0.012300683371298415,0.012151215121512182,0.09242871189773849,0.03734827264239016
2026-02-19,0883.HK,CNOOC,Energy,22.49,0.012151215121512182,-0.009782125389061758,0.07453416149068315,0.07044264635887654
2026-02-20,0883.HK,CNOOC,Energy,22.27,-0.009782125389061758,0.01302200269420739,0.05946717411988578,0.0691310609697553
2026-02-23,0883.HK,CNOOC,Energy,22.56,0.01302200269420739,-0.007978723404255317,0.06970128022759603,0.07942583732057407
2026-02-24,0883.HK,CNOOC,Energy,22.38,-0.007978723404255317,0.02859696157283298,0.07596153846153841,0.08168197196713378
2026-02-25,0883.HK,CNOOC,Energy,23.02,0.02859696157283298,-0.012163336229365829,0.08278457196613354,0.09358669833729216
2026-02-26,0883.HK,CNOOC,Energy,22.74,-0.012163336229365829,0.004397537379067895,0.0701176470588234,0.054730983302411884
2026-02-27,0883.HK,CNOOC,Energy,22.84,0.004397537379067895,-0.011383537653239961,0.08400569530137636,0.09596928982725528
2026-03-02,0883.HK,CNOOC,Energy,22.58,-0.011383537653239961,0.034986713906111744,0.06963524396020837,0.09452253999030535
2026-03-03,0883.HK,CNOOC,Energy,23.37,0.034986713906111744,-0.01839965768078733,0.09821428571428581,0.13062409288824384
2026-03-04,0883.HK,CNOOC,Energy,22.94,-0.01839965768078733,0.008718395815169977,0.07497656982193068,0.09030418250950589
2026-03-05,0883.HK,CNOOC,Energy,23.14,0.008718395815169977,-0.010371650821089151,0.06390804597701161,0.10664753706360597
2026-03-06,0883.HK,CNOOC,Energy,22.9,-0.010371650821089151,-0.004803493449781593,0.04613978985838263,0.09516977522716386
2026-03-09,0883.HK,CNOOC,Energy,22.79,-0.004803493449781593,0.00745941202281708,0.04493351673544255,0.10846303501945531
2026-03-10,0883.HK,CNOOC,Energy,22.96,0.00745941202281708,0.019599303135888535,0.04553734061930781,0.14285714285714302
2026-03-11,0883.HK,CNOOC,Energy,23.41,0.019599303135888535,0.025630072618539224,0.057362240289069444,0.1391727493917274
2026-03-12,0883.HK,CNOOC,Energy,24.01,0.025630072618539224,-0.02290712203248646,0.10543278084714558,0.20110055027513773
2026-03-13,0883.HK,CNOOC,Energy,23.46,-0.02290712203248646,0.004688832054560832,0.06057866184448457,0.13223938223938236
2026-03-16,0883.HK,CNOOC,Energy,23.57,0.004688832054560832,0.02333474756045817,0.06990467544257828,0.12452290076335881
2026-03-17,0883.HK,CNOOC,Energy,24.12,0.02333474756045817,-0.02529021558872302,0.09886104783599103,0.13773584905660385
2026-03-18,0883.HK,CNOOC,Energy,23.51,-0.02529021558872302,0.005529561888558021,0.05805580558055823,0.09859813084112168
2026-03-19,0883.HK,CNOOC,Energy,23.64,0.005529561888558021,0.0008460236886631556,0.051133837261005066,0.10829817158931099
2026-03-20,0883.HK,CNOOC,Energy,23.66,0.0008460236886631556,0.007185122569737912,0.062415806017063424,0.10200279459711226
2026-03-23,0883.HK,CNOOC,Energy,23.83,0.007185122569737912,-0.011330255979857262,0.05629432624113484,0.11199253383107788
2026-03-24,0883.HK,CNOOC,Energy,23.56,-0.011330255979857262,-0.021222410865874397,0.05272564789991052,0.08973172987974087
2026-03-25,0883.HK,CNOOC,Energy,23.06,-0.021222410865874397,-0.028620988725065022,0.0017376194613378804,0.06611188164586213
2026-03-26,0883.HK,CNOOC,Energy,22.4,-0.028620988725065022,0.015625,-0.014951627088830244,0.05016408813877171
2026-03-27,0883.HK,CNOOC,Energy,22.75,0.015625,0.01758241758241752,-0.0039404553415061105,0.08024691358024705
2026-03-30,0883.HK,CNOOC,Energy,23.15,0.01758241758241752,0.005615550755939669,0.02524357838795388,0.11512524084778408
2026-03-31,0883.HK,CNOOC,Energy,23.28,0.005615550755939669,-0.0077319587628865705,-0.0038510911424903815,0.10436432637571169
2026-04-01,0883.HK,CNOOC,Energy,23.1,-0.0077319587628865705,-0.023809523809523836,0.006974716652136115,0.10526315789473695
2026-04-02,0883.HK,CNOOC,Energy,22.55,-0.023809523809523836,0.009312638580931232,-0.02549697493517722,0.11083743842364524
2026-04-03,0883.HK,CNOOC,Energy,22.76,0.009312638580931232,-0.016256590509666102,-0.006113537117903856,0.11350293542074374
2026-04-06,0883.HK,CNOOC,Energy,22.39,-0.016256590509666102,-0.010272443054935243,-0.0175515577007459,0.07026768642447423
2026-04-07,0883.HK,CNOOC,Energy,22.16,-0.010272443054935243,-0.008122743682310474,-0.03484320557491294,0.04577630957999057
2026-04-08,0883.HK,CNOOC,Energy,21.98,-0.008122743682310474,-0.0022747952684258888,-0.06108500640751813,0.04616849119466915
2026-04-09,0883.HK,CNOOC,Energy,21.93,-0.0022747952684258888,-0.0109439124487003,-0.08663057059558521,0.069234519746465
2026-04-10,0883.HK,CNOOC,Energy,21.69,-0.0109439124487003,0.0009220839096357736,-0.07544757033248084,0.05908203125
2026-04-13,0883.HK,CNOOC,Energy,21.71,0.0009220839096357736,-0.00875172731460161,-0.07891387356809498,0.061613691931540426
2026-04-14,0883.HK,CNOOC,Energy,21.52,-0.00875172731460161,0.011617100371747124,-0.10779436152570487,0.06746031746031744
2026-04-15,0883.HK,CNOOC,Energy,21.77,0.011617100371747124,0.01653651814423518,-0.07401105912377715,0.07030481809242861
2026-04-16,0883.HK,CNOOC,Energy,22.13,0.01653651814423518,0.002259376412110381,-0.0638747884940779,0.057333970377448695
2026-04-17,0883.HK,CNOOC,Energy,22.18,0.002259376412110381,0.007664562669071229,-0.06255283178360105,0.05518553758325395
2026-04-20,0883.HK,CNOOC,Energy,22.35,0.007664562669071229,0.03310961968680082,-0.0621065883340326,0.059743954480796724
2026-04-21,0883.HK,CNOOC,Energy,23.09,0.03310961968680082,-0.016890428757037723,-0.019949066213921895,0.11009615384615379
2026-04-22,0883.HK,CNOOC,Energy,22.7,-0.016890428757037723,-0.018502202643171706,-0.015611448395490002,0.06773283160865473
2026-04-23,0883.HK,CNOOC,Energy,22.28,-0.018502202643171706,0.011669658886894085,-0.005357142857142727,0.048470588235294265
2026-04-24,0883.HK,CNOOC,Energy,22.54,0.011669658886894085,0.030168589174800253,-0.009230769230769265,0.06976744186046502
2026-04-27,0883.HK,CNOOC,Energy,23.22,0.030168589174800253,-0.003014642549526325,0.0030237580993519586,0.09995262908574132
2026-04-28,0883.HK,CNOOC,Energy,23.15,-0.003014642549526325,0.026781857451403823,-0.005584192439862634,0.08787593984962383
2026-04-29,0883.HK,CNOOC,Energy,23.77,0.026781857451403823,0.0025241901556583013,0.02900432900432892,0.11387066541705715
2026-04-30,0883.HK,CNOOC,Energy,23.83,0.0025241901556583013,-0.00965169953839684,0.056762749445676164,0.09563218390804584
2026-05-01,0883.HK,CNOOC,Energy,23.6,-0.00965169953839684,-0.014830508474576343,0.03690685413005279,0.07811786203746007
2026-05-04,0883.HK,CNOOC,Energy,23.25,-0.014830508474576343,0.010322580645161228,0.038410004466279624,0.06602475928473184
2026-05-05,0883.HK,CNOOC,Energy,23.49,0.010322580645161228,-0.013197105151128041,0.06001805054151621,0.06967213114754078
2026-05-06,0883.HK,CNOOC,Energy,23.18,-0.013197105151128041,0.002157031924072461,0.05459508644222022,0.046973803071364006
2026-05-07,0883.HK,CNOOC,Energy,23.23,0.002157031924072461,0.024967714162720478,0.05927952576379392,0.06952117863720075
2026-05-08,0883.HK,CNOOC,Energy,23.81,0.024967714162720478,,0.09774089442139222,0.07640144665461102
2025-09-01,0941.HK,China Mobile,Telecom,44.95,,0.00711902113459395,,
2025-09-02,0941.HK,China Mobile,Telecom,45.27,0.00711902113459395,-0.013695604152860752,,
2025-09-03,0941.HK,China Mobile,Telecom,44.65,-0.013695604152860752,0.021276595744680993,,
2025-09-04,0941.HK,China Mobile,Telecom,45.6,0.021276595744680993,0.017324561403508687,,
2025-09-05,0941.HK,China Mobile,Telecom,46.39,0.017324561403508687,0.009915930157361474,,
2025-09-08,0941.HK,China Mobile,Telecom,46.85,0.009915930157361474,-0.0017075773745997003,,
2025-09-09,0941.HK,China Mobile,Telecom,46.77,-0.0017075773745997003,0.009835364549924952,,
2025-09-10,0941.HK,China Mobile,Telecom,47.23,0.009835364549924952,-0.011009951302138443,,
2025-09-11,0941.HK,China Mobile,Telecom,46.71,-0.011009951302138443,0.014343823592378513,,
2025-09-12,0941.HK,China Mobile,Telecom,47.38,0.014343823592378513,0.027226677923174236,,
2025-09-15,0941.HK,China Mobile,Telecom,48.67,0.027226677923174236,0.017875487980275162,,
2025-09-16,0941.HK,China Mobile,Telecom,49.54,0.017875487980275162,-0.011505853855470316,,
2025-09-17,0941.HK,China Mobile,Telecom,48.97,-0.011505853855470316,0.00633040637124771,,
2025-09-18,0941.HK,China Mobile,Telecom,49.28,0.00633040637124771,-0.020900974025974017,,
2025-09-19,0941.HK,China Mobile,Telecom,48.25,-0.020900974025974017,0.009740932642487099,,
2025-09-22,0941.HK,China Mobile,Telecom,48.72,0.009740932642487099,0.007799671592775059,,
2025-09-23,0941.HK,China Mobile,Telecom,49.1,0.007799671592775059,-0.030142566191446063,,
2025-09-24,0941.HK,China Mobile,Telecom,47.62,-0.030142566191446063,-0.01868962620747583,,
2025-09-25,0941.HK,China Mobile,Telecom,46.73,-0.01868962620747583,-0.004279905842071385,,
2025-09-26,0941.HK,China Mobile,Telecom,46.53,-0.004279905842071385,-0.004513217279174753,,
2025-09-29,0941.HK,China Mobile,Telecom,46.32,-0.004513217279174753,-0.01943005181347146,0.030478309232480516,
2025-09-30,0941.HK,China Mobile,Telecom,45.42,-0.01943005181347146,0.0068251871422280175,0.003313452617627499,
2025-10-01,0941.HK,China Mobile,Telecom,45.73,0.0068251871422280175,0.004373496610540206,0.02418812989921615,
2025-10-02,0941.HK,China Mobile,Telecom,45.93,0.004373496610540206,-0.00283039407794472,0.007236842105263097,
2025-10-03,0941.HK,China Mobile,Telecom,45.8,-0.00283039407794472,-0.011790393013100364,-0.012718258245311587,
2025-10-06,0941.HK,China Mobile,Telecom,45.26,-0.011790393013100364,0.017454706142288945,-0.03393810032017086,
2025-10-07,0941.HK,China Mobile,Telecom,46.05,0.017454706142288945,0.02736156351791541,-0.015394483643361268,
2025-10-08,0941.HK,China Mobile,Telecom,47.31,0.02736156351791541,-0.007398013105051837,0.0016938386618676748,
2025-10-09,0941.HK,China Mobile,Telecom,46.96,-0.007398013105051837,-0.009795570698466816,0.005352172982230785,
2025-10-10,0941.HK,China Mobile,Telecom,46.5,-0.009795570698466816,0.00838709677419347,-0.018573237653018215,
2025-10-13,0941.HK,China Mobile,Telecom,46.89,0.00838709677419347,-0.005331627212625256,-0.03657283747688511,
2025-10-14,0941.HK,China Mobile,Telecom,46.64,-0.005331627212625256,-0.0019296740994855233,-0.058538554703270074,
2025-10-15,0941.HK,China Mobile,Telecom,46.55,-0.0019296740994855233,0.012459720730397583,-0.04941801102715948,
2025-10-16,0941.HK,China Mobile,Telecom,47.13,0.012459720730397583,-0.03076596647570551,-0.043628246753246724,
2025-10-17,0941.HK,China Mobile,Telecom,45.68,-0.03076596647570551,0.02189141856392296,-0.053264248704663175,
2025-10-20,0941.HK,China Mobile,Telecom,46.68,0.02189141856392296,0.0014995715509853458,-0.041871921182266014,
2025-10-21,0941.HK,China Mobile,Telecom,46.75,0.0014995715509853458,-0.0064171122994651775,-0.04786150712830961,
2025-10-22,0941.HK,China Mobile,Telecom,46.45,-0.0064171122994651775,-0.0010764262648009781,-0.02456950860982765,
2025-10-23,0941.HK,China Mobile,Telecom,46.4,-0.0010764262648009781,-0.00021551724137924833,-0.007061844639417947,
2025-10-24,0941.HK,China Mobile,Telecom,46.39,-0.00021551724137924833,-0.02780771718042685,-0.003008811519449872,
2025-10-27,0941.HK,China Mobile,Telecom,45.1,-0.02780771718042685,0.02461197339246124,-0.026338514680483538,
2025-10-28,0941.HK,China Mobile,Telecom,46.21,0.02461197339246124,0.001082016879463188,0.017393218846323277,
2025-10-29,0941.HK,China Mobile,Telecom,46.26,0.001082016879463188,0.0077821011673151474,0.01158976601793138,
2025-10-30,0941.HK,China Mobile,Telecom,46.62,0.0077821011673151474,0.015873015873015817,0.015022860875244959,
2025-10-31,0941.HK,China Mobile,Telecom,47.36,0.015873015873015817,-0.016258445945945832,0.03406113537117905,
2025-11-03,0941.HK,China Mobile,Telecom,46.59,-0.016258445945945832,0.007941618373041415,0.029385771100309377,
2025-11-04,0941.HK,China Mobile,Telecom,46.96,0.007941618373041415,-0.0038330494037478458,0.019761129207383377,
2025-11-05,0941.HK,China Mobile,Telecom,46.78,-0.0038330494037478458,0.01410859341598969,-0.01120270555907843,
2025-11-06,0941.HK,China Mobile,Telecom,47.44,0.01410859341598969,-0.03435919055649228,0.010221465076660996,
2025-11-07,0941.HK,China Mobile,Telecom,45.81,-0.03435919055649228,-0.0013097576948265521,-0.014838709677419293,
2025-11-10,0941.HK,China Mobile,Telecom,45.75,-0.0013097576948265521,-0.009398907103825183,-0.024312220089571346,
2025-11-11,0941.HK,China Mobile,Telecom,45.32,-0.009398907103825183,0.007281553398058138,-0.028301886792452824,
2025-11-12,0941.HK,China Mobile,Telecom,45.65,0.007281553398058138,0.008105147864184037,-0.01933404940923733,
2025-11-13,0941.HK,China Mobile,Telecom,46.02,0.008105147864184037,-0.01108213820078241,-0.02355187778485035,
2025-11-14,0941.HK,China Mobile,Telecom,45.51,-0.01108213820078241,-0.011426060206547906,-0.003721541155866981,
2025-11-17,0941.HK,China Mobile,Telecom,44.99,-0.011426060206547906,-0.0013336296954878923,-0.036203941730934,
2025-11-18,0941.HK,China Mobile,Telecom,44.93,-0.0013336296954878923,-0.01424438014689522,-0.03893048128342247,
2025-11-19,0941.HK,China Mobile,Telecom,44.29,-0.01424438014689522,0.013998645292391032,-0.04650161463939728,
2025-11-20,0941.HK,China Mobile,Telecom,44.91,0.013998645292391032,-0.005566688933422381,-0.032112068965517326,
2025-11-21,0941.HK,China Mobile,Telecom,44.66,-0.005566688933422381,-0.047245857590685114,-0.03729251993964222,
2025-11-24,0941.HK,China Mobile,Telecom,42.55,-0.047245857590685114,-0.005640423031727293,-0.05654101995565419,-0.05339265850945507
2025-11-25,0941.HK,China Mobile,Telecom,42.31,-0.005640423031727293,-0.01654455211533923,-0.08439731659813887,-0.0653854649878507
2025-11-26,0941.HK,China Mobile,Telecom,41.61,-0.01654455211533923,-0.026435952895938475,-0.10051880674448765,-0.06808510638297871
2025-11-27,0941.HK,China Mobile,Telecom,40.51,-0.026435952895938475,-0.019748210318439874,-0.13105963105963103,-0.1116228070175439
2025-11-28,0941.HK,China Mobile,Telecom,39.71,-0.019748210318439874,0.0020146058927221766,-0.16152871621621623,-0.14399655098081487
2025-12-01,0941.HK,China Mobile,Telecom,39.79,0.0020146058927221766,0.022116109575270215,-0.14595406739643713,-0.15069370330843124
2025-12-02,0941.HK,China Mobile,Telecom,40.67,0.022116109575270215,0.0056552741578559385,-0.13394378194207834,-0.13042548642292073
2025-12-03,0941.HK,China Mobile,Telecom,40.9,0.0056552741578559385,-0.009535452322738447,-0.12569474134245406,-0.13402498412026254
2025-12-04,0941.HK,China Mobile,Telecom,40.51,-0.009535452322738447,0.007652431498395451,-0.146079258010118,-0.13273388995932356
2025-12-05,0941.HK,China Mobile,Telecom,40.82,0.007652431498395451,-0.007104360607545268,-0.10892818161973372,-0.138455044322499
2025-12-08,0941.HK,China Mobile,Telecom,40.53,-0.007104360607545268,-0.010856155933876122,-0.11409836065573764,-0.16724881857407026
2025-12-09,0941.HK,China Mobile,Telecom,40.09,-0.010856155933876122,-0.018458468445996523,-0.11540158870255945,-0.19075494549858696
2025-12-10,0941.HK,China Mobile,Telecom,39.35,-0.018458468445996523,-0.028462515883100448,-0.13800657174151143,-0.19644680416581572
2025-12-11,0941.HK,China Mobile,Telecom,38.23,-0.028462515883100448,-0.006016217630133269,-0.16927422859626262,-0.22422889610389618
2025-12-12,0941.HK,China Mobile,Telecom,38.0,-0.006016217630133269,0.0031578947368420263,-0.16501867721379915,-0.21243523316062174
2025-12-15,0941.HK,China Mobile,Telecom,38.12,0.0031578947368420263,-0.0013116474291710034,-0.15270060013336306,-0.2175697865353038
2025-12-16,0941.HK,China Mobile,Telecom,38.07,-0.0013116474291710034,-0.006566850538481717,-0.15268194969953264,-0.224643584521385
2025-12-17,0941.HK,China Mobile,Telecom,37.82,-0.006566850538481717,-0.015071390798519269,-0.14608263716414538,-0.2057958840823183
2025-12-18,0941.HK,China Mobile,Telecom,37.25,-0.015071390798519269,0.010469798657718243,-0.1705633489200623,-0.2028675369141878
2025-12-19,0941.HK,China Mobile,Telecom,37.64,0.010469798657718243,-0.021253985122210328,-0.1571876399462605,-0.19105953148506338
2025-12-22,0941.HK,China Mobile,Telecom,36.84,-0.021253985122210328,0.013029315960912058,-0.1341950646298471,-0.2046632124352331
2025-12-23,0941.HK,China Mobile,Telecom,37.32,0.013029315960912058,-0.01580921757770637,-0.1179390215079178,-0.17833553500660504
2025-12-24,0941.HK,China Mobile,Telecom,36.73,-0.01580921757770637,-0.011979308467192973,-0.11727950012016353,-0.19680734747430573
2025-12-25,0941.HK,China Mobile,Telecom,36.29,-0.011979308467192973,-0.023697988426563787,-0.10417180942977045,-0.20988460701066847
2025-12-26,0941.HK,China Mobile,Telecom,35.43,-0.023697988426563787,-0.007902907140841076,-0.10778141526063967,-0.22641921397379905
2025-12-29,0941.HK,China Mobile,Telecom,35.15,-0.007902907140841076,0.016500711237553256,-0.11661221412415179,-0.223376049491825
2025-12-30,0941.HK,China Mobile,Telecom,35.73,0.016500711237553256,0.008676182479709027,-0.1214654536513402,-0.22410423452768735
2025-12-31,0941.HK,China Mobile,Telecom,36.04,0.008676182479709027,0.01637069922308565,-0.11882640586797066,-0.23821602198266756
2026-01-01,0941.HK,China Mobile,Telecom,36.63,0.01637069922308565,0.009009009009008917,-0.09577882004443339,-0.21997444633730834
2026-01-02,0941.HK,China Mobile,Telecom,36.96,0.009009009009008917,-0.017586580086580095,-0.094561489465948,-0.20516129032258068
2026-01-05,0941.HK,China Mobile,Telecom,36.31,-0.017586580086580095,-0.005232718259432834,-0.10412040463853933,-0.22563446363830242
2026-01-06,0941.HK,China Mobile,Telecom,36.12,-0.005232718259432834,-0.012181616832779518,-0.09902718882514361,-0.2255574614065181
2026-01-07,0941.HK,China Mobile,Telecom,35.68,-0.012181616832779518,0.021860986547085126,-0.09326556543837361,-0.23351235230934475
2026-01-08,0941.HK,China Mobile,Telecom,36.46,0.021860986547085126,-0.01919912232583665,-0.04629871828406995,-0.2263950774453639
2026-01-09,0941.HK,China Mobile,Telecom,35.76,-0.01919912232583665,0.015100671140939603,-0.05894736842105264,-0.21716287215411567
2026-01-12,0941.HK,China Mobile,Telecom,36.3,0.015100671140939603,0.014876033057851457,-0.04774396642182588,-0.22236503856041134
2026-01-13,0941.HK,China Mobile,Telecom,36.84,0.014876033057851457,0.030401737242128135,-0.03230890464933012,-0.2119786096256684
2026-01-14,0941.HK,China Mobile,Telecom,37.96,0.030401737242128135,-0.006322444678609096,0.003701745108408261,-0.1827771797631863
2026-01-15,0941.HK,China Mobile,Telecom,37.72,-0.006322444678609096,0.011930010604453978,0.01261744966442957,-0.1870689655172414
2026-01-16,0941.HK,China Mobile,Telecom,38.17,0.011930010604453978,0.03772596279800888,0.014080765143464458,-0.17719336063806856
2026-01-19,0941.HK,China Mobile,Telecom,39.61,0.03772596279800888,-0.009593536985609719,0.07519001085776322,-0.12172949002217304
2026-01-20,0941.HK,China Mobile,Telecom,39.23,-0.009593536985609719,-0.024725975019117996,0.051178992497320275,-0.15104955637307949
2026-01-21,0941.HK,China Mobile,Telecom,38.26,-0.024725975019117996,-0.030318870883429105,0.04165532262455751,-0.17293558149589283
2026-01-22,0941.HK,China Mobile,Telecom,37.1,-0.030318870883429105,0.011859838274932644,0.02232019840176358,-0.20420420420420415
2026-01-23,0941.HK,China Mobile,Telecom,37.54,0.011859838274932644,-0.030367607884922765,0.05955405023990967,-0.20734797297297303
2026-01-26,0941.HK,China Mobile,Telecom,36.4,-0.030367607884922765,-0.005769230769230749,0.03556187766714092,-0.21871646276024903
2026-01-27,0941.HK,China Mobile,Telecom,36.19,-0.005769230769230749,0.007460624481901101,0.012874335292471395,-0.22934412265758097
2026-01-28,0941.HK,China Mobile,Telecom,36.46,0.007460624481901101,0.003565551289083979,0.011653718091010123,-0.22060709705002135
2026-01-29,0941.HK,China Mobile,Telecom,36.59,0.003565551289083979,0.007379065318392941,-0.001092001092001027,-0.22870994940978062
2026-01-30,0941.HK,China Mobile,Telecom,36.86,0.007379065318392941,0.0037981551817689585,-0.0027056277056277667,-0.19537218947827995
2026-02-02,0941.HK,China Mobile,Telecom,37.0,0.0037981551817689585,0.021351351351351244,0.019003029468465993,-0.1912568306010929
2026-02-03,0941.HK,China Mobile,Telecom,37.79,0.021351351351351244,-0.015083355385022479,0.04623477297895917,-0.16615180935569285
2026-02-04,0941.HK,China Mobile,Telecom,37.22,-0.015083355385022479,-0.010746910263299214,0.043161434977578406,-0.18466593647316543
2026-02-05,0941.HK,China Mobile,Telecom,36.82,-0.010746910263299214,-0.012221618685497093,0.009873834339001686,-0.19991308126901353
2026-02-06,0941.HK,China Mobile,Telecom,36.37,-0.012221618685497093,0.014022546054440532,0.01705816554809836,-0.2008349813227862
2026-02-09,0941.HK,China Mobile,Telecom,36.88,0.014022546054440532,0.014913232104121432,0.01597796143250707,-0.18026228050677928
2026-02-10,0941.HK,China Mobile,Telecom,37.43,0.014913232104121432,0.007747795885653108,0.01601520086862096,-0.16692632984642775
2026-02-11,0941.HK,China Mobile,Telecom,37.72,0.007747795885653108,0.019883351007423222,-0.006322444678609096,-0.14834048317904724
2026-02-12,0941.HK,China Mobile,Telecom,38.47,0.019883351007423222,-0.018975825318429895,0.019883351007423222,-0.14339790692496102
2026-02-13,0941.HK,China Mobile,Telecom,37.74,-0.018975825318429895,0.02755696873343938,-0.011265391668849878,-0.15494849977608582
2026-02-16,0941.HK,China Mobile,Telecom,38.78,0.02755696873343938,0.025270758122743597,-0.020954304468568496,-0.0886016451233842
2026-02-17,0941.HK,China Mobile,Telecom,39.76,0.025270758122743597,0.012575452716297786,0.01351006882487904,-0.06026943984873567
2026-02-18,0941.HK,China Mobile,Telecom,40.26,0.012575452716297786,0.02930948832588176,0.05227391531625725,-0.03244412400865182
2026-02-19,0941.HK,China Mobile,Telecom,41.44,0.02930948832588176,-0.026544401544401408,0.11698113207547167,0.022957294495186353
2026-02-20,0941.HK,China Mobile,Telecom,40.34,-0.026544401544401408,-0.008180466038671397,0.07458710708577532,0.01586502140518764
2026-02-23,0941.HK,China Mobile,Telecom,40.01,-0.008180466038671397,-0.01174706323419139,0.09917582417582427,0.005529027393817554
2026-02-24,0941.HK,China Mobile,Telecom,39.54,-0.01174706323419139,0.012139605462822667,0.09256700746062463,-0.02778460781903125
2026-02-25,0941.HK,China Mobile,Telecom,40.02,0.012139605462822667,-0.016741629185407336,0.09764125068568297,-0.021515892420537752
2026-02-26,0941.HK,China Mobile,Telecom,39.35,-0.016741629185407336,0.01270648030495547,0.07543044547690614,-0.028634904961737706
2026-02-27,0941.HK,China Mobile,Telecom,39.85,0.01270648030495547,0.02283563362609775,0.08111774281063489,-0.02376286134247918
2026-03-02,0941.HK,China Mobile,Telecom,40.76,0.02283563362609775,0.011776251226693013,0.10162162162162147,0.005674808783616925
2026-03-03,0941.HK,China Mobile,Telecom,41.24,0.011776251226693013,0.005092143549951578,0.09129399311987307,0.028685457720129648
2026-03-04,0941.HK,China Mobile,Telecom,41.45,0.005092143549951578,-0.015922798552472917,0.11364857603439016,0.053367217280813284
2026-03-05,0941.HK,China Mobile,Telecom,40.79,-0.015922798552472917,-0.013483696984554983,0.10782183595871797,0.06696311797018062
2026-03-06,0941.HK,China Mobile,Telecom,40.24,-0.013483696984554983,0.020874751491053667,0.10640637888369553,0.05894736842105264
2026-03-09,0941.HK,China Mobile,Telecom,41.08,0.020874751491053667,0.01314508276533588,0.11388286334056397,0.07764952780692558
2026-03-10,0941.HK,China Mobile,Telecom,41.62,0.01314508276533588,-0.00024026910139351987,0.11194229227892061,0.09324927764644064
2026-03-11,0941.HK,China Mobile,Telecom,41.61,-0.00024026910139351987,-0.006488824801730297,0.10312831389183463,0.10021152829190894
2026-03-12,0941.HK,China Mobile,Telecom,41.34,-0.006488824801730297,-0.0328979196903727,0.07460358721081373,0.10979865771812092
2026-03-13,0941.HK,China Mobile,Telecom,39.98,-0.0328979196903727,-0.017008504252126078,0.059353471118176904,0.062167906482465396
2026-03-16,0941.HK,China Mobile,Telecom,39.3,-0.017008504252126078,0.03155216284987272,0.013408973697782267,0.06677524429967407
2026-03-17,0941.HK,China Mobile,Telecom,40.54,0.03155216284987272,-0.020473606314750814,0.019617706237424537,0.0862808145766345
2026-03-18,0941.HK,China Mobile,Telecom,39.71,-0.020473606314750814,0.00352556031226392,-0.013661202185792254,0.08113258916417099
2026-03-19,0941.HK,China Mobile,Telecom,39.85,0.00352556031226392,0.016813048933500774,-0.03836872586872575,0.09809864976577587
2026-03-20,0941.HK,China Mobile,Telecom,40.52,0.016813048933500774,-0.020236920039486628,0.004462072384729732,0.14366356195314722
2026-03-23,0941.HK,China Mobile,Telecom,39.7,-0.020236920039486628,0.0035264483627204246,-0.00774806298425379,0.12944523470839275
2026-03-24,0941.HK,China Mobile,Telecom,39.84,0.0035264483627204246,0.015562248995983907,0.00758725341426425,0.11502938706968946
2026-03-25,0941.HK,China Mobile,Telecom,40.46,0.015562248995983907,0.0007414730598120922,0.010994502748625568,0.12264150943396235
2026-03-26,0941.HK,China Mobile,Telecom,40.49,0.0007414730598120922,0.04717214126944924,0.02897077509529855,0.10537810537810532
2026-03-27,0941.HK,China Mobile,Telecom,42.4,0.04717214126944924,-0.02688679245283021,0.06398996235884558,0.1471861471861471
2026-03-30,0941.HK,China Mobile,Telecom,41.26,-0.02688679245283021,0.01769268056228812,0.012266928361138296,0.13632608096942977
2026-03-31,0941.HK,China Mobile,Telecom,41.99,0.01769268056228812,-0.002381519409383248,0.01818622696411243,0.16251384274640102
2026-04-01,0941.HK,China Mobile,Telecom,41.89,-0.002381519409383248,0.012890904750537002,0.01061519903498187,0.17404708520179368
2026-04-02,0941.HK,China Mobile,Telecom,42.43,0.012890904750537002,0.007541833608295967,0.040205932826673285,0.16374108612177718
2026-04-03,0941.HK,China Mobile,Telecom,42.75,0.007541833608295967,-0.011461988304093618,0.062375745526839,0.1954697986577183
2026-04-06,0941.HK,China Mobile,Telecom,42.26,-0.011461988304093618,0.004022716516800751,0.028724440116845162,0.1641873278236914
2026-04-07,0941.HK,China Mobile,Telecom,42.43,0.004022716516800751,-0.029931652132924924,0.01946179721287855,0.15173724212812156
2026-04-08,0941.HK,China Mobile,Telecom,41.16,-0.029931652132924924,0.010204081632653184,-0.010814708002883977,0.08429926238145402
2026-04-09,0941.HK,China Mobile,Telecom,41.58,0.010204081632653184,0.005291005291005346,0.005805515239477366,0.10233297985153755
2026-04-10,0941.HK,China Mobile,Telecom,41.8,0.005291005291005346,0.010765550239234534,0.045522761380690335,0.09510086455331401
2026-04-13,0941.HK,China Mobile,Telecom,42.25,0.010765550239234534,0.017514792899408382,0.0750636132315523,0.06664983590002516
2026-04-14,0941.HK,China Mobile,Telecom,42.99,0.017514792899408382,0.006513142591300314,0.060434139121855024,0.09584501656895239
2026-04-15,0941.HK,China Mobile,Telecom,43.27,0.006513142591300314,0.00277328403050614,0.08964996222613952,0.1309461578672244
2026-04-16,0941.HK,China Mobile,Telecom,43.39,0.00277328403050614,-0.014058538833832679,0.08883312421580936,0.1695417789757412
2026-04-17,0941.HK,China Mobile,Telecom,42.78,-0.014058538833832679,-0.011220196353436296,0.055774925962487565,0.13958444326052222
2026-04-20,0941.HK,China Mobile,Telecom,42.3,-0.011220196353436296,0.019858156028368823,0.06549118387909303,0.16208791208791196
2026-04-21,0941.HK,China Mobile,Telecom,43.14,0.019858156028368823,0.023875753361149776,0.08283132530120474,0.19204200055263887
2026-04-22,0941.HK,China Mobile,Telecom,44.17,0.023875753361149776,-0.0036223681231606353,0.09169550173010377,0.21146461876028533
2026-04-23,0941.HK,China Mobile,Telecom,44.01,-0.0036223681231606353,0.0011361054305840668,0.08693504569029376,0.2027876468980594
2026-04-24,0941.HK,China Mobile,Telecom,44.06,0.0011361054305840668,-0.014525646845211071,0.03915094339622649,0.19533369506239828
2026-04-27,0941.HK,China Mobile,Telecom,43.42,-0.014525646845211071,0.019576232151082396,0.05235094522540007,0.17351351351351352
2026-04-28,0941.HK,China Mobile,Telecom,44.27,0.019576232151082396,0.011294330246216289,0.05429864253393668,0.17147393490341378
2026-04-29,0941.HK,China Mobile,Telecom,44.77,0.011294330246216289,0.03216439580075936,0.06875149200286468,0.2028479312197744
2026-04-30,0941.HK,China Mobile,Telecom,46.21,0.03216439580075936,-0.014066219433023108,0.08908790949799683,0.25502444323737095
2026-05-01,0941.HK,China Mobile,Telecom,45.56,-0.014066219433023108,-0.005706760316066872,0.06573099415204675,0.2526807808633491
2026-05-04,0941.HK,China Mobile,Telecom,45.3,-0.005706760316066872,0.004194260485651302,0.0719356365357311,0.2283080260303687
2026-05-05,0941.HK,China Mobile,Telecom,45.49,0.004194260485651302,0.010771598153440198,0.07211878387933068,0.21533529254608608
2026-05-06,0941.HK,China Mobile,Telecom,45.98,0.010771598153440198,-0.0030448020878641735,0.11710398445092318,0.21898197242841988
2026-05-07,0941.HK,China Mobile,Telecom,45.84,-0.0030448020878641735,-0.013961605584642212,0.10245310245310257,0.19157785287236817
2026-05-08,0941.HK,China Mobile,Telecom,45.2,-0.013961605584642212,,0.08133971291866038,0.197668256491786
2025-09-01,0981.HK,SMIC,Technology,25.27,,-0.01741195092995651,,
2025-09-02,0981.HK,SMIC,Technology,24.83,-0.01741195092995651,-0.010068465565847728,,
2025-09-03,0981.HK,SMIC,Technology,24.58,-0.010068465565847728,0.0012205044751831817,,
2025-09-04,0981.HK,SMIC,Technology,24.61,0.0012205044751831817,-0.00365704997968308,,
2025-09-05,0981.HK,SMIC,Technology,24.52,-0.00365704997968308,0.009380097879282179,,
2025-09-08,0981.HK,SMIC,Technology,24.75,0.009380097879282179,0.038787878787878816,,
2025-09-09,0981.HK,SMIC,Technology,25.71,0.038787878787878816,0.002333722287047868,,
2025-09-10,0981.HK,SMIC,Technology,25.77,0.002333722287047868,-0.011253395421032208,,
2025-09-11,0981.HK,SMIC,Technology,25.48,-0.011253395421032208,0.020408163265306145,,
2025-09-12,0981.HK,SMIC,Technology,26.0,0.020408163265306145,-0.021538461538461506,,
2025-09-15,0981.HK,SMIC,Technology,25.44,-0.021538461538461506,-0.01847484276729572,,
2025-09-16,0981.HK,SMIC,Technology,24.97,-0.01847484276729572,-0.007609130957148436,,
2025-09-17,0981.HK,SMIC,Technology,24.78,-0.007609130957148436,-0.0032284100080710587,,
2025-09-18,0981.HK,SMIC,Technology,24.7,-0.0032284100080710587,-0.0080971659919028,,
2025-09-19,0981.HK,SMIC,Technology,24.5,-0.0080971659919028,0.00040816326530612734,,
2025-09-22,0981.HK,SMIC,Technology,24.51,0.00040816326530612734,0.004487964096287156,,
2025-09-23,0981.HK,SMIC,Technology,24.62,0.004487964096287156,0.015434606011372809,,
2025-09-24,0981.HK,SMIC,Technology,25.0,0.015434606011372809,0.0020000000000000018,,
2025-09-25,0981.HK,SMIC,Technology,25.05,0.0020000000000000018,-0.007185628742514938,,
2025-09-26,0981.HK,SMIC,Technology,24.87,-0.007185628742514938,0.014877362283876039,,
2025-09-29,0981.HK,SMIC,Technology,25.24,0.014877362283876039,-0.010697305863708428,-0.0011871784724970524,
2025-09-30,0981.HK,SMIC,Technology,24.97,-0.010697305863708428,-0.022026431718061512,0.005638340716874746,
2025-10-01,0981.HK,SMIC,Technology,24.42,-0.022026431718061512,0.017199017199017064,-0.006509357200976229,
2025-10-02,0981.HK,SMIC,Technology,24.84,0.017199017199017064,0.016505636070853535,0.009345794392523477,
2025-10-03,0981.HK,SMIC,Technology,25.25,0.016505636070853535,-0.010297029702970306,0.029771615008156616,
2025-10-06,0981.HK,SMIC,Technology,24.99,-0.010297029702970306,-0.004801920768307211,0.009696969696969537,
2025-10-07,0981.HK,SMIC,Technology,24.87,-0.004801920768307211,-0.012062726176115812,-0.03267211201866982,
2025-10-08,0981.HK,SMIC,Technology,24.57,-0.012062726176115812,0.005291005291005346,-0.046565774155995276,
2025-10-09,0981.HK,SMIC,Technology,24.7,0.005291005291005346,0.024696356275303533,-0.030612244897959218,
2025-10-10,0981.HK,SMIC,Technology,25.31,0.024696356275303533,0.0102726195179772,-0.026538461538461622,
2025-10-13,0981.HK,SMIC,Technology,25.57,0.0102726195179772,0.015252248728979234,0.0051100628930818015,
2025-10-14,0981.HK,SMIC,Technology,25.96,0.015252248728979234,0.011941448382126296,0.0396475770925111,
2025-10-15,0981.HK,SMIC,Technology,26.27,0.011941448382126296,0.0007613247049866878,0.06012913640032269,
2025-10-16,0981.HK,SMIC,Technology,26.29,0.0007613247049866878,0.015595283377710212,0.0643724696356276,
2025-10-17,0981.HK,SMIC,Technology,26.7,0.015595283377710212,0.010861423220973832,0.0897959183673469,
2025-10-20,0981.HK,SMIC,Technology,26.99,0.010861423220973832,0.0207484253427197,0.10118319053447555,
2025-10-21,0981.HK,SMIC,Technology,27.55,0.0207484253427197,-0.005807622504537258,0.11900893582453298,
2025-10-22,0981.HK,SMIC,Technology,27.39,-0.005807622504537258,-0.023366192040890854,0.09560000000000013,
2025-10-23,0981.HK,SMIC,Technology,26.75,-0.023366192040890854,0.01532710280373828,0.06786427145708585,
2025-10-24,0981.HK,SMIC,Technology,27.16,0.01532710280373828,0.005522827687776122,0.09207880981101724,
2025-10-27,0981.HK,SMIC,Technology,27.31,0.005522827687776122,-0.0036616623947270943,0.08201267828843117,
2025-10-28,0981.HK,SMIC,Technology,27.21,-0.0036616623947270943,-0.0025725836089672827,0.08970764917901497,
2025-10-29,0981.HK,SMIC,Technology,27.14,-0.0025725836089672827,0.03610906411201187,0.11138411138411142,
2025-10-30,0981.HK,SMIC,Technology,28.12,0.03610906411201187,-0.008179231863442382,0.13204508856682784,
2025-10-31,0981.HK,SMIC,Technology,27.89,-0.008179231863442382,-0.011115095016134946,0.10455445544554465,
2025-11-03,0981.HK,SMIC,Technology,27.58,-0.011115095016134946,0.0018129079042785712,0.10364145658263313,
2025-11-04,0981.HK,SMIC,Technology,27.63,0.0018129079042785712,0.01701049583785741,0.11097708082026525,
2025-11-05,0981.HK,SMIC,Technology,28.1,0.01701049583785741,0.03238434163701065,0.14367114367114375,
2025-11-06,0981.HK,SMIC,Technology,29.01,0.03238434163701065,0.009651844191657988,0.17449392712550615,
2025-11-07,0981.HK,SMIC,Technology,29.29,0.009651844191657988,-0.01707067258449979,0.1572500987751877,
2025-11-10,0981.HK,SMIC,Technology,28.79,-0.01707067258449979,0.028134769017019945,0.12592882283926476,
2025-11-11,0981.HK,SMIC,Technology,29.6,0.028134769017019945,0.00033783783783780663,0.1402157164869029,
2025-11-12,0981.HK,SMIC,Technology,29.61,0.00033783783783780663,-0.01080715974333002,0.1271412257327751,
2025-11-13,0981.HK,SMIC,Technology,29.29,-0.01080715974333002,-0.014339364970979762,0.11411182959300104,
2025-11-14,0981.HK,SMIC,Technology,28.87,-0.014339364970979762,0.012123311395912717,0.08127340823970042,
2025-11-17,0981.HK,SMIC,Technology,29.22,0.012123311395912717,0.004106776180698102,0.08262319377547245,
2025-11-18,0981.HK,SMIC,Technology,29.34,0.004106776180698102,0.005453306066802943,0.06497277676950985,
2025-11-19,0981.HK,SMIC,Technology,29.5,0.005453306066802943,0.01864406779661021,0.07703541438481198,
2025-11-20,0981.HK,SMIC,Technology,30.05,0.01864406779661021,-0.010648918469218005,0.12336448598130834,
2025-11-21,0981.HK,SMIC,Technology,29.73,-0.010648918469218005,0.019845274133871493,0.09462444771723133,
2025-11-24,0981.HK,SMIC,Technology,30.32,0.019845274133871493,-0.00659630606860151,0.11021603808128888,0.19984170953700042
2025-11-25,0981.HK,SMIC,Technology,30.12,-0.00659630606860151,0.030544488711819362,0.10694597574421172,0.2130487313733389
2025-11-26,0981.HK,SMIC,Technology,31.04,0.030544488711819362,0.009020618556700999,0.14369933677229185,0.2628152969894224
2025-11-27,0981.HK,SMIC,Technology,31.32,0.009020618556700999,-0.012132822477650018,0.11379800853485067,0.2726533929297035
2025-11-28,0981.HK,SMIC,Technology,30.94,-0.012132822477650018,-0.027472527472527486,0.10935819290068127,0.2618270799347473
2025-12-01,0981.HK,SMIC,Technology,30.09,-0.027472527472527486,0.011964107676968982,0.0910079767947789,0.21575757575757581
2025-12-02,0981.HK,SMIC,Technology,30.45,0.011964107676968982,-0.0045977011494252595,0.10206297502714445,0.18436406067677935
2025-12-03,0981.HK,SMIC,Technology,30.31,-0.0045977011494252595,-0.001319696469811893,0.07864768683274015,0.17617384555684912
2025-12-04,0981.HK,SMIC,Technology,30.27,-0.001319696469811893,0.01123224314502802,0.043433298862461056,0.18799058084772358
2025-12-05,0981.HK,SMIC,Technology,30.61,0.01123224314502802,0.014701078079059071,0.045066575623079475,0.1773076923076924
2025-12-08,0981.HK,SMIC,Technology,31.06,0.014701078079059071,0.017707662588538398,0.07884682181312952,0.22091194968553451
2025-12-09,0981.HK,SMIC,Technology,31.61,0.017707662588538398,-0.01581777918380256,0.06790540540540535,0.2659191029235082
2025-12-10,0981.HK,SMIC,Technology,31.11,-0.01581777918380256,0.020572163291546097,0.050658561296859084,0.25544794188861975
2025-12-11,0981.HK,SMIC,Technology,31.75,0.020572163291546097,-0.007244094488188968,0.08398770911573927,0.285425101214575
2025-12-12,0981.HK,SMIC,Technology,31.52,-0.007244094488188968,-0.03077411167512689,0.09179078628333914,0.28653061224489784
2025-12-15,0981.HK,SMIC,Technology,30.55,-0.03077411167512689,-0.01571194762684125,0.04551676933607118,0.24643002855977136
2025-12-16,0981.HK,SMIC,Technology,30.07,-0.01571194762684125,0.0036581310276022627,0.024880708929788664,0.22136474411047935
2025-12-17,0981.HK,SMIC,Technology,30.18,0.0036581310276022627,-0.012922465208747513,0.0230508474576272,0.20720000000000005
2025-12-18,0981.HK,SMIC,Technology,29.79,-0.012922465208747513,-0.0006713662302786361,-0.008652246256239615,0.18922155688622744
2025-12-19,0981.HK,SMIC,Technology,29.77,-0.0006713662302786361,0.005374538125629824,0.001345442314160783,0.19702452754322475
2025-12-22,0981.HK,SMIC,Technology,29.93,0.005374538125629824,-0.0016705646508520244,-0.012862796833773116,0.18581616481774965
2025-12-23,0981.HK,SMIC,Technology,29.88,-0.0016705646508520244,-0.006358768406961146,-0.007968127490039945,0.19663596315578702
2025-12-24,0981.HK,SMIC,Technology,29.69,-0.006358768406961146,-0.01650387335803305,-0.04349226804123707,0.21580671580671584
2025-12-25,0981.HK,SMIC,Technology,29.2,-0.01650387335803305,0.00068493150684934,-0.0676883780332056,0.1755233494363928
2025-12-26,0981.HK,SMIC,Technology,29.22,0.00068493150684934,-0.02772073921971252,-0.05559146735617326,0.15722772277227715
2025-12-29,0981.HK,SMIC,Technology,28.41,-0.02772073921971252,-0.00915170714537139,-0.05583250249252247,0.13685474189675872
2025-12-30,0981.HK,SMIC,Technology,28.15,-0.00915170714537139,-0.012078152753108307,-0.07553366174055831,0.13188580619219925
2025-12-31,0981.HK,SMIC,Technology,27.81,-0.012078152753108307,-0.002517080186983156,-0.08248102936324642,0.13186813186813184
2026-01-01,0981.HK,SMIC,Technology,27.74,-0.002517080186983156,-0.0025234318673394984,-0.08358110340270897,0.12307692307692308
2026-01-02,0981.HK,SMIC,Technology,27.67,-0.0025234318673394984,0.014094687387061766,-0.09604704344985293,0.09324377716317667
2026-01-05,0981.HK,SMIC,Technology,28.06,0.014094687387061766,0.02245188880969362,-0.09658725048293626,0.09737974188502152
2026-01-06,0981.HK,SMIC,Technology,28.69,0.02245188880969362,-0.014639247124433652,-0.09237583043340714,0.10516178736517712
2026-01-07,0981.HK,SMIC,Technology,28.27,-0.014639247124433652,0.02829854969932799,-0.09128897460623597,0.07613247049866767
2026-01-08,0981.HK,SMIC,Technology,29.07,0.02829854969932799,-0.01031991744066052,-0.08440944881889767,0.10574362875618104
2026-01-09,0981.HK,SMIC,Technology,28.77,-0.01031991744066052,0.0031282586027110426,-0.08724619289340096,0.07752808988764048
2026-01-12,0981.HK,SMIC,Technology,28.86,0.0031282586027110426,0.007969507969507905,-0.05531914893617029,0.06928492034086697
2026-01-13,0981.HK,SMIC,Technology,29.09,0.007969507969507905,0.03437607425232048,-0.032590621882274684,0.055898366606170535
2026-01-14,0981.HK,SMIC,Technology,30.09,0.03437607425232048,-0.00664672648720499,-0.0029821073558647937,0.09857612267250815
2026-01-15,0981.HK,SMIC,Technology,29.89,-0.00664672648720499,-0.024422883907661452,0.0033568311513931803,0.11738317757009353
2026-01-16,0981.HK,SMIC,Technology,29.16,-0.024422883907661452,0.02126200274348422,-0.02049042660396372,0.07363770250368185
2026-01-19,0981.HK,SMIC,Technology,29.78,0.02126200274348422,-0.01074546675621224,-0.005011693952555962,0.0904430611497622
2026-01-20,0981.HK,SMIC,Technology,29.46,-0.01074546675621224,-0.004412763068567638,-0.014056224899598346,0.08269018743109147
2026-01-21,0981.HK,SMIC,Technology,29.33,-0.004412763068567638,-0.015001704739174837,-0.012125294712024393,0.08069270449520993
2026-01-22,0981.HK,SMIC,Technology,28.89,-0.015001704739174837,-0.004153686396677125,-0.010616438356164326,0.027382645803698313
2026-01-23,0981.HK,SMIC,Technology,28.77,-0.004153686396677125,-0.011122697254084102,-0.015400410677617993,0.03155252778773754
2026-01-26,0981.HK,SMIC,Technology,28.45,-0.011122697254084102,0.010193321616871698,0.0014079549454417695,0.03154459753444527
2026-01-27,0981.HK,SMIC,Technology,28.74,0.010193321616871698,0.0017397355601949105,0.020959147424511437,0.04017372421281218
2026-01-28,0981.HK,SMIC,Technology,28.79,0.0017397355601949105,-0.008683570684265396,0.03523912261776352,0.024555160142348598
2026-01-29,0981.HK,SMIC,Technology,28.54,-0.008683570684265396,0.014365802382620974,0.02883922134102379,-0.016201309893140392
2026-01-30,0981.HK,SMIC,Technology,28.95,0.014365802382620974,0.004145077720207224,0.046259486808818195,-0.011608057357459844
2026-02-02,0981.HK,SMIC,Technology,29.07,0.004145077720207224,-0.024767801857585092,0.035994297933000796,0.009725599166377163
2026-02-03,0981.HK,SMIC,Technology,28.35,-0.024767801857585092,0.013403880070546714,-0.011850819100731935,-0.042229729729729715
2026-02-04,0981.HK,SMIC,Technology,28.73,0.013403880070546714,0.0031326139923424368,0.01627166607711361,-0.02971968929415736
2026-02-05,0981.HK,SMIC,Technology,28.82,0.0031326139923424368,0.02012491325468413,-0.00859993120055036,-0.016046432229429808
2026-02-06,0981.HK,SMIC,Technology,29.4,0.02012491325468413,0.0023809523809523725,0.021897810218977964,0.018358157256667784
2026-02-09,0981.HK,SMIC,Technology,29.47,0.0023809523809523725,-0.010519172039362035,0.02113652113652109,0.008555783709787823
2026-02-10,0981.HK,SMIC,Technology,29.16,-0.010519172039362035,-0.002057613168724215,0.0024063251976624844,-0.006134969325153339
2026-02-11,0981.HK,SMIC,Technology,29.1,-0.002057613168724215,0.011683848797250818,-0.032901296111664924,-0.013559322033898202
2026-02-12,0981.HK,SMIC,Technology,29.44,0.011683848797250818,-0.009850543478260976,-0.015055202408832402,-0.02029950083194676
2026-02-13,0981.HK,SMIC,Technology,29.15,-0.009850543478260976,-0.005488850771869669,-0.0003429355281208135,-0.019508913555331353
2026-02-16,0981.HK,SMIC,Technology,28.99,-0.005488850771869669,-0.002414625733011322,-0.02652787105439902,-0.04386543535620058
2026-02-17,0981.HK,SMIC,Technology,28.92,-0.002414625733011322,-0.015214384508990375,-0.018329938900203624,-0.03984063745019917
2026-02-18,0981.HK,SMIC,Technology,28.48,-0.015214384508990375,-0.0098314606741573,-0.028980565973406036,-0.08247422680412364
2026-02-19,0981.HK,SMIC,Technology,28.2,-0.0098314606741573,0.0028368794326241176,-0.023883696780893082,-0.09961685823754796
2026-02-20,0981.HK,SMIC,Technology,28.28,0.0028368794326241176,0.017326732673267342,-0.01703163017031628,-0.08597285067873306
2026-02-23,0981.HK,SMIC,Technology,28.77,0.017326732673267342,0.005213764337852034,0.011247803163444647,-0.04386839481555338
2026-02-24,0981.HK,SMIC,Technology,28.92,0.005213764337852034,0.0,0.006263048016701633,-0.050246305418719106
2026-02-25,0981.HK,SMIC,Technology,28.92,0.0,-0.011065006915629283,0.004515456755818104,-0.04585945232596489
2026-02-26,0981.HK,SMIC,Technology,28.6,-0.011065006915629283,0.016083916083915906,0.0021023125437982237,-0.055170135447637825
2026-02-27,0981.HK,SMIC,Technology,29.06,0.016083916083915906,0.006538196834136256,0.0037996545768566037,-0.05063704671675928
2026-03-02,0981.HK,SMIC,Technology,29.25,0.006538196834136256,-0.008888888888888946,0.006191950464396356,-0.05827430779137155
2026-03-03,0981.HK,SMIC,Technology,28.99,-0.008888888888888946,0.013107968264919112,0.022574955908289063,-0.08288516292312564
2026-03-04,0981.HK,SMIC,Technology,29.37,0.013107968264919112,0.008171603677221695,0.022276366167768957,-0.055930568948891035
2026-03-05,0981.HK,SMIC,Technology,29.61,0.008171603677221695,-0.010469436001350862,0.02741151977793188,-0.06740157480314968
2026-03-06,0981.HK,SMIC,Technology,29.3,-0.010469436001350862,-0.0006825938566552558,-0.00340136054421758,-0.07043147208121825
2026-03-09,0981.HK,SMIC,Technology,29.28,-0.0006825938566552558,-0.006147540983606592,-0.006447234475737917,-0.041571194762684116
2026-03-10,0981.HK,SMIC,Technology,29.1,-0.006147540983606592,0.03711340206185554,-0.002057613168724215,-0.032258064516129004
2026-03-11,0981.HK,SMIC,Technology,30.18,0.03711340206185554,0.007952286282306265,0.03711340206185554,0.0
2026-03-12,0981.HK,SMIC,Technology,30.42,0.007952286282306265,0.0032873109796185407,0.033288043478260976,0.021148036253776592
2026-03-13,0981.HK,SMIC,Technology,30.52,0.0032873109796185407,0.007208387942332806,0.04699828473413392,0.025193147463889787
2026-03-16,0981.HK,SMIC,Technology,30.74,0.007208387942332806,0.019843851659076206,0.0603656433252846,0.027063147343802108
2026-03-17,0981.HK,SMIC,Technology,31.35,0.019843851659076206,-0.00031897926634771867,0.08402489626556009,0.049196787148594545
2026-03-18,0981.HK,SMIC,Technology,31.34,-0.00031897926634771867,-0.00765794511805995,0.1004213483146068,0.05557426743011118
2026-03-19,0981.HK,SMIC,Technology,31.1,-0.00765794511805995,0.012540192926044913,0.1028368794326242,0.06506849315068508
2026-03-20,0981.HK,SMIC,Technology,31.49,0.012540192926044913,-0.0019053667831057108,0.11350777934936351,0.07768651608487342
2026-03-23,0981.HK,SMIC,Technology,31.43,-0.0019053667831057108,-0.014317531021317165,0.09245742092457432,0.10630059838085182
2026-03-24,0981.HK,SMIC,Technology,30.98,-0.014317531021317165,-0.016785022595222743,0.07123098201936373,0.10053285968028436
2026-03-25,0981.HK,SMIC,Technology,30.46,-0.016785022595222743,0.021996060407091234,0.053250345781466146,0.0952894642215032
2026-03-26,0981.HK,SMIC,Technology,31.13,0.021996060407091234,0.0025698682942498774,0.08846153846153837,0.12220620043258834
2026-03-27,0981.HK,SMIC,Technology,31.21,0.0025698682942498774,-0.007689842999038854,0.07398485891259465,0.12793639320563788
2026-03-30,0981.HK,SMIC,Technology,30.97,-0.007689842999038854,-0.0025831449790119088,0.05880341880341877,0.10370634354953667
2026-03-31,0981.HK,SMIC,Technology,30.89,-0.0025831449790119088,0.011977986403366891,0.06553984132459467,0.07668177065179504
2026-04-01,0981.HK,SMIC,Technology,31.26,0.011977986403366891,-0.003518873960332791,0.06435137895812049,0.10576582950123803
2026-04-02,0981.HK,SMIC,Technology,31.15,-0.003518873960332791,-0.019582664526484717,0.05200945626477549,0.07155142758857913
2026-04-03,0981.HK,SMIC,Technology,30.54,-0.019582664526484717,0.0052390307793057644,0.04232081911262786,0.0615224191866528
2026-04-06,0981.HK,SMIC,Technology,30.7,0.0052390307793057644,0.017589576547231145,0.04849726775956276,0.06375606375606369
2026-04-07,0981.HK,SMIC,Technology,31.24,0.017589576547231145,0.016645326504481472,0.0735395189003436,0.07390855964248888
2026-04-08,0981.HK,SMIC,Technology,31.76,0.016645326504481472,-0.007241813602015146,0.052352551358515687,0.055500166168162224
2026-04-09,0981.HK,SMIC,Technology,31.53,-0.007241813602015146,0.01839517919441791,0.036489151873767334,0.054867848778855866
2026-04-10,0981.HK,SMIC,Technology,32.11,0.01839517919441791,0.0034257240734973937,0.052096985583224065,0.10116598079561046
2026-04-13,0981.HK,SMIC,Technology,32.22,0.0034257240734973937,0.018001241464928652,0.04814573845152892,0.08193418401611807
2026-04-14,0981.HK,SMIC,Technology,32.8,0.018001241464928652,0.008536585365853666,0.04625199362041443,0.1133740665308891
2026-04-15,0981.HK,SMIC,Technology,33.08,0.008536585365853666,-0.02025392986698915,0.05552010210593483,0.12785543811796796
2026-04-16,0981.HK,SMIC,Technology,32.41,-0.02025392986698915,0.02468373958654757,0.04212218649517663,0.12184146763586012
2026-04-17,0981.HK,SMIC,Technology,33.21,0.02468373958654757,0.001505570611261664,0.05462051444903149,0.15432742440041713
2026-04-20,0981.HK,SMIC,Technology,33.26,0.001505570611261664,0.00871918220084189,0.05822462615335655,0.1690685413005273
2026-04-21,0981.HK,SMIC,Technology,33.55,0.00871918220084189,-0.018181818181818188,0.08295674628792749,0.16736256089074453
2026-04-22,0981.HK,SMIC,Technology,32.94,-0.018181818181818188,0.00789313904068023,0.0814182534471437,0.14414727335880517
2026-04-23,0981.HK,SMIC,Technology,33.2,0.00789313904068023,0.015963855421686546,0.06649534211371688,0.16327960756832538
2026-04-24,0981.HK,SMIC,Technology,33.73,0.015963855421686546,0.027571894455973966,0.08074335148990697,0.16511226252158884
2026-04-27,0981.HK,SMIC,Technology,34.66,0.027571894455973966,0.01990767455279885,0.11914756215692601,0.19229446164430675
2026-04-28,0981.HK,SMIC,Technology,35.35,0.01990767455279885,0.008486562942008335,0.1443832955649078,0.24691358024691357
2026-04-29,0981.HK,SMIC,Technology,35.65,0.008486562942008335,-0.02075736325385702,0.14043506078055001,0.24086320918900106
2026-04-30,0981.HK,SMIC,Technology,34.91,-0.02075736325385702,0.0025780578630765216,0.12070626003210272,0.21131158917418436
2026-05-01,0981.HK,SMIC,Technology,35.0,0.0025780578630765216,-0.007714285714285785,0.14603798297314996,0.19047619047619047
2026-05-04,0981.HK,SMIC,Technology,34.73,-0.007714285714285785,0.004031097034264297,0.13127035830618894,0.1784865965388529
2026-05-05,0981.HK,SMIC,Technology,34.87,0.004031097034264297,-0.01634642959564092,0.1161971830985915,0.19581618655692723
2026-05-06,0981.HK,SMIC,Technology,34.3,-0.01634642959564092,-0.0023323615160348865,0.07997481108312332,0.17869415807560118
2026-05-07,0981.HK,SMIC,Technology,34.22,-0.0023323615160348865,-0.006428988895382792,0.08531557247066268,0.16236413043478248
2026-05-08,0981.HK,SMIC,Technology,34.0,-0.006428988895382792,,0.05886016817190898,0.16638078902229858
2025-09-01,1024.HK,Kuaishou,Technology,44.59,,0.02915451895043719,,
2025-09-02,1024.HK,Kuaishou,Technology,45.89,0.02915451895043719,0.002397036391370566,,
2025-09-03,1024.HK,Kuaishou,Technology,46.0,0.002397036391370566,0.019565217391304346,,
2025-09-04,1024.HK,Kuaishou,Technology,46.9,0.019565217391304346,0.011727078891258014,,
2025-09-05,1024.HK,Kuaishou,Technology,47.45,0.011727078891258014,-0.017913593256059013,,
2025-09-08,1024.HK,Kuaishou,Technology,46.6,-0.017913593256059013,-0.013519313304721114,,
2025-09-09,1024.HK,Kuaishou,Technology,45.97,-0.013519313304721114,0.0234935827713727,,
2025-09-10,1024.HK,Kuaishou,Technology,47.05,0.0234935827713727,-0.006588735387885181,,
2025-09-11,1024.HK,Kuaishou,Technology,46.74,-0.006588735387885181,-0.008130081300813052,,
2025-09-12,1024.HK,Kuaishou,Technology,46.36,-0.008130081300813052,-0.020276100086281224,,
2025-09-15,1024.HK,Kuaishou,Technology,45.42,-0.020276100086281224,0.010127697049757911,,
2025-09-16,1024.HK,Kuaishou,Technology,45.88,0.010127697049757911,0.04664341761115964,,
2025-09-17,1024.HK,Kuaishou,Technology,48.02,0.04664341761115964,-0.02290712203248646,,
2025-09-18,1024.HK,Kuaishou,Technology,46.92,-0.02290712203248646,0.0012787723785165905,,
2025-09-19,1024.HK,Kuaishou,Technology,46.98,0.0012787723785165905,0.03214133673903796,,
2025-09-22,1024.HK,Kuaishou,Technology,48.49,0.03214133673903796,-0.0008249123530624791,,
2025-09-23,1024.HK,Kuaishou,Technology,48.45,-0.0008249123530624791,0.010732714138286914,,
2025-09-24,1024.HK,Kuaishou,Technology,48.97,0.010732714138286914,-0.022666938942209502,,
2025-09-25,1024.HK,Kuaishou,Technology,47.86,-0.022666938942209502,0.010238194734642825,,
2025-09-26,1024.HK,Kuaishou,Technology,48.35,0.010238194734642825,-0.0033092037228542592,,
2025-09-29,1024.HK,Kuaishou,Technology,48.19,-0.0033092037228542592,0.022618800581033494,0.08073559093967253,
2025-09-30,1024.HK,Kuaishou,Technology,49.28,0.022618800581033494,0.027191558441558294,0.07387230333405981,
2025-10-01,1024.HK,Kuaishou,Technology,50.62,0.027191558441558294,0.05807981035163978,0.10043478260869554,
2025-10-02,1024.HK,Kuaishou,Technology,53.56,0.05807981035163978,0.013629574309185877,0.14200426439232428,
2025-10-03,1024.HK,Kuaishou,Technology,54.29,0.013629574309185877,0.00810462331921169,0.1441517386722866,
2025-10-06,1024.HK,Kuaishou,Technology,54.73,0.00810462331921169,0.005116024118399398,0.17446351931330462,
2025-10-07,1024.HK,Kuaishou,Technology,55.01,0.005116024118399398,-0.007089620069078317,0.1966499891233413,
2025-10-08,1024.HK,Kuaishou,Technology,54.62,-0.007089620069078317,0.008421823507872572,0.16089266737513275,
2025-10-09,1024.HK,Kuaishou,Technology,55.08,0.008421823507872572,-0.005809731299927345,0.17843388960205386,
2025-10-10,1024.HK,Kuaishou,Technology,54.76,-0.005809731299927345,0.004565376186997705,0.18119068162208807,
2025-10-13,1024.HK,Kuaishou,Technology,55.01,0.004565376186997705,0.029994546446100667,0.2111404667547334,
2025-10-14,1024.HK,Kuaishou,Technology,56.66,0.029994546446100667,-0.021531944934698233,0.23496076721883163,
2025-10-15,1024.HK,Kuaishou,Technology,55.44,-0.021531944934698233,0.026154401154401263,0.15451895043731767,
2025-10-16,1024.HK,Kuaishou,Technology,56.89,0.026154401154401263,0.02988222886271763,0.21248934356351223,
2025-10-17,1024.HK,Kuaishou,Technology,58.59,0.02988222886271763,-0.0017067759003243088,0.24712643678160928,
2025-10-20,1024.HK,Kuaishou,Technology,58.49,-0.0017067759003243088,-0.04616173704906823,0.20622808826562178,
2025-10-21,1024.HK,Kuaishou,Technology,55.79,-0.04616173704906823,-0.012726295034952484,0.15149638802889576,
2025-10-22,1024.HK,Kuaishou,Technology,55.08,-0.012726295034952484,0.029593318809005176,0.12477026751072073,
2025-10-23,1024.HK,Kuaishou,Technology,56.71,0.029593318809005176,0.00017633574325515156,0.18491433347262842,
2025-10-24,1024.HK,Kuaishou,Technology,56.72,0.00017633574325515156,-0.021332863187588202,0.17311271975180964,
2025-10-27,1024.HK,Kuaishou,Technology,55.51,-0.021332863187588202,-0.010268420104485698,0.1518987341772151,
2025-10-28,1024.HK,Kuaishou,Technology,54.94,-0.010268420104485698,0.0194757917728432,0.11485389610389607,
2025-10-29,1024.HK,Kuaishou,Technology,56.01,0.0194757917728432,0.012854847348687803,0.10647965231133938,
2025-10-30,1024.HK,Kuaishou,Technology,56.73,0.012854847348687803,-0.004406839414771713,0.05918595967139639,
2025-10-31,1024.HK,Kuaishou,Technology,56.48,-0.004406839414771713,-0.007436260623229329,0.04033892061153055,
2025-11-03,1024.HK,Kuaishou,Technology,56.06,-0.007436260623229329,-0.007848733499821736,0.024301114562397252,
2025-11-04,1024.HK,Kuaishou,Technology,55.62,-0.007848733499821736,-0.01959726717008259,0.011088892928558414,
2025-11-05,1024.HK,Kuaishou,Technology,54.53,-0.01959726717008259,0.03667705849990832,-0.0016477480776271314,
2025-11-06,1024.HK,Kuaishou,Technology,56.53,0.03667705849990832,-0.006368300017689732,0.026325344952796037,
2025-11-07,1024.HK,Kuaishou,Technology,56.17,-0.006368300017689732,0.027772832472850117,0.025748721694667687,
2025-11-10,1024.HK,Kuaishou,Technology,57.73,0.027772832472850117,0.034470812402563666,0.04944555535357198,
2025-11-11,1024.HK,Kuaishou,Technology,59.72,0.034470812402563666,0.02294038847957136,0.05400635368866924,
2025-11-12,1024.HK,Kuaishou,Technology,61.09,0.02294038847957136,-0.008839417253233006,0.10191197691197695,
2025-11-13,1024.HK,Kuaishou,Technology,60.55,-0.008839417253233006,0.009909165978530199,0.06433468096326234,
2025-11-14,1024.HK,Kuaishou,Technology,61.15,0.009909165978530199,0.00016353229762877675,0.043693463048301684,
2025-11-17,1024.HK,Kuaishou,Technology,61.16,0.00016353229762877675,-0.019130150425114345,0.04564882885963395,
2025-11-18,1024.HK,Kuaishou,Technology,59.99,-0.019130150425114345,0.008001333555592627,0.07528230865746566,
2025-11-19,1024.HK,Kuaishou,Technology,60.47,0.008001333555592627,-0.025301802546717433,0.0978576615831519,
2025-11-20,1024.HK,Kuaishou,Technology,58.94,-0.025301802546717433,0.026976586359009236,0.03932287074590013,
2025-11-21,1024.HK,Kuaishou,Technology,60.53,0.026976586359009236,-0.009416818106723901,0.06717207334273634,
2025-11-24,1024.HK,Kuaishou,Technology,59.96,-0.009416818106723901,0.005336891260840471,0.0801657359034409,0.3446961202063241
2025-11-25,1024.HK,Kuaishou,Technology,60.28,0.005336891260840471,0.006967485069674817,0.09719694211867491,0.31357594247112663
2025-11-26,1024.HK,Kuaishou,Technology,60.7,0.006967485069674817,-0.0049423393739703725,0.08373504731297987,0.3195652173913044
2025-11-27,1024.HK,Kuaishou,Technology,60.4,-0.0049423393739703725,0.013907284768212014,0.0646924026088489,0.28784648187633266
2025-11-28,1024.HK,Kuaishou,Technology,61.24,0.013907284768212014,-0.009797517962116253,0.0842776203966007,0.2906217070600632
2025-12-01,1024.HK,Kuaishou,Technology,60.64,-0.009797517962116253,0.020118733509234765,0.08169818052087052,0.3012875536480686
2025-12-02,1024.HK,Kuaishou,Technology,61.86,0.020118733509234765,-0.028936307791787907,0.11218985976267537,0.3456602131825104
2025-12-03,1024.HK,Kuaishou,Technology,60.07,-0.028936307791787907,0.0036623938738138406,0.10159545204474596,0.2767268862911796
2025-12-04,1024.HK,Kuaishou,Technology,60.29,0.0036623938738138406,0.04362249129208817,0.0665133557403148,0.2899015832263585
2025-12-05,1024.HK,Kuaishou,Technology,62.92,0.04362249129208817,-0.02129688493324866,0.12017090973829436,0.35720448662640214
2025-12-08,1024.HK,Kuaishou,Technology,61.58,-0.02129688493324866,-0.014127963624553375,0.0666897626883769,0.3557904007045354
2025-12-09,1024.HK,Kuaishou,Technology,60.71,-0.014127963624553375,0.01218909570087301,0.01657736101808438,0.323234524847428
2025-12-10,1024.HK,Kuaishou,Technology,61.45,0.01218909570087301,0.004719283970707977,0.005892944835488523,0.27967513536026645
2025-12-11,1024.HK,Kuaishou,Technology,61.74,0.004719283970707977,0.008584386135406463,0.01965317919075149,0.3158567774936061
2025-12-12,1024.HK,Kuaishou,Technology,62.27,0.008584386135406463,0.01172314115946671,0.01831561733442366,0.3254576415495958
2025-12-15,1024.HK,Kuaishou,Technology,63.0,0.01172314115946671,0.014761904761904754,0.0300850228907783,0.29923695607341716
2025-12-16,1024.HK,Kuaishou,Technology,63.93,0.014761904761904754,0.02549663694666049,0.06567761293548924,0.31950464396284817
2025-12-17,1024.HK,Kuaishou,Technology,65.56,0.02549663694666049,0.009762050030506453,0.08417397056391596,0.3387788441903208
2025-12-18,1024.HK,Kuaishou,Technology,66.2,0.009762050030506453,-0.004531722054380571,0.1231761112996268,0.38320100292519865
2025-12-19,1024.HK,Kuaishou,Technology,65.9,-0.004531722054380571,0.015781487101669045,0.08871633900545195,0.3629782833505688
2025-12-22,1024.HK,Kuaishou,Technology,66.94,0.015781487101669045,0.042874215715566155,0.11641094062708457,0.3890848723801619
2025-12-23,1024.HK,Kuaishou,Technology,69.81,0.042874215715566155,-0.0021486892995273843,0.15809555408095566,0.416599025974026
2025-12-24,1024.HK,Kuaishou,Technology,69.66,-0.0021486892995273843,-0.02067183462532296,0.1476112026359142,0.3761359146582379
2025-12-25,1024.HK,Kuaishou,Technology,68.22,-0.02067183462532296,0.02521254763998826,0.1294701986754967,0.2737117251680359
2025-12-26,1024.HK,Kuaishou,Technology,69.94,0.02521254763998826,-0.0018587360594795044,0.14206401045068584,0.2882667157855958
2025-12-29,1024.HK,Kuaishou,Technology,69.81,-0.0018587360594795044,-0.047271164589600345,0.1512203166226913,0.2755344418052257
2025-12-30,1024.HK,Kuaishou,Technology,66.51,-0.047271164589600345,0.01954593294241458,0.07516973811833183,0.20905289947282335
2025-12-31,1024.HK,Kuaishou,Technology,67.81,0.01954593294241458,-0.011060315587671399,0.12884967537872494,0.2414866349322593
2026-01-01,1024.HK,Kuaishou,Technology,67.06,-0.011060315587671399,-0.0011929615269907767,0.11229059545529951,0.21750181554103132
2026-01-02,1024.HK,Kuaishou,Technology,66.98,-0.0011929615269907767,0.008211406389967202,0.06452638270820099,0.223155588020453
2026-01-05,1024.HK,Kuaishou,Technology,67.53,0.008211406389967202,0.005034799348437868,0.09662227996102635,0.22759498273041268
2026-01-06,1024.HK,Kuaishou,Technology,67.87,0.005034799348437868,0.01650213643730658,0.11793773678141983,0.19784680550653033
2026-01-07,1024.HK,Kuaishou,Technology,68.99,0.01650213643730658,-0.008841861139295526,0.12270138323840518,0.2444083694083694
2026-01-08,1024.HK,Kuaishou,Technology,68.38,-0.008841861139295526,0.012138052062006466,0.10754778101716855,0.2019687115486024
2026-01-09,1024.HK,Kuaishou,Technology,69.21,0.012138052062006466,-0.004912584886576976,0.11145013650232838,0.18125960061443913
2026-01-12,1024.HK,Kuaishou,Technology,68.87,-0.004912584886576976,0.01727893131987801,0.09317460317460324,0.17746623354419566
2026-01-13,1024.HK,Kuaishou,Technology,70.06,0.01727893131987801,0.014416214673137251,0.09588612544971076,0.25578060584334117
2026-01-14,1024.HK,Kuaishou,Technology,71.07,0.014416214673137251,-0.01998030111158,0.08404514948139097,0.2903050108932461
2026-01-15,1024.HK,Kuaishou,Technology,69.65,-0.01998030111158,0.024838478104809658,0.05211480362537779,0.22817845177217433
2026-01-16,1024.HK,Kuaishou,Technology,71.38,0.024838478104809658,-0.010927430652843961,0.0831562974203337,0.2584626234132581
2026-01-19,1024.HK,Kuaishou,Technology,70.6,-0.010927430652843961,0.018696883852691304,0.05467582910068702,0.2718429111871734
2026-01-20,1024.HK,Kuaishou,Technology,71.92,0.018696883852691304,0.008898776418242438,0.030224896146683777,0.3090644339279214
2026-01-21,1024.HK,Kuaishou,Technology,72.56,0.008898776418242438,0.04148291069459753,0.041630778064886576,0.29548294947330844
2026-01-22,1024.HK,Kuaishou,Technology,75.57,0.04148291069459753,-0.004102156940584689,0.10773966578715921,0.33209941829719725
2026-01-23,1024.HK,Kuaishou,Technology,75.26,-0.004102156940584689,-0.006909380813181154,0.07606519874177886,0.33250708215297475
2026-01-26,1024.HK,Kuaishou,Technology,74.74,-0.006909380813181154,0.00040139149050033573,0.07062025497779678,0.3332144131287904
2026-01-27,1024.HK,Kuaishou,Technology,74.77,0.00040139149050033573,-0.005884713120235308,0.12419185084949613,0.3443006112909026
2026-01-28,1024.HK,Kuaishou,Technology,74.33,-0.005884713120235308,0.018431319790125134,0.09615101017549033,0.36310287914909223
2026-01-29,1024.HK,Kuaishou,Technology,75.7,0.018431319790125134,-0.03500660501981512,0.12883984491500144,0.33911197594197784
2026-01-30,1024.HK,Kuaishou,Technology,73.05,-0.03500660501981512,-0.022450376454483223,0.09062406688563729,0.3005162898344311
2026-02-02,1024.HK,Kuaishou,Technology,71.41,-0.022450376454483223,-0.02282593474303307,0.0574559455057011,0.23696518274727185
2026-02-03,1024.HK,Kuaishou,Technology,69.78,-0.02282593474303307,0.02178274577242756,0.028142036245763835,0.16845277963831218
2026-02-04,1024.HK,Kuaishou,Technology,71.3,0.02178274577242756,0.03870967741935494,0.03348311349470934,0.16713046325094116
2026-02-05,1024.HK,Kuaishou,Technology,74.06,0.03870967741935494,-0.0014852822036186542,0.08306522374963454,0.22312138728323716
2026-02-06,1024.HK,Kuaishou,Technology,73.95,-0.0014852822036186542,-0.0029749830966869784,0.06848721283051606,0.20932134096484067
2026-02-09,1024.HK,Kuaishou,Technology,73.73,-0.0029749830966869784,0.0024413400244132077,0.07056773631479607,0.2055264879005887
2026-02-10,1024.HK,Kuaishou,Technology,73.91,0.0024413400244132077,0.026518739006900383,0.05495289751641441,0.2320386731121853
2026-02-11,1024.HK,Kuaishou,Technology,75.87,0.026518739006900383,-0.019770660340055368,0.06753904601097527,0.2546717380519268
2026-02-12,1024.HK,Kuaishou,Technology,74.37,-0.019770660340055368,0.0061852897673793095,0.0677674084709261,0.26179165252799463
2026-02-13,1024.HK,Kuaishou,Technology,74.83,0.0061852897673793095,0.022317252438861512,0.048332866349117376,0.23624648934412673
2026-02-16,1024.HK,Kuaishou,Technology,76.5,0.022317252438861512,0.01189542483660122,0.08356940509915023,0.27585056704469646
2026-02-17,1024.HK,Kuaishou,Technology,77.41,0.01189542483660122,0.00503810877147659,0.07633481646273621,0.28417385534173856
2026-02-18,1024.HK,Kuaishou,Technology,77.8,0.00503810877147659,0.023007712082262266,0.07221609702315313,0.28171334431630957
2026-02-19,1024.HK,Kuaishou,Technology,79.59,0.023007712082262266,-0.05905264480462369,0.053195712584358956,0.3177152317880796
2026-02-20,1024.HK,Kuaishou,Technology,74.89,-0.05905264480462369,0.015756442782747904,-0.004916290193994199,0.222893533638145
2026-02-23,1024.HK,Kuaishou,Technology,76.07,0.015756442782747904,-0.01367161824635199,0.017795022745517697,0.2544525065963059
2026-02-24,1024.HK,Kuaishou,Technology,75.03,-0.01367161824635199,-0.039717446354791464,0.003477330480139207,0.21290009699321044
2026-02-25,1024.HK,Kuaishou,Technology,72.05,-0.039717446354791464,0.012213740458015376,-0.030674021256558603,0.1994339936740468
2026-02-26,1024.HK,Kuaishou,Technology,72.93,0.012213740458015376,0.03112573700808996,-0.03659180977542931,0.20965334217946596
2026-02-27,1024.HK,Kuaishou,Technology,75.2,0.03112573700808996,-0.0021276595744680327,0.029431895961670174,0.1951684678957406
2026-03-02,1024.HK,Kuaishou,Technology,75.04,-0.0021276595744680327,0.021855010660980723,0.05083321663632567,0.21857746021435553
2026-03-03,1024.HK,Kuaishou,Technology,76.68,0.021855010660980723,0.03651538862806469,0.09888220120378333,0.26305386262559716
2026-03-04,1024.HK,Kuaishou,Technology,79.48,0.03651538862806469,0.02994464016104681,0.11472650771388504,0.29340927583401144
2026-03-05,1024.HK,Kuaishou,Technology,81.86,0.02994464016104681,0.037136574639628606,0.10532001080205244,0.3258827340459993
2026-03-06,1024.HK,Kuaishou,Technology,84.9,0.037136574639628606,0.017314487632508868,0.14807302231237318,0.363417375943472
2026-03-09,1024.HK,Kuaishou,Technology,86.37,0.017314487632508868,0.0024313997915941243,0.1714363217143633,0.3709523809523809
2026-03-10,1024.HK,Kuaishou,Technology,86.58,0.0024313997915941243,-0.03465003465003469,0.1714247057231768,0.3542937587986861
2026-03-11,1024.HK,Kuaishou,Technology,83.58,-0.03465003465003469,-0.00466618808327357,0.1016211941478844,0.27486272117144583
2026-03-12,1024.HK,Kuaishou,Technology,83.19,-0.00466618808327357,-0.01791080658733013,0.11859620814844685,0.2566465256797583
2026-03-13,1024.HK,Kuaishou,Technology,81.7,-0.01791080658733013,0.0489596083231334,0.09180809835627435,0.2397572078907435
2026-03-16,1024.HK,Kuaishou,Technology,85.7,0.0489596083231334,-0.0030338389731622284,0.12026143790849675,0.280250971018823
2026-03-17,1024.HK,Kuaishou,Technology,85.44,-0.0030338389731622284,0.0035112359550562022,0.10373336778194031,0.22389342501074339
2026-03-18,1024.HK,Kuaishou,Technology,85.74,0.0035112359550562022,0.012946116165150512,0.10205655526992286,0.2308354866494402
2026-03-19,1024.HK,Kuaishou,Technology,86.85,0.012946116165150512,0.0018422567645366428,0.09121748963437604,0.27308707124010545
2026-03-20,1024.HK,Kuaishou,Technology,87.01,0.0018422567645366428,0.03838639236869312,0.16183736146347982,0.2440663425793539
2026-03-23,1024.HK,Kuaishou,Technology,90.35,0.03838639236869312,-0.013060320973989903,0.18772183515183394,0.2942271880819365
2026-03-24,1024.HK,Kuaishou,Technology,89.17,-0.013060320973989903,0.0051586856566108175,0.18845795015327194,0.3407006465193203
2026-03-25,1024.HK,Kuaishou,Technology,89.63,0.0051586856566108175,-0.015619770166238833,0.243997224149896,0.32178144816398757
2026-03-26,1024.HK,Kuaishou,Technology,88.23,-0.015619770166238833,-0.02844837356908092,0.2097902097902098,0.31568744407992844
2026-03-27,1024.HK,Kuaishou,Technology,85.72,-0.02844837356908092,-0.012715818945403634,0.13989361702127656,0.2797850104508808
2026-03-30,1024.HK,Kuaishou,Technology,84.63,-0.012715818945403634,0.0,0.1277985074626864,0.2532207907596622
2026-03-31,1024.HK,Kuaishou,Technology,84.63,0.0,-0.008743944227815104,0.10367762128325486,0.24694268454398105
2026-04-01,1024.HK,Kuaishou,Technology,83.89,-0.008743944227815104,-0.014542853737036565,0.055485656768998526,0.21597332946803904
2026-04-02,1024.HK,Kuaishou,Technology,82.67,-0.014542853737036565,-0.030361678964557992,0.00989494258490109,0.2089792336940628
2026-04-03,1024.HK,Kuaishou,Technology,80.16,-0.030361678964557992,-0.0009980039920159944,-0.05583038869257961,0.1582141309059386
2026-04-06,1024.HK,Kuaishou,Technology,80.08,-0.0009980039920159944,-0.03246753246753242,-0.07282621280537227,0.16277043705532157
2026-04-07,1024.HK,Kuaishou,Technology,77.48,-0.03246753246753242,0.01755291688177585,-0.10510510510510507,0.1059092206679988
2026-04-08,1024.HK,Kuaishou,Technology,78.84,0.01755291688177585,0.0026636225266361002,-0.05671213208901649,0.109328830730266
2026-04-09,1024.HK,Kuaishou,Technology,79.05,0.0026636225266361002,-0.03149905123339647,-0.04976559682654169,0.1349605168700645
2026-04-10,1024.HK,Kuaishou,Technology,76.56,-0.03149905123339647,-0.00600835945663547,-0.06291309669522649,0.07256934715606622
2026-04-13,1024.HK,Kuaishou,Technology,76.1,-0.00600835945663547,-0.015900131406044626,-0.11201866977829644,0.07790368271954673
2026-04-14,1024.HK,Kuaishou,Technology,74.89,-0.015900131406044626,0.007878221391373952,-0.12347846441947563,0.041295884315906584
2026-04-15,1024.HK,Kuaishou,Technology,75.48,0.007878221391373952,0.030604133545309997,-0.11966410076976897,0.040242557883131136
2026-04-16,1024.HK,Kuaishou,Technology,77.79,0.030604133545309997,-0.04075073916955907,-0.1043177892918824,0.029376736800317715
2026-04-17,1024.HK,Kuaishou,Technology,74.62,-0.04075073916955907,0.003350308228357024,-0.1423974255832663,-0.008503853308530429
2026-04-20,1024.HK,Kuaishou,Technology,74.87,0.003350308228357024,-0.002804861760384747,-0.17133370226895395,0.001739363125501825
2026-04-21,1024.HK,Kuaishou,Technology,74.66,-0.002804861760384747,0.01580498258773111,-0.1627228888639678,-0.001471178280058827
2026-04-22,1024.HK,Kuaishou,Technology,75.84,0.01580498258773111,0.005537974683544222,-0.15385473613745393,0.020314812323422693
2026-04-23,1024.HK,Kuaishou,Technology,76.26,0.005537974683544222,-0.01586677157094163,-0.13566814008840533,0.00739762219286666
2026-04-24,1024.HK,Kuaishou,Technology,75.05,-0.01586677157094163,-0.006262491672218484,-0.12447503499766688,0.027378507871321123
2026-04-27,1024.HK,Kuaishou,Technology,74.58,-0.006262491672218484,-0.016894609814963824,-0.11875221552640902,0.04439154180086824
2026-04-28,1024.HK,Kuaishou,Technology,73.32,-0.016894609814963824,0.024686306601200192,-0.1336405529953918,0.05073086844368002
2026-04-29,1024.HK,Kuaishou,Technology,75.13,0.024686306601200192,0.0013310262212167245,-0.10442245798068905,0.0537166900420758
2026-04-30,1024.HK,Kuaishou,Technology,75.23,0.0013310262212167245,0.04293499933537137,-0.089996371114068,0.015798001620307867
2026-05-01,1024.HK,Kuaishou,Technology,78.46,0.04293499933537137,-0.0006372673973998877,-0.021207584830339354,0.06098715348208228
2026-05-04,1024.HK,Kuaishou,Technology,78.41,-0.0006372673973998877,-0.014794031373549288,-0.02085414585414591,0.06347484063474829
2026-05-05,1024.HK,Kuaishou,Technology,77.25,-0.014794031373549288,-0.03275080906148864,-0.002968508002065051,0.04519009606277913
2026-05-06,1024.HK,Kuaishou,Technology,74.72,-0.03275080906148864,-0.03921306209850095,-0.05225773718924409,-0.01515750626070922
2026-05-07,1024.HK,Kuaishou,Technology,71.79,-0.03921306209850095,-0.034266610948600174,-0.09184060721062604,-0.03469140782573621
2026-05-08,1024.HK,Kuaishou,Technology,69.33,-0.034266610948600174,,-0.09443573667711602,-0.07349993318187897
2025-09-01,1299.HK,AIA,Financials,51.47,,-0.008354381192927862,,
2025-09-02,1299.HK,AIA,Financials,51.04,-0.008354381192927862,0.03565830721003138,,
2025-09-03,1299.HK,AIA,Financials,52.86,0.03565830721003138,0.05713204691638296,,
2025-09-04,1299.HK,AIA,Financials,55.88,0.05713204691638296,0.01807444523979962,,
2025-09-05,1299.HK,AIA,Financials,56.89,0.01807444523979962,-0.015995781332395875,,
2025-09-08,1299.HK,AIA,Financials,55.98,-0.015995781332395875,-0.010539478385137468,,
2025-09-09,1299.HK,AIA,Financials,55.39,-0.010539478385137468,-0.03358006860444118,,
2025-09-10,1299.HK,AIA,Financials,53.53,-0.03358006860444118,0.0029889781430971762,,
2025-09-11,1299.HK,AIA,Financials,53.69,0.0029889781430971762,-0.04246600856770355,,
2025-09-12,1299.HK,AIA,Financials,51.41,-0.04246600856770355,0.014977630811126241,,
2025-09-15,1299.HK,AIA,Financials,52.18,0.014977630811126241,0.053085473361441204,,
2025-09-16,1299.HK,AIA,Financials,54.95,0.053085473361441204,0.0192902638762511,,
2025-09-17,1299.HK,AIA,Financials,56.01,0.0192902638762511,-0.011962149616139839,,
2025-09-18,1299.HK,AIA,Financials,55.34,-0.011962149616139839,0.014275388507408726,,
2025-09-19,1299.HK,AIA,Financials,56.13,0.014275388507408726,0.04311419918047377,,
2025-09-22,1299.HK,AIA,Financials,58.55,0.04311419918047377,0.04167378309137493,,
2025-09-23,1299.HK,AIA,Financials,60.99,0.04167378309137493,-0.02606984751598629,,
2025-09-24,1299.HK,AIA,Financials,59.4,-0.02606984751598629,0.013804713804713709,,
2025-09-25,1299.HK,AIA,Financials,60.22,0.013804713804713709,-0.0036532713384257454,,
2025-09-26,1299.HK,AIA,Financials,60.0,-0.0036532713384257454,0.021500000000000075,,
2025-09-29,1299.HK,AIA,Financials,61.29,0.021500000000000075,0.010442160221895813,0.19079075189430728,
2025-09-30,1299.HK,AIA,Financials,61.93,0.010442160221895813,-0.06184401743904411,0.21336206896551735,
2025-10-01,1299.HK,AIA,Financials,58.1,-0.06184401743904411,-0.008777969018932796,0.09912977676882329,
2025-10-02,1299.HK,AIA,Financials,57.59,-0.008777969018932796,0.005556520229206274,0.03060128847530419,
2025-10-03,1299.HK,AIA,Financials,57.91,0.005556520229206274,-0.0372992574684855,0.017929337317630356,
2025-10-06,1299.HK,AIA,Financials,55.75,-0.0372992574684855,0.015605381165919141,-0.00410861021793496,
2025-10-07,1299.HK,AIA,Financials,56.62,0.015605381165919141,-0.03973860826563047,0.022206174399711065,
2025-10-08,1299.HK,AIA,Financials,54.37,-0.03973860826563047,-0.02059959536509104,0.015692135251260897,
2025-10-09,1299.HK,AIA,Financials,53.25,-0.02059959536509104,0.03568075117370895,-0.008195194635872594,
2025-10-10,1299.HK,AIA,Financials,55.15,0.03568075117370895,-0.022846781504986313,0.07274849251118454,
2025-10-13,1299.HK,AIA,Financials,53.89,-0.022846781504986313,0.015587307478196255,0.03277117669605212,
2025-10-14,1299.HK,AIA,Financials,54.73,0.015587307478196255,-0.04586150191850902,-0.00400363967242956,
2025-10-15,1299.HK,AIA,Financials,52.22,-0.04586150191850902,0.05515128303332051,-0.06766648812712017,
2025-10-16,1299.HK,AIA,Financials,55.1,0.05515128303332051,-0.007622504537205144,-0.004336826888326706,
2025-10-17,1299.HK,AIA,Financials,54.68,-0.007622504537205144,0.002926115581565636,-0.025832887938713744,
2025-10-20,1299.HK,AIA,Financials,54.84,0.002926115581565636,0.0051057622173595885,-0.06336464560204946,
2025-10-21,1299.HK,AIA,Financials,55.12,0.0051057622173595885,0.01632801161103048,-0.09624528611247751,
2025-10-22,1299.HK,AIA,Financials,56.02,0.01632801161103048,-0.03962870403427354,-0.05690235690235679,
2025-10-23,1299.HK,AIA,Financials,53.8,-0.03962870403427354,0.0003717472118960341,-0.10660909996678847,
2025-10-24,1299.HK,AIA,Financials,53.82,0.0003717472118960341,-0.01690821256038655,-0.10299999999999998,
2025-10-27,1299.HK,AIA,Financials,52.91,-0.01690821256038655,-0.04422604422604415,-0.1367270354054495,
2025-10-28,1299.HK,AIA,Financials,50.57,-0.04422604422604415,0.02649792367016013,-0.18343290812207325,
2025-10-29,1299.HK,AIA,Financials,51.91,0.02649792367016013,-0.008861491042188252,-0.10654044750430303,
2025-10-30,1299.HK,AIA,Financials,51.45,-0.008861491042188252,0.00680272108843516,-0.10661573189789897,
2025-10-31,1299.HK,AIA,Financials,51.8,0.00680272108843516,0.0050193050193050315,-0.1055085477465032,
2025-11-03,1299.HK,AIA,Financials,52.06,0.0050193050193050315,-0.008451786400307415,-0.06618834080717484,
2025-11-04,1299.HK,AIA,Financials,51.62,-0.008451786400307415,0.05249903138318479,-0.08830801836806779,
2025-11-05,1299.HK,AIA,Financials,54.33,0.05249903138318479,-0.000920301859009709,-0.0007356998344675292,
2025-11-06,1299.HK,AIA,Financials,54.28,-0.000920301859009709,-0.040714812085482666,0.01934272300469475,
2025-11-07,1299.HK,AIA,Financials,52.07,-0.040714812085482666,-0.00998655655847902,-0.0558476881233001,
2025-11-10,1299.HK,AIA,Financials,51.55,-0.00998655655847902,0.013385063045586953,-0.04342178511783268,
2025-11-11,1299.HK,AIA,Financials,52.24,0.013385063045586953,0.014548238897396537,-0.04549607162433755,
2025-11-12,1299.HK,AIA,Financials,53.0,0.014548238897396537,-0.028301886792452824,0.014936805821524235,
2025-11-13,1299.HK,AIA,Financials,51.5,-0.028301886792452824,0.02485436893203885,-0.06533575317604357,
2025-11-14,1299.HK,AIA,Financials,52.78,0.02485436893203885,-0.04604016672982192,-0.03474762253108998,
2025-11-17,1299.HK,AIA,Financials,50.35,-0.04604016672982192,0.03058589870903683,-0.08187454412837347,
2025-11-18,1299.HK,AIA,Financials,51.89,0.03058589870903683,-0.03430333397571783,-0.05859941944847602,
2025-11-19,1299.HK,AIA,Financials,50.11,-0.03430333397571783,-0.005587707044502066,-0.10549803641556588,
2025-11-20,1299.HK,AIA,Financials,49.83,-0.005587707044502066,0.028296207104154147,-0.07379182156133823,
2025-11-21,1299.HK,AIA,Financials,51.24,0.028296207104154147,0.003512880562060783,-0.04793756967670004,
2025-11-24,1299.HK,AIA,Financials,51.42,0.003512880562060783,0.02197588486970048,-0.028161028161028057,-0.0009714396735962527
2025-11-25,1299.HK,AIA,Financials,52.55,0.02197588486970048,0.016555661274976208,0.03915364840814717,0.029584639498432486
2025-11-26,1299.HK,AIA,Financials,53.42,0.016555661274976208,0.034256832646948565,0.029088807551531648,0.01059402194475978
2025-11-27,1299.HK,AIA,Financials,55.25,0.034256832646948565,0.028416289592760213,0.07385811467444126,-0.011274158911954268
2025-11-28,1299.HK,AIA,Financials,56.82,0.028416289592760213,-0.011615628299894487,0.09691119691119687,-0.0012304447178765887
2025-12-01,1299.HK,AIA,Financials,56.16,-0.011615628299894487,0.017094017094017033,0.07875528236650009,0.003215434083601254
2025-12-02,1299.HK,AIA,Financials,57.12,0.017094017094017033,-0.03974089635854339,0.10654784967067021,0.031233074562195373
2025-12-03,1299.HK,AIA,Financials,54.85,-0.03974089635854339,-0.0010938924339106704,0.009571139333701462,0.02465906968055287
2025-12-04,1299.HK,AIA,Financials,54.79,-0.0010938924339106704,0.021901806899069287,0.009395725865880555,0.02048798658968143
2025-12-05,1299.HK,AIA,Financials,55.99,0.021901806899069287,0.003929273084479323,0.07528327251776457,0.0890877261233225
2025-12-08,1299.HK,AIA,Financials,56.21,0.003929273084479323,0.012097491549546424,0.0903976721629487,0.0772326561901111
2025-12-09,1299.HK,AIA,Financials,56.89,0.012097491549546424,-0.005273334505185412,0.08901225114854516,0.03530482256596912
2025-12-10,1299.HK,AIA,Financials,56.59,-0.005273334505185412,0.030040643223184338,0.06773584905660379,0.010355293697554169
2025-12-11,1299.HK,AIA,Financials,58.29,0.030040643223184338,-0.001715560130382543,0.13184466019417473,0.05330683050234897
2025-12-12,1299.HK,AIA,Financials,58.19,-0.001715560130382543,-0.011857707509881354,0.10250094732853343,0.03670051665775875
2025-12-15,1299.HK,AIA,Financials,57.5,-0.011857707509881354,0.023826086956521664,0.14200595829195617,-0.017933390264730953
2025-12-16,1299.HK,AIA,Financials,58.87,0.023826086956521664,-0.036691014098861885,0.13451532087107343,-0.03475979668798168
2025-12-17,1299.HK,AIA,Financials,56.71,-0.036691014098861885,0.013577852230647114,0.1317102374775494,-0.04528619528619526
2025-12-18,1299.HK,AIA,Financials,57.48,0.013577852230647114,-0.026965901183020113,0.15352197471402773,-0.04549983394221191
2025-12-19,1299.HK,AIA,Financials,55.93,-0.026965901183020113,0.0339710352225997,0.09153005464480879,-0.0678333333333333
2025-12-22,1299.HK,AIA,Financials,57.83,0.0339710352225997,-0.0063980632889503175,0.12465966549980556,-0.056452928699624705
2025-12-23,1299.HK,AIA,Financials,57.46,-0.0063980632889503175,0.0038287504350853485,0.09343482397716474,-0.07217826578394959
2025-12-24,1299.HK,AIA,Financials,57.68,0.0038287504350853485,0.011269070735090203,0.07974541370273291,-0.0072289156626506035
2025-12-25,1299.HK,AIA,Financials,58.33,0.011269070735090203,-0.05040288016458083,0.05574660633484152,0.012849453030039815
2025-12-26,1299.HK,AIA,Financials,55.39,-0.05040288016458083,-0.016609496298971016,-0.02516719464977124,-0.04351580037989977
2025-12-29,1299.HK,AIA,Financials,54.47,-0.016609496298971016,0.02772168165962907,-0.03009259259259256,-0.022959641255605456
2025-12-30,1299.HK,AIA,Financials,55.98,0.02772168165962907,0.023222579492676143,-0.01995798319327735,-0.0113034263511127
2025-12-31,1299.HK,AIA,Financials,57.28,0.023222579492676143,0.007856145251396551,0.04430264357338198,0.05352216295751333
2026-01-01,1299.HK,AIA,Financials,57.73,0.007856145251396551,-0.03516369305387135,0.05365942690271952,0.08413145539906108
2026-01-02,1299.HK,AIA,Financials,55.7,-0.03516369305387135,0.01579892280071804,-0.005179496338631906,0.00997280145058932
2026-01-05,1299.HK,AIA,Financials,56.58,0.01579892280071804,0.01926475786497006,0.006582458637253152,0.04991649656708108
2026-01-06,1299.HK,AIA,Financials,57.67,0.01926475786497006,0.0015606034333275343,0.013710669713482115,0.0537182532431939
2026-01-07,1299.HK,AIA,Financials,57.76,0.0015606034333275343,0.032548476454293596,0.02067503092419143,0.10608962083492912
2026-01-08,1299.HK,AIA,Financials,59.64,0.032548476454293596,-0.017605633802816878,0.023160061760164607,0.08239564428312152
2026-01-09,1299.HK,AIA,Financials,58.59,-0.017605633802816878,-0.01297149684246468,0.00687403333906178,0.0715069495245062
2026-01-12,1299.HK,AIA,Financials,57.83,-0.01297149684246468,-0.06501815666609023,0.005739130434782469,0.05452224653537563
2026-01-13,1299.HK,AIA,Financials,54.07,-0.06501815666609023,0.02459774366561862,-0.08153558688635976,-0.019049346879535523
2026-01-14,1299.HK,AIA,Financials,55.4,0.02459774366561862,0.008664259927797957,-0.023099982366425742,-0.011067475901463841
2026-01-15,1299.HK,AIA,Financials,55.88,0.008664259927797957,-0.04384395132426633,-0.027835768963117458,0.03866171003717489
2026-01-16,1299.HK,AIA,Financials,53.43,-0.04384395132426633,-0.04585438892008242,-0.044698730556052224,-0.007246376811594235
2026-01-19,1299.HK,AIA,Financials,50.98,-0.04585438892008242,-0.022557865829737178,-0.11845063116029741,-0.036477036477036484
2026-01-20,1299.HK,AIA,Financials,49.83,-0.022557865829737178,0.021272325908087586,-0.13278802645318488,-0.014633181728297417
2026-01-21,1299.HK,AIA,Financials,50.89,0.021272325908087586,-0.007467085871487589,-0.11771844660194175,-0.019649393180504626
2026-01-22,1299.HK,AIA,Financials,50.51,-0.007467085871487589,-0.020787962779647562,-0.13406480370306872,-0.01827016520894076
2026-01-23,1299.HK,AIA,Financials,49.46,-0.020787962779647562,-0.026081682167408027,-0.10705903592706267,-0.04517374517374506
2026-01-26,1299.HK,AIA,Financials,48.17,-0.026081682167408027,-0.027402947892879337,-0.11565999632825408,-0.074721475220899
2026-01-27,1299.HK,AIA,Financials,46.85,-0.027402947892879337,-0.050373532550693656,-0.1630939621293318,-0.09240604416892673
2026-01-28,1299.HK,AIA,Financials,44.49,-0.050373532550693656,-0.03146774556080012,-0.22328910614525133,-0.1811154058531198
2026-01-29,1299.HK,AIA,Financials,43.09,-0.03146774556080012,-0.027848688790902854,-0.2535943183786592,-0.2061532792925571
2026-01-30,1299.HK,AIA,Financials,41.89,-0.027848688790902854,0.018381475292432503,-0.24793536804308802,-0.19550604954868445
2026-02-02,1299.HK,AIA,Financials,42.66,0.018381475292432503,-0.00398499765588356,-0.24602332979851538,-0.17245392822502426
2026-02-03,1299.HK,AIA,Financials,42.49,-0.00398499765588356,-0.02118145445987285,-0.263221779087914,-0.18663859111791725
2026-02-04,1299.HK,AIA,Financials,41.59,-0.02118145445987285,0.061072373166626504,-0.2799515235457063,-0.21528301886792445
2026-02-05,1299.HK,AIA,Financials,44.13,0.061072373166626504,-0.016995241332426914,-0.2600603621730382,-0.1431067961165048
2026-02-06,1299.HK,AIA,Financials,43.38,-0.016995241332426914,0.030889810972798415,-0.25960061443932414,-0.17809776430466084
2026-02-09,1299.HK,AIA,Financials,44.72,0.030889810972798415,0.04315742397137745,-0.22669894518416045,-0.11181727904667338
2026-02-10,1299.HK,AIA,Financials,46.65,0.04315742397137745,-0.040943193997856286,-0.13722951729239874,-0.10098284833301219
2026-02-11,1299.HK,AIA,Financials,44.74,-0.040943193997856286,0.0024586499776486637,-0.19241877256317685,-0.10716423867491509
2026-02-12,1299.HK,AIA,Financials,44.85,0.0024586499776486637,-0.013377926421404673,-0.19738725841088045,-0.09993979530403363
2026-02-13,1299.HK,AIA,Financials,44.25,-0.013377926421404673,-0.015367231638418022,-0.17181358787198198,-0.13641686182669788
2026-02-16,1299.HK,AIA,Financials,43.57,-0.015367231638418022,0.015148037640578371,-0.1453511180855237,-0.15266433294437964
2026-02-17,1299.HK,AIA,Financials,44.23,0.015148037640578371,-0.01605245308614045,-0.1123820991370661,-0.158325404376784
2026-02-18,1299.HK,AIA,Financials,43.52,-0.01605245308614045,-0.012637867647058876,-0.14482216545490267,-0.1853238487457881
2026-02-19,1299.HK,AIA,Financials,42.97,-0.012637867647058876,-0.004188969048173119,-0.1492773708176599,-0.222262443438914
2026-02-20,1299.HK,AIA,Financials,42.79,-0.004188969048173119,-0.009347978499649412,-0.13485644965628796,-0.24692009855684616
2026-02-23,1299.HK,AIA,Financials,42.39,-0.009347978499649412,-0.030431705590941216,-0.11999169607639615,-0.2451923076923076
2026-02-24,1299.HK,AIA,Financials,41.1,-0.030431705590941216,0.02116788321167884,-0.1227321237993596,-0.28046218487394947
2026-02-25,1299.HK,AIA,Financials,41.97,0.02116788321167884,0.02811532046700016,-0.056641942009440394,-0.23482224247948957
2026-02-26,1299.HK,AIA,Financials,43.15,0.02811532046700016,0.009501738122827508,0.001392434439545065,-0.21244752692097102
2026-02-27,1299.HK,AIA,Financials,43.56,0.009501738122827508,-0.009641873278236957,0.03986631654332773,-0.22200392927308443
2026-03-02,1299.HK,AIA,Financials,43.14,-0.009641873278236957,-0.018080667593880384,0.011251758087201136,-0.23252090375378043
2026-03-03,1299.HK,AIA,Financials,42.36,-0.018080667593880384,-0.018177525967894126,-0.0030595434219816697,-0.2554051678678151
2026-03-04,1299.HK,AIA,Financials,41.59,-0.018177525967894126,0.06251502765087746,0.0,-0.2650644990280968
2026-03-05,1299.HK,AIA,Financials,44.19,0.06251502765087746,0.02489250961756051,0.0013596193065941176,-0.24189397838394233
2026-03-06,1299.HK,AIA,Financials,45.29,0.02489250961756051,-0.021638330757341562,0.04402950668510819,-0.22168757518473958
2026-03-09,1299.HK,AIA,Financials,44.31,-0.021638330757341562,0.004739336492890933,-0.009168157423971257,-0.22939130434782606
2026-03-10,1299.HK,AIA,Financials,44.52,0.004739336492890933,-0.009209344115004625,-0.04565916398713821,-0.24375743162901298
2026-03-11,1299.HK,AIA,Financials,44.11,-0.009209344115004625,0.01586941736567682,-0.01408135896289675,-0.22218303650149884
2026-03-12,1299.HK,AIA,Financials,44.81,0.01586941736567682,0.014505690694041506,-0.0008918617614269708,-0.2204244954766874
2026-03-13,1299.HK,AIA,Financials,45.46,0.014505690694041506,0.029036515618125813,0.02734463276836152,-0.18719828356874668
2026-03-16,1299.HK,AIA,Financials,46.78,0.029036515618125813,-0.022017956391620408,0.07367454670644946,-0.19107729552135566
2026-03-17,1299.HK,AIA,Financials,45.75,-0.022017956391620408,0.0030601092896174187,0.03436581505765335,-0.20379394361294811
2026-03-18,1299.HK,AIA,Financials,45.89,0.0030601092896174187,-0.045543691436042755,0.05445772058823528,-0.2044036061026352
2026-03-19,1299.HK,AIA,Financials,43.8,-0.045543691436042755,-0.032648401826483986,0.019315801722131765,-0.2490999485684896
2026-03-20,1299.HK,AIA,Financials,42.37,-0.032648401826483986,0.023601604909133878,-0.00981537742463201,-0.23506048023108872
2026-03-23,1299.HK,AIA,Financials,43.37,0.023601604909133878,-0.024671431865344706,0.023118660061335117,-0.20378189829263815
2026-03-24,1299.HK,AIA,Financials,42.3,-0.024671431865344706,-0.021749408983451457,0.029197080291970767,-0.24437299035369775
2026-03-25,1299.HK,AIA,Financials,41.38,-0.021749408983451457,0.00024166263895586404,-0.01405766023350008,-0.2775837988826816
2026-03-26,1299.HK,AIA,Financials,41.39,0.00024166263895586404,0.0186035274220826,-0.04078794901506366,-0.28304174605924126
2026-03-27,1299.HK,AIA,Financials,42.16,0.0186035274220826,-0.02751423149905119,-0.032139577594123225,-0.24308797127468595
2026-03-30,1299.HK,AIA,Financials,41.0,-0.02751423149905119,-0.09121951219512203,-0.04960593416782566,-0.2753623188405797
2026-03-31,1299.HK,AIA,Financials,37.26,-0.09121951219512203,-0.02254428341384851,-0.12039660056657231,-0.35391017860239293
2026-04-01,1299.HK,AIA,Financials,36.42,-0.02254428341384851,0.032125205930807255,-0.12430872805962978,-0.3694598337950138
2026-04-02,1299.HK,AIA,Financials,37.59,0.032125205930807255,0.009577015163607427,-0.14935505770536306,-0.3697183098591549
2026-04-03,1299.HK,AIA,Financials,37.95,0.009577015163607427,0.03504611330698282,-0.1620666813866195,-0.35227854582693297
2026-04-06,1299.HK,AIA,Financials,39.28,0.03504611330698282,-0.02927698574338078,-0.11351839313924628,-0.32076776759467396
2026-04-07,1299.HK,AIA,Financials,38.13,-0.02927698574338078,-0.04274849200104913,-0.1435309973045822,-0.2948030331052339
2026-04-08,1299.HK,AIA,Financials,36.5,-0.04274849200104913,0.012602739726027323,-0.1725232373611426,-0.3411552346570397
2026-04-09,1299.HK,AIA,Financials,36.96,0.012602739726027323,0.006493506493506551,-0.1751841106895783,-0.3385826771653544
2026-04-10,1299.HK,AIA,Financials,37.2,0.006493506493506551,0.008602150537634357,-0.181698196216454,-0.30376193149915776
2026-04-13,1299.HK,AIA,Financials,37.52,0.008602150537634357,0.024786780383795337,-0.19794784095767415,-0.2640251078854452
2026-04-14,1299.HK,AIA,Financials,38.45,0.024786780383795337,0.011703511053315907,-0.15956284153005462,-0.22837648003210909
2026-04-15,1299.HK,AIA,Financials,38.9,0.011703511053315907,0.011053984575835507,-0.15232076705164532,-0.23560620947140898
2026-04-16,1299.HK,AIA,Financials,39.33,0.011053984575835507,0.019069412662090057,-0.10205479452054789,-0.22134230845377156
2026-04-17,1299.HK,AIA,Financials,40.08,0.019069412662090057,0.013722554890219563,-0.05404767524191645,-0.1896482005661141
2026-04-20,1299.HK,AIA,Financials,40.63,0.013722554890219563,0.02288949052424316,-0.06317731150564898,-0.15652895993356863
2026-04-21,1299.HK,AIA,Financials,41.56,0.02288949052424316,0.026948989412896918,-0.01749408983451528,-0.11291355389541091
2026-04-22,1299.HK,AIA,Financials,42.68,0.026948989412896918,0.04053420805998109,0.03141614306428209,-0.040683299617891744
2026-04-23,1299.HK,AIA,Financials,44.41,0.04053420805998109,-0.016662913758162423,0.0729644841749213,0.030633557669992983
2026-04-24,1299.HK,AIA,Financials,43.67,-0.016662913758162423,0.013052438745134065,0.03581593927893745,0.042492241585103896
2026-04-27,1299.HK,AIA,Financials,44.24,0.013052438745134065,-0.00926763110307427,0.07902439024390251,0.0370370370370372
2026-04-28,1299.HK,AIA,Financials,43.83,-0.00926763110307427,-0.021674652064795685,0.17632850241545905,0.031536832195810716
2026-04-29,1299.HK,AIA,Financials,42.88,-0.021674652064795685,-0.017723880597015018,0.17737506864360242,0.031017071411396868
2026-04-30,1299.HK,AIA,Financials,42.12,-0.017723880597015018,0.013532763532763559,0.1205107741420588,-0.04554724677090427
2026-05-01,1299.HK,AIA,Financials,42.69,0.013532763532763559,0.011243851018974071,0.12490118577075093,-0.015905947441217316
2026-05-04,1299.HK,AIA,Financials,43.17,0.011243851018974071,0.011118832522585054,0.09903258655804481,-0.03466010733452585
2026-05-05,1299.HK,AIA,Financials,43.65,0.011118832522585054,-0.00572737686139746,0.14476789929189593,-0.06430868167202575
2026-05-06,1299.HK,AIA,Financials,43.4,-0.00572737686139746,0.00046082949308767773,0.18904109589041096,-0.029950827000447156
2026-05-07,1299.HK,AIA,Financials,43.42,0.00046082949308767773,0.02210962690004603,0.1747835497835497,-0.03188405797101446
2026-05-08,1299.HK,AIA,Financials,44.38,0.02210962690004603,,0.19301075268817192,0.0029378531073447345
2025-09-01,1810.HK,Xiaomi,Technology,14.81,,0.002025658338960179,,
2025-09-02,1810.HK,Xiaomi,Technology,14.84,0.002025658338960179,-0.016846361185983816,,
2025-09-03,1810.HK,Xiaomi,Technology,14.59,-0.016846361185983816,-0.006854009595613442,,
2025-09-04,1810.HK,Xiaomi,Technology,14.49,-0.006854009595613442,0.0200138026224983,,
2025-09-05,1810.HK,Xiaomi,Technology,14.78,0.0200138026224983,-0.010825439783491264,,
2025-09-08,1810.HK,Xiaomi,Technology,14.62,-0.010825439783491264,0.017099863201094356,,
2025-09-09,1810.HK,Xiaomi,Technology,14.87,0.017099863201094356,-0.02219233355749828,,
2025-09-10,1810.HK,Xiaomi,Technology,14.54,-0.02219233355749828,0.011004126547455195,,
2025-09-11,1810.HK,Xiaomi,Technology,14.7,0.011004126547455195,0.029251700680272164,,
2025-09-12,1810.HK,Xiaomi,Technology,15.13,0.029251700680272164,-0.048248512888301454,,
2025-09-15,1810.HK,Xiaomi,Technology,14.4,-0.048248512888301454,-0.015277777777777835,,
2025-09-16,1810.HK,Xiaomi,Technology,14.18,-0.015277777777777835,0.011988716502115748,,
2025-09-17,1810.HK,Xiaomi,Technology,14.35,0.011988716502115748,-0.0034843205574912606,,
2025-09-18,1810.HK,Xiaomi,Technology,14.3,-0.0034843205574912606,0.007692307692307665,,
2025-09-19,1810.HK,Xiaomi,Technology,14.41,0.007692307692307665,-0.01179736294240108,,
2025-09-22,1810.HK,Xiaomi,Technology,14.24,-0.01179736294240108,0.002808988764044784,,
2025-09-23,1810.HK,Xiaomi,Technology,14.28,0.002808988764044784,-0.0028011204481792618,,
2025-09-24,1810.HK,Xiaomi,Technology,14.24,-0.0028011204481792618,0.0231741573033708,,
2025-09-25,1810.HK,Xiaomi,Technology,14.57,0.0231741573033708,0.005490734385724005,,
2025-09-26,1810.HK,Xiaomi,Technology,14.65,0.005490734385724005,0.007508532423208258,,
2025-09-29,1810.HK,Xiaomi,Technology,14.76,0.007508532423208258,-0.008130081300812941,-0.0033760972316003723,
2025-09-30,1810.HK,Xiaomi,Technology,14.64,-0.008130081300812941,-0.008879781420765065,-0.013477088948786964,
2025-10-01,1810.HK,Xiaomi,Technology,14.51,-0.008879781420765065,-0.008270158511371362,-0.005483207676490798,
2025-10-02,1810.HK,Xiaomi,Technology,14.39,-0.008270158511371362,0.008339124391938846,-0.0069013112491372874,
2025-10-03,1810.HK,Xiaomi,Technology,14.51,0.008339124391938846,-0.007580978635423841,-0.01826792963464141,
2025-10-06,1810.HK,Xiaomi,Technology,14.4,-0.007580978635423841,0.006250000000000089,-0.015047879616962967,
2025-10-07,1810.HK,Xiaomi,Technology,14.49,0.006250000000000089,0.04140786749482395,-0.025554808338937418,
2025-10-08,1810.HK,Xiaomi,Technology,15.09,0.04140786749482395,0.01722995361166335,0.03782668500687758,
2025-10-09,1810.HK,Xiaomi,Technology,15.35,0.01722995361166335,-0.005863192182410382,0.04421768707482987,
2025-10-10,1810.HK,Xiaomi,Technology,15.26,-0.005863192182410382,0.02424639580602883,0.008592200925313875,
2025-10-13,1810.HK,Xiaomi,Technology,15.63,0.02424639580602883,-0.007677543186180524,0.0854166666666667,
2025-10-14,1810.HK,Xiaomi,Technology,15.51,-0.007677543186180524,-0.03932946486137967,0.09379407616361068,
2025-10-15,1810.HK,Xiaomi,Technology,14.9,-0.03932946486137967,-0.01946308724832224,0.03832752613240431,
2025-10-16,1810.HK,Xiaomi,Technology,14.61,-0.01946308724832224,-0.03627652292950034,0.02167832167832162,
2025-10-17,1810.HK,Xiaomi,Technology,14.08,-0.03627652292950034,-0.006392045454545414,-0.022900763358778664,
2025-10-20,1810.HK,Xiaomi,Technology,13.99,-0.006392045454545414,0.0007147962830593713,-0.0175561797752809,
2025-10-21,1810.HK,Xiaomi,Technology,14.0,0.0007147962830593713,0.033571428571428585,-0.019607843137254832,
2025-10-22,1810.HK,Xiaomi,Technology,14.47,0.033571428571428585,0.006910850034554272,0.016151685393258397,
2025-10-23,1810.HK,Xiaomi,Technology,14.57,0.006910850034554272,-0.0041180507892930596,0.0,
2025-10-24,1810.HK,Xiaomi,Technology,14.51,-0.0041180507892930596,0.017229496898690577,-0.009556313993174137,
2025-10-27,1810.HK,Xiaomi,Technology,14.76,0.017229496898690577,-0.04336043360433606,0.0,
2025-10-28,1810.HK,Xiaomi,Technology,14.12,-0.04336043360433606,0.004957507082153034,-0.03551912568306015,
2025-10-29,1810.HK,Xiaomi,Technology,14.19,0.004957507082153034,0.01620859760394655,-0.02205375603032389,
2025-10-30,1810.HK,Xiaomi,Technology,14.42,0.01620859760394655,-0.029126213592232997,0.0020847810979847115,
2025-10-31,1810.HK,Xiaomi,Technology,14.0,-0.029126213592232997,0.02285714285714291,-0.035148173673328675,
2025-11-03,1810.HK,Xiaomi,Technology,14.32,0.02285714285714291,0.007681564245810124,-0.005555555555555536,
2025-11-04,1810.HK,Xiaomi,Technology,14.43,0.007681564245810124,-0.007623007623007605,-0.0041407867494824835,
2025-11-05,1810.HK,Xiaomi,Technology,14.32,-0.007623007623007605,0.012569832402234526,-0.05102717031146453,
2025-11-06,1810.HK,Xiaomi,Technology,14.5,0.012569832402234526,0.04551724137931035,-0.055374592833876246,
2025-11-07,1810.HK,Xiaomi,Technology,15.16,0.04551724137931035,0.003957783641161061,-0.006553079947575369,
2025-11-10,1810.HK,Xiaomi,Technology,15.22,0.003957783641161061,0.005256241787122251,-0.026231605886116505,
2025-11-11,1810.HK,Xiaomi,Technology,15.3,0.005256241787122251,-0.008496732026143872,-0.013539651837524147,
2025-11-12,1810.HK,Xiaomi,Technology,15.17,-0.008496732026143872,-0.016479894528675043,0.018120805369127524,
2025-11-13,1810.HK,Xiaomi,Technology,14.92,-0.016479894528675043,0.016756032171581836,0.021218343600273748,
2025-11-14,1810.HK,Xiaomi,Technology,15.17,0.016756032171581836,-0.015820698747528006,0.07741477272727271,
2025-11-17,1810.HK,Xiaomi,Technology,14.93,-0.015820698747528006,0.0013395847287340779,0.0671908506075769,
2025-11-18,1810.HK,Xiaomi,Technology,14.95,0.0013395847287340779,-0.008695652173912993,0.06785714285714284,
2025-11-19,1810.HK,Xiaomi,Technology,14.82,-0.008695652173912993,0.010121457489878471,0.024187975120939953,
2025-11-20,1810.HK,Xiaomi,Technology,14.97,0.010121457489878471,0.006680026720106813,0.02745367192862047,
2025-11-21,1810.HK,Xiaomi,Technology,15.07,0.006680026720106813,0.021234240212342437,0.038594073053066946,
2025-11-24,1810.HK,Xiaomi,Technology,15.39,0.021234240212342437,-0.00974658869395717,0.04268292682926833,0.039162727886563165
2025-11-25,1810.HK,Xiaomi,Technology,15.24,-0.00974658869395717,-0.0045931758530184386,0.07932011331444766,0.02695417789757415
2025-11-26,1810.HK,Xiaomi,Technology,15.17,-0.0045931758530184386,-0.01911667765326297,0.06906272022551097,0.039753255654557895
2025-11-27,1810.HK,Xiaomi,Technology,14.88,-0.01911667765326297,-0.008064516129032362,0.03190013869625519,0.0269151138716357
2025-11-28,1810.HK,Xiaomi,Technology,14.76,-0.008064516129032362,0.008130081300813163,0.05428571428571427,-0.0013531799729363803
2025-12-01,1810.HK,Xiaomi,Technology,14.88,0.008130081300813163,0.014784946236559016,0.03910614525139677,0.017783857729138264
2025-12-02,1810.HK,Xiaomi,Technology,15.1,0.014784946236559016,-0.017218543046357615,0.04643104643104645,0.015467383994619999
2025-12-03,1810.HK,Xiaomi,Technology,14.84,-0.017218543046357615,0.017520215633423097,0.03631284916201105,0.02063273727647874
2025-12-04,1810.HK,Xiaomi,Technology,15.1,0.017520215633423097,0.02715231788079464,0.04137931034482767,0.027210884353741527
2025-12-05,1810.HK,Xiaomi,Technology,15.51,0.02715231788079464,0.008381689232753065,0.02308707124010545,0.02511566424322531
2025-12-08,1810.HK,Xiaomi,Technology,15.64,0.008381689232753065,0.03772378516624042,0.02759526938239154,0.08611111111111103
2025-12-09,1810.HK,Xiaomi,Technology,16.23,0.03772378516624042,-0.014787430683918634,0.0607843137254902,0.1445698166431595
2025-12-10,1810.HK,Xiaomi,Technology,15.99,-0.014787430683918634,-0.024390243902439046,0.05405405405405417,0.11428571428571432
2025-12-11,1810.HK,Xiaomi,Technology,15.6,-0.024390243902439046,-0.033974358974358965,0.04557640750670244,0.09090909090909083
2025-12-12,1810.HK,Xiaomi,Technology,15.07,-0.033974358974358965,0.029860650298606517,-0.006591957811469928,0.04580152671755733
2025-12-15,1810.HK,Xiaomi,Technology,15.52,0.029860650298606517,0.012886597938144506,0.03951774949765574,0.0898876404494382
2025-12-16,1810.HK,Xiaomi,Technology,15.72,0.012886597938144506,-0.0006361323155216203,0.05150501672240804,0.10084033613445387
2025-12-17,1810.HK,Xiaomi,Technology,15.71,-0.0006361323155216203,0.006365372374283806,0.06005398110661275,0.10323033707865181
2025-12-18,1810.HK,Xiaomi,Technology,15.81,0.006365372374283806,-0.021505376344086002,0.05611222444889785,0.08510638297872353
2025-12-19,1810.HK,Xiaomi,Technology,15.47,-0.021505376344086002,0.04848093083387184,0.02654280026542799,0.055972696245733866
2025-12-22,1810.HK,Xiaomi,Technology,16.22,0.04848093083387184,0.0030826140567201676,0.053931124106562534,0.09891598915989164
2025-12-23,1810.HK,Xiaomi,Technology,16.27,0.0030826140567201676,0.0024585125998770607,0.0675853018372703,0.11133879781420752
2025-12-24,1810.HK,Xiaomi,Technology,16.31,0.0024585125998770607,0.014714898835070711,0.07514831905075803,0.12405237767057198
2025-12-25,1810.HK,Xiaomi,Technology,16.55,0.014714898835070711,0.010271903323262777,0.11223118279569899,0.15010423905489922
2025-12-26,1810.HK,Xiaomi,Technology,16.72,0.010271903323262777,0.004784688995215447,0.13279132791327908,0.15230875258442444
2025-12-29,1810.HK,Xiaomi,Technology,16.8,0.004784688995215447,-0.015476190476190532,0.12903225806451601,0.16666666666666674
2025-12-30,1810.HK,Xiaomi,Technology,16.54,-0.015476190476190532,0.010278113663845234,0.09536423841059594,0.14147688060731523
2025-12-31,1810.HK,Xiaomi,Technology,16.71,0.010278113663845234,0.03710353081986817,0.1260107816711591,0.10735586481113324
2026-01-01,1810.HK,Xiaomi,Technology,17.33,0.03710353081986817,0.027120600115406956,0.14768211920529795,0.12899022801302928
2026-01-02,1810.HK,Xiaomi,Technology,17.8,0.027120600115406956,0.032022471910112316,0.14764667956157318,0.1664482306684143
2026-01-05,1810.HK,Xiaomi,Technology,18.37,0.032022471910112316,-0.009798584648884057,0.17455242966751916,0.17530390275111962
2026-01-06,1810.HK,Xiaomi,Technology,18.19,-0.009798584648884057,-0.01869158878504673,0.12076401725200259,0.17279174725983237
2026-01-07,1810.HK,Xiaomi,Technology,17.85,-0.01869158878504673,-0.0022408963585435204,0.11632270168855552,0.19798657718120816
2026-01-08,1810.HK,Xiaomi,Technology,17.81,-0.0022408963585435204,0.0016844469399215356,0.1416666666666666,0.2190280629705681
2026-01-09,1810.HK,Xiaomi,Technology,17.84,0.0016844469399215356,0.021860986547085126,0.1838088918380889,0.2670454545454546
2026-01-12,1810.HK,Xiaomi,Technology,18.23,0.021860986547085126,-0.03291278113000551,0.17461340206185572,0.3030736240171552
2026-01-13,1810.HK,Xiaomi,Technology,17.63,-0.03291278113000551,0.030629608621667748,0.12150127226463092,0.2592857142857141
2026-01-14,1810.HK,Xiaomi,Technology,18.17,0.030629608621667748,-0.0027517886626307053,0.15658816040738377,0.2557014512785074
2026-01-15,1810.HK,Xiaomi,Technology,18.12,-0.0027517886626307053,-0.007726269315673329,0.14611005692599632,0.24365133836650665
2026-01-16,1810.HK,Xiaomi,Technology,17.98,-0.007726269315673329,-0.019466073414905583,0.16224951519069175,0.23914541695382496
2026-01-19,1810.HK,Xiaomi,Technology,17.63,-0.019466073414905583,-0.032331253545093586,0.08692971639950686,0.19444444444444442
2026-01-20,1810.HK,Xiaomi,Technology,17.06,-0.032331253545093586,0.016998827667057625,0.04855562384757217,0.208215297450425
2026-01-21,1810.HK,Xiaomi,Technology,17.35,0.016998827667057625,0.0017291066282418832,0.06376456161863908,0.22269203664552517
2026-01-22,1810.HK,Xiaomi,Technology,17.38,0.0017291066282418832,-0.02474108170310696,0.05015105740181269,0.20527045769764207
2026-01-23,1810.HK,Xiaomi,Technology,16.95,-0.02474108170310696,-0.024778761061946764,0.013755980861243966,0.21071428571428563
2026-01-26,1810.HK,Xiaomi,Technology,16.53,-0.024778761061946764,-0.006654567453115545,-0.016071428571428514,0.15432960893854752
2026-01-27,1810.HK,Xiaomi,Technology,16.42,-0.006654567453115545,0.03349573690621166,-0.0072551390568317276,0.13790713790713816
2026-01-28,1810.HK,Xiaomi,Technology,16.97,0.03349573690621166,-0.004714201532115436,0.015559545182525225,0.18505586592178758
2026-01-29,1810.HK,Xiaomi,Technology,16.89,-0.004714201532115436,-0.02901124925991727,-0.025389497980380704,0.16482758620689664
2026-01-30,1810.HK,Xiaomi,Technology,16.4,-0.02901124925991727,-0.004268292682926833,-0.07865168539325851,0.08179419525065956
2026-02-02,1810.HK,Xiaomi,Technology,16.33,-0.004268292682926833,-0.004898958971218503,-0.11105062602068605,0.07293035479632048
2026-02-03,1810.HK,Xiaomi,Technology,16.25,-0.004898958971218503,-0.05292307692307685,-0.10665200659703145,0.06209150326797386
2026-02-04,1810.HK,Xiaomi,Technology,15.39,-0.05292307692307685,0.0,-0.13781512605042023,0.014502307185234153
2026-02-05,1810.HK,Xiaomi,Technology,15.39,0.0,-0.004548408057180042,-0.1358787198203255,0.03150134048257369
2026-02-06,1810.HK,Xiaomi,Technology,15.32,-0.004548408057180042,0.01436031331592691,-0.14125560538116588,0.009887936717205115
2026-02-09,1810.HK,Xiaomi,Technology,15.54,0.01436031331592691,0.03667953667953672,-0.147558968732858,0.04085733422638982
2026-02-10,1810.HK,Xiaomi,Technology,16.11,0.03667953667953672,0.022967101179391713,-0.08621667612024952,0.07759197324414724
2026-02-11,1810.HK,Xiaomi,Technology,16.48,0.022967101179391713,-0.004854368932038944,-0.0930104567969181,0.1120107962213226
2026-02-12,1810.HK,Xiaomi,Technology,16.4,-0.004854368932038944,-0.021341463414634054,-0.09492273730684342,0.09552438209752823
2026-02-13,1810.HK,Xiaomi,Technology,16.05,-0.021341463414634054,0.05109034267912782,-0.10734149054505004,0.06502986065029859
2026-02-16,1810.HK,Xiaomi,Technology,16.87,0.05109034267912782,0.0017783046828687699,-0.04310833806012471,0.09616634178037686
2026-02-17,1810.HK,Xiaomi,Technology,16.9,0.0017783046828687699,0.0005917159763315638,-0.009378663540445475,0.10892388451443558
2026-02-18,1810.HK,Xiaomi,Technology,16.91,0.0005917159763315638,0.0,-0.025360230547550544,0.11470006591957804
2026-02-19,1810.HK,Xiaomi,Technology,16.91,0.0,0.004730928444707239,-0.02704257767548901,0.13642473118279574
2026-02-20,1810.HK,Xiaomi,Technology,16.99,0.004730928444707239,-0.002354326074161195,0.0023598820058996495,0.15108401084010836
2026-02-23,1810.HK,Xiaomi,Technology,16.95,-0.002354326074161195,-0.011209439528023446,0.025408348457350183,0.13911290322580627
2026-02-24,1810.HK,Xiaomi,Technology,16.76,-0.011209439528023446,-0.010143198090692196,0.020706455542021995,0.10993377483443711
2026-02-25,1810.HK,Xiaomi,Technology,16.59,-0.010143198090692196,0.0,-0.022392457277548572,0.11792452830188682
2026-02-26,1810.HK,Xiaomi,Technology,16.59,0.0,-0.010247136829415249,-0.017761989342806483,0.09867549668874176
2026-02-27,1810.HK,Xiaomi,Technology,16.42,-0.010247136829415249,-0.014007308160779552,0.0012195121951221743,0.05867182462927145
2026-03-02,1810.HK,Xiaomi,Technology,16.19,-0.014007308160779552,0.0030883261272387497,-0.008573178199632436,0.03516624040920724
2026-03-03,1810.HK,Xiaomi,Technology,16.24,0.0030883261272387497,-0.004926108374384119,-0.0006153846153846843,0.0006161429451632117
2026-03-04,1810.HK,Xiaomi,Technology,16.16,-0.004926108374384119,0.030321782178217793,0.0500324886289798,0.010631644777986171
2026-03-05,1810.HK,Xiaomi,Technology,16.65,0.030321782178217793,-0.05165165165165164,0.08187134502923965,0.06730769230769229
2026-03-06,1810.HK,Xiaomi,Technology,15.79,-0.05165165165165164,0.02216592780240667,0.03067885117493474,0.04777704047777043
2026-03-09,1810.HK,Xiaomi,Technology,16.14,0.02216592780240667,0.024783147459727317,0.038610038610038755,0.0399484536082475
2026-03-10,1810.HK,Xiaomi,Technology,16.54,0.024783147459727317,-0.04050785973397819,0.0266914959652389,0.05216284987277353
2026-03-11,1810.HK,Xiaomi,Technology,15.87,-0.04050785973397819,-0.006301197227473243,-0.03701456310679618,0.010184595798854224
2026-03-12,1810.HK,Xiaomi,Technology,15.77,-0.006301197227473243,-0.0069752694990488084,-0.038414634146341387,-0.0025300442757748565
2026-03-13,1810.HK,Xiaomi,Technology,15.66,-0.0069752694990488084,-0.026819923371647514,-0.024299065420560817,0.012281835811247532
2026-03-16,1810.HK,Xiaomi,Technology,15.24,-0.026819923371647514,-0.015091863517060378,-0.0966212211025489,-0.06041923551171391
2026-03-17,1810.HK,Xiaomi,Technology,15.01,-0.015091863517060378,-0.02131912058627583,-0.11183431952662715,-0.07744314689612786
2026-03-18,1810.HK,Xiaomi,Technology,14.69,-0.02131912058627583,0.034717494894485945,-0.13128326434062687,-0.09932556713672591
2026-03-19,1810.HK,Xiaomi,Technology,15.2,0.034717494894485945,0.019078947368421195,-0.101123595505618,-0.08157099697885206
2026-03-20,1810.HK,Xiaomi,Technology,15.49,0.019078947368421195,0.0258231116849581,-0.08828722778104758,-0.07356459330143528
2026-03-23,1810.HK,Xiaomi,Technology,15.89,0.0258231116849581,0.014474512271869022,-0.06253687315634215,-0.054166666666666696
2026-03-24,1810.HK,Xiaomi,Technology,16.12,0.014474512271869022,-0.02171215880893307,-0.03818615751789978,-0.025392986698911657
2026-03-25,1810.HK,Xiaomi,Technology,15.77,-0.02171215880893307,-0.010145846544071024,-0.04942736588306207,-0.05625374027528429
2026-03-26,1810.HK,Xiaomi,Technology,15.61,-0.010145846544071024,0.010249839846252495,-0.05907172995780596,-0.0992498557414887
2026-03-27,1810.HK,Xiaomi,Technology,15.77,0.010249839846252495,-0.023462270133164154,-0.03958587088915966,-0.11404494382022479
2026-03-30,1810.HK,Xiaomi,Technology,15.4,-0.023462270133164154,0.014285714285714235,-0.04879555281037684,-0.16167664670658688
2026-03-31,1810.HK,Xiaomi,Technology,15.62,0.014285714285714235,-0.003841229193341733,-0.03817733990147776,-0.14128642111050038
2026-04-01,1810.HK,Xiaomi,Technology,15.56,-0.003841229193341733,-0.007069408740359995,-0.03712871287128716,-0.12829131652661063
2026-04-02,1810.HK,Xiaomi,Technology,15.45,-0.007069408740359995,0.014239482200647302,-0.072072072072072,-0.13250982594048288
2026-04-03,1810.HK,Xiaomi,Technology,15.67,0.014239482200647302,0.00957243139757491,-0.007599746675110763,-0.12163677130044848
2026-04-06,1810.HK,Xiaomi,Technology,15.82,0.00957243139757491,-0.006953223767383054,-0.019826517967781898,-0.13219967087218876
2026-04-07,1810.HK,Xiaomi,Technology,15.71,-0.006953223767383054,0.02355187778485024,-0.05018137847642068,-0.10890527509926251
2026-04-08,1810.HK,Xiaomi,Technology,16.08,0.02355187778485024,-0.020522388059701413,0.013232514177693666,-0.11502476609796386
2026-04-09,1810.HK,Xiaomi,Technology,15.75,-0.020522388059701413,0.01206349206349211,-0.0012682308180088642,-0.13079470198675502
2026-04-10,1810.HK,Xiaomi,Technology,15.94,0.01206349206349211,0.012547051442910906,0.017879948914431676,-0.11345939933259186
2026-04-13,1810.HK,Xiaomi,Technology,16.14,0.012547051442910906,-0.005576208178438624,0.05905511811023634,-0.08451503119682346
2026-04-14,1810.HK,Xiaomi,Technology,16.05,-0.005576208178438624,0.006853582554517068,0.06928714190539642,-0.05920281359906199
2026-04-15,1810.HK,Xiaomi,Technology,16.16,0.006853582554517068,-0.02413366336633671,0.10006807351940106,-0.0685878962536024
2026-04-16,1810.HK,Xiaomi,Technology,15.77,-0.02413366336633671,0.018389346861128697,0.03750000000000009,-0.0926352128883774
2026-04-17,1810.HK,Xiaomi,Technology,16.06,0.018389346861128697,-0.0031133250311330407,0.03679793415106514,-0.05250737463126842
2026-04-20,1810.HK,Xiaomi,Technology,16.01,-0.0031133250311330407,-0.009993753903810187,0.007551919446192601,-0.03145795523290984
2026-04-21,1810.HK,Xiaomi,Technology,15.85,-0.009993753903810187,0.021451104100946417,-0.01674937965260559,-0.03471376370280155
2026-04-22,1810.HK,Xiaomi,Technology,16.19,0.021451104100946417,-0.013588634959851853,0.02663284717818648,-0.045963464938125975
2026-04-23,1810.HK,Xiaomi,Technology,15.97,-0.013588634959851853,-0.026925485284909345,0.023062139654068003,-0.05447010065127289
2026-04-24,1810.HK,Xiaomi,Technology,15.54,-0.026925485284909345,-0.03024453024453022,-0.014584654407102104,-0.05243902439024384
2026-04-27,1810.HK,Xiaomi,Technology,15.07,-0.03024453024453022,0.012607830126078357,-0.021428571428571463,-0.07715860379669304
2026-04-28,1810.HK,Xiaomi,Technology,15.26,0.012607830126078357,-0.024901703800786268,-0.023047375160051176,-0.06092307692307697
2026-04-29,1810.HK,Xiaomi,Technology,14.88,-0.024901703800786268,0.034946236559139754,-0.04370179948586117,-0.033138401559454134
2026-04-30,1810.HK,Xiaomi,Technology,15.4,0.034946236559139754,-0.04025974025974033,-0.003236245954692518,0.0006497725795970855
2026-05-01,1810.HK,Xiaomi,Technology,14.78,-0.04025974025974033,0.03382949932341006,-0.056796426292278324,-0.03524804177545693
2026-05-04,1810.HK,Xiaomi,Technology,15.28,0.03382949932341006,0.0045811518324607725,-0.034134007585335024,-0.016731016731016735
2026-05-05,1810.HK,Xiaomi,Technology,15.35,0.0045811518324607725,-0.00195439739413672,-0.02291534054742206,-0.04717566728739908
2026-05-06,1810.HK,Xiaomi,Technology,15.32,-0.00195439739413672,-0.009791122715404721,-0.04726368159203964,-0.07038834951456308
2026-05-07,1810.HK,Xiaomi,Technology,15.17,-0.009791122715404721,0.007910349373764003,-0.03682539682539687,-0.07499999999999996
2026-05-08,1810.HK,Xiaomi,Technology,15.29,0.007910349373764003,,-0.040777917189460555,-0.04735202492211843
2025-09-01,2318.HK,Ping An,Financials,35.4,,0.02062146892655381,,
2025-09-02,2318.HK,Ping An,Financials,36.13,0.02062146892655381,-0.011347910323830757,,
2025-09-03,2318.HK,Ping An,Financials,35.72,-0.011347910323830757,0.0036394176931691113,,
2025-09-04,2318.HK,Ping An,Financials,35.85,0.0036394176931691113,-0.012831241283124184,,
2025-09-05,2318.HK,Ping An,Financials,35.39,-0.012831241283124184,-0.014975981915795411,,
2025-09-08,2318.HK,Ping An,Financials,34.86,-0.014975981915795411,0.008032128514056325,,
2025-09-09,2318.HK,Ping An,Financials,35.14,0.008032128514056325,-0.01764371087080241,,
2025-09-10,2318.HK,Ping An,Financials,34.52,-0.01764371087080241,-0.04750869061413676,,
2025-09-11,2318.HK,Ping An,Financials,32.88,-0.04750869061413676,-0.018856447688564648,,
2025-09-12,2318.HK,Ping An,Financials,32.26,-0.018856447688564648,-0.0061996280223185485,,
2025-09-15,2318.HK,Ping An,Financials,32.06,-0.0061996280223185485,0.03368683718028698,,
2025-09-16,2318.HK,Ping An,Financials,33.14,0.03368683718028698,-0.01025950512975271,,
2025-09-17,2318.HK,Ping An,Financials,32.8,-0.01025950512975271,0.011585365853658658,,
2025-09-18,2318.HK,Ping An,Financials,33.18,0.011585365853658658,-0.0033152501506931165,,
2025-09-19,2318.HK,Ping An,Financials,33.07,-0.0033152501506931165,0.02721499848805564,,
2025-09-22,2318.HK,Ping An,Financials,33.97,0.02721499848805564,0.025610833088018925,,
2025-09-23,2318.HK,Ping An,Financials,34.84,0.025610833088018925,0.026119402985074425,,
2025-09-24,2318.HK,Ping An,Financials,35.75,0.026119402985074425,-0.03720279720279718,,
2025-09-25,2318.HK,Ping An,Financials,34.42,-0.03720279720279718,0.004938988959907187,,
2025-09-26,2318.HK,Ping An,Financials,34.59,0.004938988959907187,0.017056952876553844,,
2025-09-29,2318.HK,Ping An,Financials,35.18,0.017056952876553844,0.008527572484366086,-0.006214689265536699,
2025-09-30,2318.HK,Ping An,Financials,35.48,0.008527572484366086,0.01437429537767776,-0.017990589537780433,
2025-10-01,2318.HK,Ping An,Financials,35.99,0.01437429537767776,0.0019449847179773272,0.00755879059350506,
2025-10-02,2318.HK,Ping An,Financials,36.06,0.0019449847179773272,-0.01580698835274541,0.0058577405857740406,
2025-10-03,2318.HK,Ping An,Financials,35.49,-0.01580698835274541,-0.036348267117497834,0.002825656965244505,
2025-10-06,2318.HK,Ping An,Financials,34.2,-0.036348267117497834,-0.013742690058479723,-0.018932874354561036,
2025-10-07,2318.HK,Ping An,Financials,33.73,-0.013742690058479723,0.05870145271271876,-0.040125213431986495,
2025-10-08,2318.HK,Ping An,Financials,35.71,0.05870145271271876,-0.01008120974516935,0.034472769409038095,
2025-10-09,2318.HK,Ping An,Financials,35.35,-0.01008120974516935,-0.041867043847241936,0.07512165450121655,
2025-10-10,2318.HK,Ping An,Financials,33.87,-0.041867043847241936,0.016238559196929625,0.0499070055796651,
2025-10-13,2318.HK,Ping An,Financials,34.42,0.016238559196929625,0.01917489831493313,0.07361197754210846,
2025-10-14,2318.HK,Ping An,Financials,35.08,0.01917489831493313,0.02850627137970352,0.05853952926976458,
2025-10-15,2318.HK,Ping An,Financials,36.08,0.02850627137970352,0.010532150776053184,0.10000000000000009,
2025-10-16,2318.HK,Ping An,Financials,36.46,0.010532150776053184,0.01892484914975312,0.09885473176612414,
2025-10-17,2318.HK,Ping An,Financials,37.15,0.01892484914975312,0.04037685060565277,0.12337465981251894,
2025-10-20,2318.HK,Ping An,Financials,38.65,0.04037685060565277,-0.015523932729624823,0.13776861937003249,
2025-10-21,2318.HK,Ping An,Financials,38.05,-0.015523932729624823,-0.020236530880420434,0.09213547646383446,
2025-10-22,2318.HK,Ping An,Financials,37.28,-0.020236530880420434,-0.023336909871244704,0.04279720279720278,
2025-10-23,2318.HK,Ping An,Financials,36.41,-0.023336909871244704,-0.005218346608074631,0.05781522370714676,
2025-10-24,2318.HK,Ping An,Financials,36.22,-0.005218346608074631,0.03175041413583646,0.04712344608268282,
2025-10-27,2318.HK,Ping An,Financials,37.37,0.03175041413583646,0.011774150388011995,0.062251279135872695,
2025-10-28,2318.HK,Ping An,Financials,37.81,0.011774150388011995,0.01110817244115303,0.06567080045095852,
2025-10-29,2318.HK,Ping An,Financials,38.23,0.01110817244115303,-0.03897462725608147,0.062239510975270695,
2025-10-30,2318.HK,Ping An,Financials,36.74,-0.03897462725608147,-0.01469787697332603,0.01885745978924014,
2025-10-31,2318.HK,Ping An,Financials,36.2,-0.01469787697332603,-0.0392265193370166,0.02000563539025091,
2025-11-03,2318.HK,Ping An,Financials,34.78,-0.0392265193370166,0.025876940770557688,0.016959064327485285,
2025-11-04,2318.HK,Ping An,Financials,35.68,0.025876940770557688,0.03503363228699552,0.05781203676252611,
2025-11-05,2318.HK,Ping An,Financials,36.93,0.03503363228699552,0.017330083942594054,0.03416409969196299,
2025-11-06,2318.HK,Ping An,Financials,37.57,0.017330083942594054,-0.021027415491083334,0.06280056577086279,
2025-11-07,2318.HK,Ping An,Financials,36.78,-0.021027415491083334,0.03262642740619892,0.08591674047829945,
2025-11-10,2318.HK,Ping An,Financials,37.98,0.03262642740619892,-0.005002632964718257,0.1034282393957,
2025-11-11,2318.HK,Ping An,Financials,37.79,-0.005002632964718257,-0.025932786451442147,0.07725199543899652,
2025-11-12,2318.HK,Ping An,Financials,36.81,-0.025932786451442147,-0.02037489812550941,0.02023281596452331,
2025-11-13,2318.HK,Ping An,Financials,36.06,-0.02037489812550941,-0.0088740987243483,-0.010970927043335132,
2025-11-14,2318.HK,Ping An,Financials,35.74,-0.0088740987243483,0.0016787912702853625,-0.03795423956931354,
2025-11-17,2318.HK,Ping An,Financials,35.8,0.0016787912702853625,-0.0030726256983240052,-0.07373868046571808,
2025-11-18,2318.HK,Ping An,Financials,35.69,-0.0030726256983240052,-0.030260577192490867,-0.06202365308804203,
2025-11-19,2318.HK,Ping An,Financials,34.61,-0.030260577192490867,0.026870846576134033,-0.07162017167381973,
2025-11-20,2318.HK,Ping An,Financials,35.54,0.026870846576134033,-0.002813731007315745,-0.023894534468552497,
2025-11-21,2318.HK,Ping An,Financials,35.44,-0.002813731007315745,-0.014954853273137725,-0.021535063500828344,
2025-11-24,2318.HK,Ping An,Financials,34.91,-0.014954853273137725,0.02463477513606427,-0.06582820444206583,-0.013841807909604542
2025-11-25,2318.HK,Ping An,Financials,35.77,0.02463477513606427,-0.025440313111546042,-0.053953980428458004,-0.009964018820924458
2025-11-26,2318.HK,Ping An,Financials,34.86,-0.025440313111546042,-0.03471026965002866,-0.08815066701543284,-0.02407614781634937
2025-11-27,2318.HK,Ping An,Financials,33.65,-0.03471026965002866,0.027934621099554358,-0.08410451823625487,-0.06136680613668066
2025-11-28,2318.HK,Ping An,Financials,34.59,0.027934621099554358,0.04163052905463993,-0.04447513812154691,-0.022605255721955264
2025-12-01,2318.HK,Ping An,Financials,36.03,0.04163052905463993,-0.009436580627255164,0.03594019551466365,0.033562822719449326
2025-12-02,2318.HK,Ping An,Financials,35.69,-0.009436580627255164,-0.0005603810591200409,0.0002802690582959233,0.015651678998292562
2025-12-03,2318.HK,Ping An,Financials,35.67,-0.0005603810591200409,-0.024390243902439157,-0.034118602761982086,0.033314020857473814
2025-12-04,2318.HK,Ping An,Financials,34.8,-0.024390243902439157,0.0005747126436781436,-0.07372903912696305,0.058394160583941535
2025-12-05,2318.HK,Ping An,Financials,34.82,0.0005747126436781436,-0.01005169442848941,-0.05328983143012511,0.07935523868567884
2025-12-08,2318.HK,Ping An,Financials,34.47,-0.01005169442848941,-0.0017406440382942145,-0.09241706161137442,0.07517155333749215
2025-12-09,2318.HK,Ping An,Financials,34.41,-0.0017406440382942145,0.009590235396687241,-0.08944165123048431,0.03832226916113446
2025-12-10,2318.HK,Ping An,Financials,34.74,0.009590235396687241,-0.023603914795624625,-0.05623471882640585,0.0591463414634148
2025-12-11,2318.HK,Ping An,Financials,33.92,-0.023603914795624625,-0.007370283018867885,-0.05934553521907937,0.022302591922845227
2025-12-12,2318.HK,Ping An,Financials,33.67,-0.007370283018867885,-0.038610038610038755,-0.057918298824846115,0.018143332325370576
2025-12-15,2318.HK,Ping An,Financials,32.37,-0.038610038610038755,-0.00710534445474198,-0.09581005586592184,-0.047100382690609455
2025-12-16,2318.HK,Ping An,Financials,32.14,-0.00710534445474198,-0.00155569383945231,-0.09946763799383573,-0.07749712973593581
2025-12-17,2318.HK,Ping An,Financials,32.09,-0.00155569383945231,0.005297600498597621,-0.0728113262062986,-0.10237762237762227
2025-12-18,2318.HK,Ping An,Financials,32.26,0.005297600498597621,0.0058896466212028376,-0.09229037703995502,-0.06275421266705417
2025-12-19,2318.HK,Ping An,Financials,32.45,0.0058896466212028376,0.02003081664098616,-0.08436794582392759,-0.061867591789534604
2025-12-22,2318.HK,Ping An,Financials,33.1,0.02003081664098616,-0.0329305135951663,-0.051847608135204726,-0.05912450255827173
2025-12-23,2318.HK,Ping An,Financials,32.01,-0.0329305135951663,-0.03186504217432051,-0.10511601901034395,-0.09780157835400227
2025-12-24,2318.HK,Ping An,Financials,30.99,-0.03186504217432051,0.011939335269441687,-0.11101549053356286,-0.13892747985551546
2025-12-25,2318.HK,Ping An,Financials,31.36,0.011939335269441687,-0.04368622448979598,-0.06805349182763742,-0.13033832501386589
2025-12-26,2318.HK,Ping An,Financials,29.99,-0.04368622448979598,0.004334778259419858,-0.1329864122578781,-0.15497323189630896
2025-12-29,2318.HK,Ping An,Financials,30.12,0.004334778259419858,-0.025232403718459584,-0.16402997502081595,-0.11929824561403513
2025-12-30,2318.HK,Ping An,Financials,29.36,-0.025232403718459584,0.03474114441416898,-0.17736060521154384,-0.12955825674473753
2025-12-31,2318.HK,Ping An,Financials,30.38,0.03474114441416898,0.00592495062541154,-0.1483038968320718,-0.14925791094931395
2026-01-01,2318.HK,Ping An,Financials,30.56,0.00592495062541154,-0.004253926701570654,-0.1218390804597701,-0.1355021216407356
2026-01-02,2318.HK,Ping An,Financials,30.43,-0.004253926701570654,0.02694709168583631,-0.12607696726019535,-0.10156480661352218
2026-01-05,2318.HK,Ping An,Financials,31.25,0.02694709168583631,-0.022399999999999975,-0.09341456338845366,-0.09209761766414881
2026-01-06,2318.HK,Ping An,Financials,30.55,-0.022399999999999975,-0.01865793780687397,-0.11217669282185405,-0.1291334093500569
2026-01-07,2318.HK,Ping An,Financials,29.98,-0.01865793780687397,-0.027018012008005243,-0.13701784686240648,-0.16906873614190687
2026-01-08,2318.HK,Ping An,Financials,29.17,-0.027018012008005243,-0.018169352074048684,-0.1400353773584906,-0.19994514536478325
2026-01-09,2318.HK,Ping An,Financials,28.64,-0.018169352074048684,0.0017458100558660483,-0.1493911493911494,-0.22907133243606992
2026-01-12,2318.HK,Ping An,Financials,28.69,0.0017458100558660483,0.011153712094806645,-0.11368551127587256,-0.2576972833117722
2026-01-13,2318.HK,Ping An,Financials,29.01,0.011153712094806645,0.021371940710099846,-0.09738643434971994,-0.23758212877792373
2026-01-14,2318.HK,Ping An,Financials,29.63,0.021371940710099846,-0.03914951063111716,-0.07665939545029621,-0.20520386266094426
2026-01-15,2318.HK,Ping An,Financials,28.47,-0.03914951063111716,-0.0031612223393044925,-0.1174829510229386,-0.21807195825322712
2026-01-16,2318.HK,Ping An,Financials,28.38,-0.0031612223393044925,-0.02360817477096544,-0.12542372881355945,-0.21645499723909445
2026-01-19,2318.HK,Ping An,Financials,27.71,-0.02360817477096544,-0.003969686033922781,-0.1628398791540786,-0.2584961198822584
2026-01-20,2318.HK,Ping An,Financials,27.6,-0.003969686033922781,0.05108695652173911,-0.13776944704779748,-0.2700343824385083
2026-01-21,2318.HK,Ping An,Financials,29.01,0.05108695652173911,0.006894174422612975,-0.06389157792836386,-0.2411718545644781
2026-01-22,2318.HK,Ping An,Financials,29.21,0.006894174422612975,0.020198562136254594,-0.06855867346938771,-0.20495372890582475
2026-01-23,2318.HK,Ping An,Financials,29.8,0.020198562136254594,0.04295302013422808,-0.00633544514838269,-0.17679558011049723
2026-01-26,2318.HK,Ping An,Financials,31.08,0.04295302013422808,0.025096525096525157,0.031872509960159334,-0.1063829787234043
2026-01-27,2318.HK,Ping An,Financials,31.86,0.025096525096525157,-0.00941619585687381,0.08514986376021794,-0.10706278026905836
2026-01-28,2318.HK,Ping An,Financials,31.56,-0.00941619585687381,-0.027249683143219294,0.03884134298880837,-0.14541023558082866
2026-01-29,2318.HK,Ping An,Financials,30.7,-0.027249683143219294,0.0,0.0045811518324607725,-0.18285866382752203
2026-01-30,2318.HK,Ping An,Financials,30.7,0.0,-0.012052117263843698,0.008872822872165509,-0.16530723219140842
2026-02-02,2318.HK,Ping An,Financials,30.33,-0.012052117263843698,-0.03264094955489605,-0.02944000000000002,-0.20142180094786732
2026-02-03,2318.HK,Ping An,Financials,29.34,-0.03264094955489605,0.005794137695978252,-0.03960720130932904,-0.22360412807621066
2026-02-04,2318.HK,Ping An,Financials,29.51,0.005794137695978252,0.006099627245001793,-0.015677118078719077,-0.1983156750882913
2026-02-05,2318.HK,Ping An,Financials,29.69,0.006099627245001793,0.03907039407207824,0.01782653411038737,-0.17665002773155858
2026-02-06,2318.HK,Ping An,Financials,30.85,0.03907039407207824,-0.007455429497568944,0.07716480446927387,-0.1368214885282597
2026-02-09,2318.HK,Ping An,Financials,30.62,-0.007455429497568944,0.00653167864141091,0.06727082607180201,-0.14469273743016753
2026-02-10,2318.HK,Ping An,Financials,30.82,0.00653167864141091,-0.0139519792342635,0.06239227852464668,-0.1364527878957691
2026-02-11,2318.HK,Ping An,Financials,30.39,-0.0139519792342635,0.019414281013491186,0.02564967937900775,-0.12193007801213518
2026-02-12,2318.HK,Ping An,Financials,30.98,0.019414281013491186,-0.0019367333763717909,0.08816297857393751,-0.1283061339335959
2026-02-13,2318.HK,Ping An,Financials,30.92,-0.0019367333763717909,-0.025226390685640365,0.08949964763918272,-0.1275395033860044
2026-02-16,2318.HK,Ping An,Financials,30.14,-0.025226390685640365,0.00033178500331776384,0.08769397329483941,-0.13663706674305343
2026-02-17,2318.HK,Ping An,Financials,30.15,0.00033178500331776384,0.008955223880597218,0.09239130434782594,-0.1571149007548226
2026-02-18,2318.HK,Ping An,Financials,30.42,0.008955223880597218,0.00591715976331364,0.048603929679420954,-0.1273666092943201
2026-02-19,2318.HK,Ping An,Financials,30.6,0.00591715976331364,0.023202614379084885,0.047586442998972966,-0.09063893016344715
2026-02-20,2318.HK,Ping An,Financials,31.31,0.023202614379084885,-0.030980517406579366,0.05067114093959724,-0.09482509395779137
2026-02-23,2318.HK,Ping An,Financials,30.34,-0.030980517406579366,-0.017798286090969007,-0.023809523809523725,-0.15792395226200395
2026-02-24,2318.HK,Ping An,Financials,29.8,-0.017798286090969007,0.014429530201342189,-0.06465787821720026,-0.1650322219108994
2026-02-25,2318.HK,Ping An,Financials,30.23,0.014429530201342189,-0.015216672179953705,-0.042141951837769254,-0.1525091112980096
2026-02-26,2318.HK,Ping An,Financials,29.77,-0.015216672179953705,0.0057104467584816465,-0.03029315960912049,-0.14454022988505744
2026-02-27,2318.HK,Ping An,Financials,29.94,0.0057104467584816465,-0.05210420841683372,-0.02475570032573282,-0.14014933946008035
2026-03-02,2318.HK,Ping An,Financials,28.38,-0.05210420841683372,0.05954897815362936,-0.06429277942631051,-0.17667536988685817
2026-03-03,2318.HK,Ping An,Financials,30.07,0.05954897815362936,-0.005653475224476234,0.024880708929788664,-0.12612612612612606
2026-03-04,2318.HK,Ping An,Financials,29.9,-0.005653475224476234,0.026421404682274385,0.013215859030836885,-0.13932066781807728
2026-03-05,2318.HK,Ping An,Financials,30.69,0.026421404682274385,-0.006842619745845546,0.03368137420006745,-0.09522405660377364
2026-03-06,2318.HK,Ping An,Financials,30.48,-0.006842619745845546,0.009514435695538115,-0.011993517017828248,-0.09474309474309472
2026-03-09,2318.HK,Ping An,Financials,30.77,0.009514435695538115,0.03314917127071815,0.004898758981058071,-0.049428483163422854
2026-03-10,2318.HK,Ping An,Financials,31.79,0.03314917127071815,0.025794274929223038,0.03147306943543149,-0.010889856876166837
2026-03-11,2318.HK,Ping An,Financials,32.61,0.025794274929223038,-0.003986507206378498,0.07305034550839085,0.0162044250545339
2026-03-12,2318.HK,Ping An,Financials,32.48,-0.003986507206378498,-0.0024630541871920597,0.048418334409296104,0.0068195908245505255
2026-03-13,2318.HK,Ping An,Financials,32.4,-0.0024630541871920597,0.022222222222222143,0.047865459249676556,-0.0015408320493067729
2026-03-16,2318.HK,Ping An,Financials,33.12,0.022222222222222143,0.05102657004830924,0.09887193098871916,0.0006042296072505948
2026-03-17,2318.HK,Ping An,Financials,34.81,0.05102657004830924,0.004883654122378456,0.1545605306799338,0.08747266479225257
2026-03-18,2318.HK,Ping An,Financials,34.98,0.004883654122378456,0.04288164665523153,0.14990138067061132,0.1287512100677637
2026-03-19,2318.HK,Ping An,Financials,36.48,0.04288164665523153,-0.004660087719298045,0.1921568627450978,0.16326530612244894
2026-03-20,2318.HK,Ping An,Financials,36.31,-0.004660087719298045,0.02093087303773067,0.1596933886937082,0.2107369123041014
2026-03-23,2318.HK,Ping An,Financials,37.07,0.02093087303773067,0.024548152144591162,0.22181938035596582,0.2307436918990704
2026-03-24,2318.HK,Ping An,Financials,37.98,0.024548152144591162,-0.008425487098472906,0.27449664429530185,0.2935967302452316
2026-03-25,2318.HK,Ping An,Financials,37.66,-0.008425487098472906,-0.01566648964418471,0.24578233542838235,0.2396313364055298
2026-03-26,2318.HK,Ping An,Financials,37.07,-0.01566648964418471,0.025357431885621784,0.24521330198186098,0.21302356020942415
2026-03-27,2318.HK,Ping An,Financials,38.01,0.025357431885621784,-0.011049723756905938,0.2695390781563125,0.24909628655931648
2026-03-30,2318.HK,Ping An,Financials,37.59,-0.011049723756905938,-0.019154030327214855,0.32452431289640615,0.20288000000000017
2026-03-31,2318.HK,Ping An,Financials,36.87,-0.019154030327214855,-0.014374830485489376,0.2261390089790487,0.20687397708674293
2026-04-01,2318.HK,Ping An,Financials,36.34,-0.014374830485489376,-0.011007154650523043,0.2153846153846155,0.21214142761841237
2026-04-02,2318.HK,Ping An,Financials,35.94,-0.011007154650523043,0.018920422927100722,0.17106549364613866,0.23208776139869713
2026-04-03,2318.HK,Ping An,Financials,36.62,0.018920422927100722,0.01174221736755876,0.2014435695538057,0.2786312849162009
2026-04-06,2318.HK,Ping An,Financials,37.05,0.01174221736755876,0.015924426450742324,0.20409489762755917,0.2913907284768211
2026-04-07,2318.HK,Ping An,Financials,37.64,0.015924426450742324,0.009829968119022148,0.18402013211701806,0.2974836263357463
2026-04-08,2318.HK,Ping An,Financials,38.01,0.009829968119022148,-0.012365167061299642,0.1655933762649493,0.2828214647316909
2026-04-09,2318.HK,Ping An,Financials,37.54,-0.012365167061299642,0.015450186467767635,0.15578817733990147,0.31858096241657896
2026-04-10,2318.HK,Ping An,Financials,38.12,0.015450186467767635,0.026232948583420734,0.17654320987654315,0.343199436222692
2026-04-13,2318.HK,Ping An,Financials,39.12,0.026232948583420734,0.013292433537832382,0.181159420289855,0.4117647058823528
2026-04-14,2318.HK,Ping An,Financials,39.64,0.013292433537832382,0.010090817356205761,0.13875323182993382,0.43623188405797086
2026-04-15,2318.HK,Ping An,Financials,40.04,0.010090817356205761,-0.016233766233766156,0.14465408805031443,0.3802137194071009
2026-04-16,2318.HK,Ping An,Financials,39.39,-0.016233766233766156,0.005077430820005224,0.07976973684210531,0.34851078397808966
2026-04-17,2318.HK,Ping An,Financials,39.59,0.005077430820005224,-0.017176054559232323,0.09033324153125855,0.32852348993288594
2026-04-20,2318.HK,Ping An,Financials,38.91,-0.017176054559232323,0.0,0.04963582411653622,0.2519305019305018
2026-04-21,2318.HK,Ping An,Financials,38.91,0.0,-0.035209457722950366,0.024486571879936747,0.22128060263653482
2026-04-22,2318.HK,Ping An,Financials,37.54,-0.035209457722950366,-0.03516249334043686,-0.0031864046733934837,0.18948035487959447
2026-04-23,2318.HK,Ping An,Financials,36.22,-0.03516249334043686,-0.003589177250137965,-0.022929592662530363,0.17980456026058622
2026-04-24,2318.HK,Ping An,Financials,36.09,-0.003589177250137965,-0.011360487669714758,-0.0505130228887134,0.17557003257329007
2026-04-27,2318.HK,Ping An,Financials,35.68,-0.011360487669714758,0.002802690582959677,-0.050811386006916814,0.17639301022090348
2026-04-28,2318.HK,Ping An,Financials,35.78,0.002802690582959677,-0.002515371716042547,-0.029563330621101058,0.21949556918882074
2026-04-29,2318.HK,Ping An,Financials,35.69,-0.002515371716042547,0.0011207621182403038,-0.017886626307099807,0.20942053541172467
2026-04-30,2318.HK,Ping An,Financials,35.73,0.0011207621182403038,0.013713965855023824,-0.005843071786310494,0.20343550016840672
2026-05-01,2318.HK,Ping An,Financials,36.22,0.013713965855023824,-0.009663169519602444,-0.010922992900054607,0.17406807131280377
2026-05-04,2318.HK,Ping An,Financials,35.87,-0.009663169519602444,-0.00418176749372734,-0.031848852901484426,0.1714565643370345
2026-05-05,2318.HK,Ping An,Financials,35.72,-0.00418176749372734,0.032194848824188105,-0.051009564293305054,0.15898767034393257
2026-05-06,2318.HK,Ping An,Financials,36.87,0.032194848824188105,0.0005424464334147228,-0.029992107340173657,0.21322803553800584
2026-05-07,2318.HK,Ping An,Financials,36.89,0.0005424464334147228,-0.003523990241257824,-0.017314864144912012,0.1907682375726274
2026-05-08,2318.HK,Ping An,Financials,36.76,-0.003523990241257824,,-0.03567681007345225,0.18887451487710205
2025-09-01,2382.HK,Sunny Optical,Technology,19.96,,-0.01002004008016033,,
2025-09-02,2382.HK,Sunny Optical,Technology,19.76,-0.01002004008016033,-0.053137651821862364,,
2025-09-03,2382.HK,Sunny Optical,Technology,18.71,-0.053137651821862364,0.03741314804917151,,
2025-09-04,2382.HK,Sunny Optical,Technology,19.41,0.03741314804917151,0.02009273570324588,,
2025-09-05,2382.HK,Sunny Optical,Technology,19.8,0.02009273570324588,-0.006565656565656552,,
2025-09-08,2382.HK,Sunny Optical,Technology,19.67,-0.006565656565656552,0.0005083884087442314,,
2025-09-09,2382.HK,Sunny Optical,Technology,19.68,0.0005083884087442314,-0.02083333333333337,,
2025-09-10,2382.HK,Sunny Optical,Technology,19.27,-0.02083333333333337,0.031136481577581865,,
2025-09-11,2382.HK,Sunny Optical,Technology,19.87,0.031136481577581865,0.03472571716155004,,
2025-09-12,2382.HK,Sunny Optical,Technology,20.56,0.03472571716155004,0.0029182879377434023,,
2025-09-15,2382.HK,Sunny Optical,Technology,20.62,0.0029182879377434023,0.01891367604267713,,
2025-09-16,2382.HK,Sunny Optical,Technology,21.01,0.01891367604267713,0.0033317467872440165,,
2025-09-17,2382.HK,Sunny Optical,Technology,21.08,0.0033317467872440165,-0.02419354838709664,,
2025-09-18,2382.HK,Sunny Optical,Technology,20.57,-0.02419354838709664,-0.006806028196402525,,
2025-09-19,2382.HK,Sunny Optical,Technology,20.43,-0.006806028196402525,0.0024473813020069457,,
2025-09-22,2382.HK,Sunny Optical,Technology,20.48,0.0024473813020069457,-0.008300781250000111,,
2025-09-23,2382.HK,Sunny Optical,Technology,20.31,-0.008300781250000111,-0.003446578040374182,,
2025-09-24,2382.HK,Sunny Optical,Technology,20.24,-0.003446578040374182,-0.0014822134387351138,,
2025-09-25,2382.HK,Sunny Optical,Technology,20.21,-0.0014822134387351138,-0.0014844136566056765,,
2025-09-26,2382.HK,Sunny Optical,Technology,20.18,-0.0014844136566056765,0.0014866204162538033,,
2025-09-29,2382.HK,Sunny Optical,Technology,20.21,0.0014866204162538033,-0.01929737753587335,0.01252505010020033,
2025-09-30,2382.HK,Sunny Optical,Technology,19.82,-0.01929737753587335,-0.012613521695257313,0.0030364372469635637,
2025-10-01,2382.HK,Sunny Optical,Technology,19.57,-0.012613521695257313,-0.022994379151762834,0.04596472474612501,
2025-10-02,2382.HK,Sunny Optical,Technology,19.12,-0.022994379151762834,0.01778242677824271,-0.014940752189592899,
2025-10-03,2382.HK,Sunny Optical,Technology,19.46,0.01778242677824271,-0.038026721479959,-0.01717171717171717,
2025-10-06,2382.HK,Sunny Optical,Technology,18.72,-0.038026721479959,0.021367521367521514,-0.04829689883070676,
2025-10-07,2382.HK,Sunny Optical,Technology,19.12,0.021367521367521514,0.025104602510460206,-0.028455284552845517,
2025-10-08,2382.HK,Sunny Optical,Technology,19.6,0.025104602510460206,-0.005102040816326592,0.01712506486766996,
2025-10-09,2382.HK,Sunny Optical,Technology,19.5,-0.005102040816326592,-0.04717948717948728,-0.01862103673880222,
2025-10-10,2382.HK,Sunny Optical,Technology,18.58,-0.04717948717948728,-0.005920344456404658,-0.09630350194552528,
2025-10-13,2382.HK,Sunny Optical,Technology,18.47,-0.005920344456404658,-0.0010828370330264736,-0.10426770126091178,
2025-10-14,2382.HK,Sunny Optical,Technology,18.45,-0.0010828370330264736,-0.018428184281842785,-0.12184673964778692,
2025-10-15,2382.HK,Sunny Optical,Technology,18.11,-0.018428184281842785,-0.008834897846493606,-0.1408918406072106,
2025-10-16,2382.HK,Sunny Optical,Technology,17.95,-0.008834897846493606,0.027855153203342642,-0.12736995624696168,
2025-10-17,2382.HK,Sunny Optical,Technology,18.45,0.027855153203342642,0.012466124661246747,-0.09691629955947134,
2025-10-20,2382.HK,Sunny Optical,Technology,18.68,0.012466124661246747,-0.016595289079229025,-0.087890625,
2025-10-21,2382.HK,Sunny Optical,Technology,18.37,-0.016595289079229025,-0.028851388132825284,-0.09551944854751349,
2025-10-22,2382.HK,Sunny Optical,Technology,17.84,-0.028851388132825284,-0.005605381165919354,-0.11857707509881421,
2025-10-23,2382.HK,Sunny Optical,Technology,17.74,-0.005605381165919354,-0.003945885005636751,-0.12221672439386455,
2025-10-24,2382.HK,Sunny Optical,Technology,17.67,-0.003945885005636751,0.009620826259196358,-0.12438057482656084,
2025-10-27,2382.HK,Sunny Optical,Technology,17.84,0.009620826259196358,-0.009529147982062725,-0.11726867887184567,
2025-10-28,2382.HK,Sunny Optical,Technology,17.67,-0.009529147982062725,0.009620826259196358,-0.10847628657921282,
2025-10-29,2382.HK,Sunny Optical,Technology,17.84,0.009620826259196358,0.03531390134529144,-0.08840061318344405,
2025-10-30,2382.HK,Sunny Optical,Technology,18.47,0.03531390134529144,0.015159718462371519,-0.03399581589958167,
2025-10-31,2382.HK,Sunny Optical,Technology,18.75,0.015159718462371519,-0.0010666666666666602,-0.0364850976361768,
2025-11-03,2382.HK,Sunny Optical,Technology,18.73,-0.0010666666666666602,-0.0026695141484249785,0.0005341880341880323,
2025-11-04,2382.HK,Sunny Optical,Technology,18.68,-0.0026695141484249785,-0.0064239828693790635,-0.023012552301255318,
2025-11-05,2382.HK,Sunny Optical,Technology,18.56,-0.0064239828693790635,0.02155172413793105,-0.053061224489796,
2025-11-06,2382.HK,Sunny Optical,Technology,18.96,0.02155172413793105,-0.011075949367088667,-0.027692307692307683,
2025-11-07,2382.HK,Sunny Optical,Technology,18.75,-0.011075949367088667,0.0010666666666665492,0.009149623250807482,
2025-11-10,2382.HK,Sunny Optical,Technology,18.77,0.0010666666666665492,0.0010655301012252316,0.016242555495397992,
2025-11-11,2382.HK,Sunny Optical,Technology,18.79,0.0010655301012252316,-0.00851516764236293,0.018428184281842785,
2025-11-12,2382.HK,Sunny Optical,Technology,18.63,-0.00851516764236293,-0.02522812667740193,0.028713418001104385,
2025-11-13,2382.HK,Sunny Optical,Technology,18.16,-0.02522812667740193,0.006607929515418665,0.011699164345403856,
2025-11-14,2382.HK,Sunny Optical,Technology,18.28,0.006607929515418665,-0.001094091903719896,-0.009214092140921282,
2025-11-17,2382.HK,Sunny Optical,Technology,18.26,-0.001094091903719896,0.009309967141292397,-0.0224839400428265,
2025-11-18,2382.HK,Sunny Optical,Technology,18.43,0.009309967141292397,-0.009224091155724312,0.003266194882961315,
2025-11-19,2382.HK,Sunny Optical,Technology,18.26,-0.009224091155724312,0.022453450164293454,0.02354260089686111,
2025-11-20,2382.HK,Sunny Optical,Technology,18.67,0.022453450164293454,-0.0160685591858597,0.052423900789177136,
2025-11-21,2382.HK,Sunny Optical,Technology,18.37,-0.0160685591858597,0.0315732172019596,0.039615166949632075,
2025-11-24,2382.HK,Sunny Optical,Technology,18.95,0.0315732172019596,-0.03166226912928749,0.06221973094170408,-0.0506012024048097
2025-11-25,2382.HK,Sunny Optical,Technology,18.35,-0.03166226912928749,0.008174386920980936,0.03848330503678543,-0.07135627530364375
2025-11-26,2382.HK,Sunny Optical,Technology,18.5,0.008174386920980936,0.00864864864864856,0.036995515695067205,-0.011223944414751497
2025-11-27,2382.HK,Sunny Optical,Technology,18.66,0.00864864864864856,-0.01393354769560562,0.010286951813752054,-0.03863987635239563
2025-11-28,2382.HK,Sunny Optical,Technology,18.4,-0.01393354769560562,0.008152173913043681,-0.01866666666666672,-0.07070707070707083
2025-12-01,2382.HK,Sunny Optical,Technology,18.55,0.008152173913043681,0.023180592991913773,-0.009610250934329989,-0.05693950177935947
2025-12-02,2382.HK,Sunny Optical,Technology,18.98,0.023180592991913773,-0.04004214963119079,0.01605995717344766,-0.03556910569105687
2025-12-03,2382.HK,Sunny Optical,Technology,18.22,-0.04004214963119079,0.00933040614709113,-0.018318965517241326,-0.05448884276076804
2025-12-04,2382.HK,Sunny Optical,Technology,18.39,0.00933040614709113,-0.04513322457857538,-0.030063291139240556,-0.07448414695520889
2025-12-05,2382.HK,Sunny Optical,Technology,17.56,-0.04513322457857538,-0.01708428246013649,-0.06346666666666678,-0.14591439688715957
2025-12-08,2382.HK,Sunny Optical,Technology,17.26,-0.01708428246013649,0.029548088064889733,-0.08044752264251454,-0.16294859359844804
2025-12-09,2382.HK,Sunny Optical,Technology,17.77,0.029548088064889733,-0.010129431626336505,-0.05428419372006388,-0.15421227986673025
2025-12-10,2382.HK,Sunny Optical,Technology,17.59,-0.010129431626336505,-0.021034678794769834,-0.05582393988191081,-0.16555977229601515
2025-12-11,2382.HK,Sunny Optical,Technology,17.22,-0.021034678794769834,-0.0034843205574912606,-0.05176211453744506,-0.1628585318424891
2025-12-12,2382.HK,Sunny Optical,Technology,17.16,-0.0034843205574912606,0.037878787878787845,-0.06126914660831517,-0.1600587371512482
2025-12-15,2382.HK,Sunny Optical,Technology,17.81,0.037878787878787845,-0.03312745648512072,-0.02464403066812726,-0.1303710937500001
2025-12-16,2382.HK,Sunny Optical,Technology,17.22,-0.03312745648512072,-0.019163763066202044,-0.06565382528486163,-0.1521418020679468
2025-12-17,2382.HK,Sunny Optical,Technology,16.89,-0.019163763066202044,0.027827116637063387,-0.07502738225629801,-0.16551383399209474
2025-12-18,2382.HK,Sunny Optical,Technology,17.36,0.027827116637063387,0.033986175115207296,-0.07016604177825403,-0.14101929737753593
2025-12-19,2382.HK,Sunny Optical,Technology,17.95,0.033986175115207296,-0.0016713091922003764,-0.02286336418072954,-0.1105054509415263
2025-12-22,2382.HK,Sunny Optical,Technology,17.92,-0.0016713091922003764,-0.022321428571428714,-0.05435356200527697,-0.11331024245423049
2025-12-23,2382.HK,Sunny Optical,Technology,17.52,-0.022321428571428714,0.03824200913242026,-0.045231607629427906,-0.11604439959636736
2025-12-24,2382.HK,Sunny Optical,Technology,18.19,0.03824200913242026,0.029136888400219663,-0.016756756756756697,-0.07051609606540621
2025-12-25,2382.HK,Sunny Optical,Technology,18.72,0.029136888400219663,0.012820512820512997,0.003215434083601254,-0.02092050209205032
2025-12-26,2382.HK,Sunny Optical,Technology,18.96,0.012820512820512997,-0.014767932489451518,0.0304347826086957,-0.025693730729701936
2025-12-29,2382.HK,Sunny Optical,Technology,18.68,-0.014767932489451518,-0.0005353319057814776,0.007008086253369239,-0.002136752136752129
2025-12-30,2382.HK,Sunny Optical,Technology,18.67,-0.0005353319057814776,-0.0026780931976433386,-0.016332982086406655,-0.023535564853556457
2025-12-31,2382.HK,Sunny Optical,Technology,18.62,-0.0026780931976433386,0.0064446831364122215,0.021953896816685026,-0.050000000000000044
2026-01-01,2382.HK,Sunny Optical,Technology,18.74,0.0064446831364122215,0.026680896478121774,0.01903208265361589,-0.03897435897435908
2026-01-02,2382.HK,Sunny Optical,Technology,19.24,0.026680896478121774,0.016112266112266127,0.09567198177676528,0.03552206673842839
2026-01-05,2382.HK,Sunny Optical,Technology,19.55,0.016112266112266127,-0.019437340153452665,0.13267670915411345,0.05847319978343268
2026-01-06,2382.HK,Sunny Optical,Technology,19.17,-0.019437340153452665,0.02556077203964513,0.07878446820483975,0.039024390243902474
2026-01-07,2382.HK,Sunny Optical,Technology,19.66,0.02556077203964513,0.005595116988809767,0.11768050028425248,0.08558807288790726
2026-01-08,2382.HK,Sunny Optical,Technology,19.77,0.005595116988809767,0.01264542235710664,0.1480836236933798,0.1013927576601672
2026-01-09,2382.HK,Sunny Optical,Technology,20.02,0.01264542235710664,0.026973026973026837,0.16666666666666674,0.08509485094850944
2026-01-12,2382.HK,Sunny Optical,Technology,20.56,0.026973026973026837,-0.019941634241245176,0.15440763615946107,0.10064239828693777
2026-01-13,2382.HK,Sunny Optical,Technology,20.15,-0.019941634241245176,-0.0004962779156326702,0.170150987224158,0.09689711486118657
2026-01-14,2382.HK,Sunny Optical,Technology,20.14,-0.0004962779156326702,-0.009433962264151052,0.19242155121373594,0.1289237668161436
2026-01-15,2382.HK,Sunny Optical,Technology,19.95,-0.009433962264151052,-0.028070175438596467,0.14919354838709675,0.12457722660653903
2026-01-16,2382.HK,Sunny Optical,Technology,19.39,-0.028070175438596467,0.0067044868488910225,0.08022284122562673,0.09734012450481044
2026-01-19,2382.HK,Sunny Optical,Technology,19.52,0.0067044868488910225,0.04559426229508201,0.08928571428571419,0.094170403587444
2026-01-20,2382.HK,Sunny Optical,Technology,20.41,0.04559426229508201,-0.03331700146986771,0.1649543378995435,0.1550650820599886
2026-01-21,2382.HK,Sunny Optical,Technology,19.73,-0.03331700146986771,0.0,0.08466190214403513,0.10594170403587455
2026-01-22,2382.HK,Sunny Optical,Technology,19.73,0.0,0.011657374556512945,0.05395299145299148,0.06821873308067139
2026-01-23,2382.HK,Sunny Optical,Technology,19.96,0.011657374556512945,0.0025050100200401104,0.052742616033755185,0.06453333333333333
2026-01-26,2382.HK,Sunny Optical,Technology,20.01,0.0025050100200401104,-0.001999000499750214,0.07119914346895095,0.06833956219967963
2026-01-27,2382.HK,Sunny Optical,Technology,19.97,-0.001999000499750214,-0.0230345518277415,0.06963042313872503,0.06905781584582438
2026-01-28,2382.HK,Sunny Optical,Technology,19.51,-0.0230345518277415,0.004100461301896452,0.04779806659505903,0.0511853448275863
2026-01-29,2382.HK,Sunny Optical,Technology,19.59,0.004100461301896452,-0.013272077590607556,0.045357524012807016,0.03322784810126578
2026-01-30,2382.HK,Sunny Optical,Technology,19.33,-0.013272077590607556,-0.03983445421624421,0.004677754677754775,0.030933333333333257
2026-02-02,2382.HK,Sunny Optical,Technology,18.56,-0.03983445421624421,0.022090517241379226,-0.05063938618925845,-0.011188066062866375
2026-02-03,2382.HK,Sunny Optical,Technology,18.97,0.022090517241379226,0.01792303637322079,-0.010432968179447166,0.009579563597658325
2026-02-04,2382.HK,Sunny Optical,Technology,19.31,0.01792303637322079,0.0010357327809424888,-0.017802644964394765,0.036500268384326295
2026-02-05,2382.HK,Sunny Optical,Technology,19.33,0.0010357327809424888,0.0041386445938955685,-0.02225594334850789,0.06442731277533031
2026-02-06,2382.HK,Sunny Optical,Technology,19.41,0.0041386445938955685,0.02009273570324588,-0.030469530469530492,0.06181619256017501
2026-02-09,2382.HK,Sunny Optical,Technology,19.8,0.02009273570324588,0.004040404040403844,-0.03696498054474695,0.0843373493975903
2026-02-10,2382.HK,Sunny Optical,Technology,19.88,0.004040404040403844,0.016599597585513104,-0.013399503722084316,0.0786760716223549
2026-02-11,2382.HK,Sunny Optical,Technology,20.21,0.016599597585513104,-0.004948045522018885,0.0034756703078451245,0.10679079956188375
2026-02-12,2382.HK,Sunny Optical,Technology,20.11,-0.004948045522018885,0.023868722028841383,0.008020050125313372,0.07712908409212638
2026-02-13,2382.HK,Sunny Optical,Technology,20.59,0.023868722028841383,0.006313744536182497,0.061887570912841694,0.12084921066956977
2026-02-16,2382.HK,Sunny Optical,Technology,20.72,0.006313744536182497,0.0038610038610038533,0.061475409836065475,0.09340369393139847
2026-02-17,2382.HK,Sunny Optical,Technology,20.8,0.0038610038610038533,-0.023076923076923106,0.019108280254777066,0.13351498637602166
2026-02-18,2382.HK,Sunny Optical,Technology,20.32,-0.023076923076923106,0.005413385826771533,0.029903699949315854,0.09837837837837848
2026-02-19,2382.HK,Sunny Optical,Technology,20.43,0.005413385826771533,-0.014684287812041119,0.03547896604156109,0.094855305466238
2026-02-20,2382.HK,Sunny Optical,Technology,20.13,-0.014684287812041119,-0.01142573273720815,0.008517034068136198,0.09402173913043477
2026-02-23,2382.HK,Sunny Optical,Technology,19.9,-0.01142573273720815,-0.014572864321607981,-0.005497251374313006,0.07277628032344996
2026-02-24,2382.HK,Sunny Optical,Technology,19.61,-0.014572864321607981,-0.0193778684344722,-0.018027040560841257,0.033192834562697504
2026-02-25,2382.HK,Sunny Optical,Technology,19.23,-0.0193778684344722,0.03900156006240252,-0.014351614556637693,0.05543358946212962
2026-02-26,2382.HK,Sunny Optical,Technology,19.98,0.03900156006240252,0.02452452452452447,0.019908116385911168,0.08646003262642732
2026-02-27,2382.HK,Sunny Optical,Technology,20.47,0.02452452452452447,0.03517342452369343,0.058975685463010796,0.1657175398633257
2026-03-02,2382.HK,Sunny Optical,Technology,21.19,0.03517342452369343,-0.022180273714016208,0.1417025862068968,0.22769409038238697
2026-03-03,2382.HK,Sunny Optical,Technology,20.72,-0.022180273714016208,0.0019305019305020377,0.09225092250922518,0.1660101294316263
2026-03-04,2382.HK,Sunny Optical,Technology,20.76,0.0019305019305020377,-0.023603082851637813,0.07509062661833266,0.18021603183627066
2026-03-05,2382.HK,Sunny Optical,Technology,20.27,-0.023603082851637813,-0.012333497779970393,0.04862907397827221,0.17711962833914052
2026-03-06,2382.HK,Sunny Optical,Technology,20.02,-0.012333497779970393,-0.016483516483516425,0.0314270994332817,0.16666666666666674
2026-03-09,2382.HK,Sunny Optical,Technology,19.69,-0.016483516483516425,0.022854240731335684,-0.005555555555555536,0.10555867490174076
2026-03-10,2382.HK,Sunny Optical,Technology,20.14,0.022854240731335684,-0.006951340615690249,0.01307847082494984,0.1695702671312429
2026-03-11,2382.HK,Sunny Optical,Technology,20.0,-0.006951340615690249,0.019500000000000073,-0.010390895596239513,0.18413262285375964
2026-03-12,2382.HK,Sunny Optical,Technology,20.39,0.019500000000000073,0.011280039234919048,0.01392342118349088,0.1745391705069126
2026-03-13,2382.HK,Sunny Optical,Technology,20.62,0.011280039234919048,0.042192046556740914,0.0014570179698882857,0.1487465181058496
2026-03-16,2382.HK,Sunny Optical,Technology,21.49,0.042192046556740914,-0.026523964634713626,0.03716216216216206,0.19921874999999978
2026-03-17,2382.HK,Sunny Optical,Technology,20.92,-0.026523964634713626,0.022944550669215857,0.005769230769230749,0.19406392694063945
2026-03-18,2382.HK,Sunny Optical,Technology,21.4,0.022944550669215857,0.02102803738317771,0.053149606299212504,0.17647058823529393
2026-03-19,2382.HK,Sunny Optical,Technology,21.85,0.02102803738317771,-0.01739130434782621,0.06950562897699464,0.16720085470085477
2026-03-20,2382.HK,Sunny Optical,Technology,21.47,-0.01739130434782621,0.01863064741499776,0.06656731246895187,0.1323839662447257
2026-03-23,2382.HK,Sunny Optical,Technology,21.87,0.01863064741499776,0.006401463191586743,0.09899497487437192,0.17077087794432555
2026-03-24,2382.HK,Sunny Optical,Technology,22.01,0.006401463191586743,-0.004089050431621999,0.12238653748087724,0.17889662560257102
2026-03-25,2382.HK,Sunny Optical,Technology,21.92,-0.004089050431621999,-0.014598540145985384,0.13988559542381696,0.17722878625134264
2026-03-26,2382.HK,Sunny Optical,Technology,21.6,-0.014598540145985384,-0.012962962962963065,0.08108108108108114,0.1526147278548562
2026-03-27,2382.HK,Sunny Optical,Technology,21.32,-0.012962962962963065,0.03752345215759845,0.04152418172936012,0.10810810810810811
2026-03-30,2382.HK,Sunny Optical,Technology,22.12,0.03752345215759845,0.00045207956600346044,0.043888626710712586,0.13145780051150902
2026-03-31,2382.HK,Sunny Optical,Technology,22.13,0.00045207956600346044,0.014460009037505772,0.06805019305019311,0.15440792905581624
2026-04-01,2382.HK,Sunny Optical,Technology,22.45,0.014460009037505772,-0.014253897550111416,0.08140655105973016,0.1419125127161749
2026-04-02,2382.HK,Sunny Optical,Technology,22.13,-0.014253897550111416,-0.014008133755083585,0.09176122348297966,0.11937278705108745
2026-04-03,2382.HK,Sunny Optical,Technology,21.82,-0.014008133755083585,0.019706691109074193,0.08991008991008997,0.08991008991008997
2026-04-06,2382.HK,Sunny Optical,Technology,22.25,0.019706691109074193,-0.024269662921348245,0.13001523616048738,0.08219844357976669
2026-04-07,2382.HK,Sunny Optical,Technology,21.71,-0.024269662921348245,-0.007369875633348677,0.07795431976166833,0.07741935483870988
2026-04-08,2382.HK,Sunny Optical,Technology,21.55,-0.007369875633348677,0.0009280742459396585,0.07750000000000012,0.07000993048659376
2026-04-09,2382.HK,Sunny Optical,Technology,21.57,0.0009280742459396585,0.0023180343069078013,0.05787150564001964,0.08120300751879705
2026-04-10,2382.HK,Sunny Optical,Technology,21.62,0.0023180343069078013,-0.0027752081406106077,0.04849660523763344,0.11500773594636415
2026-04-13,2382.HK,Sunny Optical,Technology,21.56,-0.0027752081406106077,0.007421150278293043,0.0032573289902280145,0.10450819672131151
2026-04-14,2382.HK,Sunny Optical,Technology,21.72,0.007421150278293043,0.012891344383057168,0.03824091778202665,0.06418422341989216
2026-04-15,2382.HK,Sunny Optical,Technology,22.0,0.012891344383057168,0.013181818181818183,0.028037383177570208,0.11505321844906224
2026-04-16,2382.HK,Sunny Optical,Technology,22.29,0.013181818181818183,-0.0174966352624496,0.02013729977116685,0.12975164723770893
2026-04-17,2382.HK,Sunny Optical,Technology,21.9,-0.0174966352624496,-0.005022831050228271,0.020027945971122563,0.09719438877755504
2026-04-20,2382.HK,Sunny Optical,Technology,21.79,-0.005022831050228271,0.022028453418999616,-0.0036579789666210116,0.08895552223888048
2026-04-21,2382.HK,Sunny Optical,Technology,22.27,0.022028453418999616,0.016614279299506096,0.01181281235801901,0.11517275913870817
2026-04-22,2382.HK,Sunny Optical,Technology,22.64,0.016614279299506096,-0.024734982332155542,0.03284671532846706,0.16043054843669902
2026-04-23,2382.HK,Sunny Optical,Technology,22.08,-0.024734982332155542,0.006340579710145011,0.022222222222222143,0.127105666156202
2026-04-24,2382.HK,Sunny Optical,Technology,22.22,0.006340579710145011,-0.035553555355535504,0.04221388367729828,0.149508535954475
2026-04-27,2382.HK,Sunny Optical,Technology,21.43,-0.035553555355535504,0.0009332711152589823,-0.03119349005424965,0.15463362068965525
2026-04-28,2382.HK,Sunny Optical,Technology,21.45,0.0009332711152589823,0.034965034965035,-0.030727519204699516,0.13073273589878753
2026-04-29,2382.HK,Sunny Optical,Technology,22.2,0.034965034965035,-0.017117117117117053,-0.011135857461024523,0.14966338684619362
2026-04-30,2382.HK,Sunny Optical,Technology,21.82,-0.017117117117117053,-0.01466544454628782,-0.014008133755083585,0.1288153129849976
2026-05-01,2382.HK,Sunny Optical,Technology,21.5,-0.01466544454628782,0.013953488372093092,-0.01466544454628782,0.10767645543534266
2026-05-04,2382.HK,Sunny Optical,Technology,21.8,0.013953488372093092,-0.02798165137614672,-0.020224719101123556,0.101010101010101
2026-05-05,2382.HK,Sunny Optical,Technology,21.19,-0.02798165137614672,-0.011326097215667907,-0.0239520958083832,0.06589537223340058
2026-05-06,2382.HK,Sunny Optical,Technology,20.95,-0.011326097215667907,0.011455847255370077,-0.02784222737819031,0.03661553686293906
2026-05-07,2382.HK,Sunny Optical,Technology,21.19,0.011455847255370077,-0.011326097215667907,-0.0176170607324988,0.05370462456489311
2026-05-08,2382.HK,Sunny Optical,Technology,20.95,-0.011326097215667907,,-0.030989824236817842,0.01748421563865943
2025-09-01,3690.HK,Meituan,Consumer,100.7,,-0.0052631578947368585,,
2025-09-02,3690.HK,Meituan,Consumer,100.17,-0.0052631578947368585,0.007886592792253122,,
2025-09-03,3690.HK,Meituan,Consumer,100.96,0.007886592792253122,0.0015847860538829028,,
2025-09-04,3690.HK,Meituan,Consumer,101.12,0.0015847860538829028,0.01661392405063289,,
2025-09-05,3690.HK,Meituan,Consumer,102.8,0.01661392405063289,0.008268482490272566,,
2025-09-08,3690.HK,Meituan,Consumer,103.65,0.008268482490272566,0.00125422093584171,,
2025-09-09,3690.HK,Meituan,Consumer,103.78,0.00125422093584171,0.03806128348429372,,
2025-09-10,3690.HK,Meituan,Consumer,107.73,0.03806128348429372,0.007054673721340388,,
2025-09-11,3690.HK,Meituan,Consumer,108.49,0.007054673721340388,-0.006728730758595147,,
2025-09-12,3690.HK,Meituan,Consumer,107.76,-0.006728730758595147,0.031180400890868487,,
2025-09-15,3690.HK,Meituan,Consumer,111.12,0.031180400890868487,0.020248380129589627,,
2025-09-16,3690.HK,Meituan,Consumer,113.37,0.020248380129589627,0.030431331039957543,,
2025-09-17,3690.HK,Meituan,Consumer,116.82,0.030431331039957543,-0.0014552302687894647,,
2025-09-18,3690.HK,Meituan,Consumer,116.65,-0.0014552302687894647,0.016545220745820766,,
2025-09-19,3690.HK,Meituan,Consumer,118.58,0.016545220745820766,-0.023697082138640635,,
2025-09-22,3690.HK,Meituan,Consumer,115.77,-0.023697082138640635,0.01338861535803737,,
2025-09-23,3690.HK,Meituan,Consumer,117.32,0.01338861535803737,-0.0023013978861233797,,
2025-09-24,3690.HK,Meituan,Consumer,117.05,-0.0023013978861233797,-0.022041862451943617,,
2025-09-25,3690.HK,Meituan,Consumer,114.47,-0.022041862451943617,0.01747182667947933,,
2025-09-26,3690.HK,Meituan,Consumer,116.47,0.01747182667947933,-0.029621361724049167,,
2025-09-29,3690.HK,Meituan,Consumer,113.02,-0.029621361724049167,-0.031321889930985614,0.12234359483614687,
2025-09-30,3690.HK,Meituan,Consumer,109.48,-0.031321889930985614,0.006393861892583175,0.09294199860237606,
2025-10-01,3690.HK,Meituan,Consumer,110.18,0.006393861892583175,0.009802141949537102,0.09132329635499215,
2025-10-02,3690.HK,Meituan,Consumer,111.26,0.009802141949537102,0.016447959733956408,0.10027689873417711,
2025-10-03,3690.HK,Meituan,Consumer,113.09,0.016447959733956408,0.012644796180033557,0.10009727626459153,
2025-10-06,3690.HK,Meituan,Consumer,114.52,0.012644796180033557,0.02488648271044358,0.10487216594307758,
2025-10-07,3690.HK,Meituan,Consumer,117.37,0.02488648271044358,0.011928090653488876,0.13095008672191177,
2025-10-08,3690.HK,Meituan,Consumer,118.77,0.011928090653488876,-0.0018523196093289673,0.10247841826789195,
2025-10-09,3690.HK,Meituan,Consumer,118.55,-0.0018523196093289673,-0.000843525938422518,0.09272744031707991,
2025-10-10,3690.HK,Meituan,Consumer,118.45,-0.000843525938422518,-0.004305614183199746,0.09920193021529311,
2025-10-13,3690.HK,Meituan,Consumer,117.94,-0.004305614183199746,0.005256910293369499,0.0613750899928005,
2025-10-14,3690.HK,Meituan,Consumer,118.56,0.005256910293369499,-0.017796896086369807,0.04577930669489283,
2025-10-15,3690.HK,Meituan,Consumer,116.45,-0.017796896086369807,0.006011163589523472,-0.0031672658791301878,
2025-10-16,3690.HK,Meituan,Consumer,117.15,0.006011163589523472,-0.0010243277848912546,0.004286326618088365,
2025-10-17,3690.HK,Meituan,Consumer,117.03,-0.0010243277848912546,0.004870546013842514,-0.01307134424017542,
2025-10-20,3690.HK,Meituan,Consumer,117.6,0.004870546013842514,0.005017006802721102,0.01580720393884416,
2025-10-21,3690.HK,Meituan,Consumer,118.19,0.005017006802721102,-0.04027413486758602,0.007415615410842236,
2025-10-22,3690.HK,Meituan,Consumer,113.43,-0.04027413486758602,-0.014546416291986275,-0.030926954293037046,
2025-10-23,3690.HK,Meituan,Consumer,111.78,-0.014546416291986275,-0.0014313830738951205,-0.023499606883899737,
2025-10-24,3690.HK,Meituan,Consumer,111.62,-0.0014313830738951205,-0.0005375380756137416,-0.04164162445264874,
2025-10-27,3690.HK,Meituan,Consumer,111.56,-0.0005375380756137416,0.004661168877733823,-0.012918067598655103,
2025-10-28,3690.HK,Meituan,Consumer,112.08,0.004661168877733823,0.005353319057815886,0.023748629886737316,
2025-10-29,3690.HK,Meituan,Consumer,112.68,0.005353319057815886,0.025470358537451165,0.022690143401706386,
2025-10-30,3690.HK,Meituan,Consumer,115.55,0.025470358537451165,0.0055387278234531045,0.03855833183534063,
2025-10-31,3690.HK,Meituan,Consumer,116.19,0.0055387278234531045,-0.004819691883983124,0.027411795914758175,
2025-11-03,3690.HK,Meituan,Consumer,115.63,-0.004819691883983124,-0.026117789500994526,0.009692630108278033,
2025-11-04,3690.HK,Meituan,Consumer,112.61,-0.026117789500994526,-0.022289317112157092,-0.04055550822186249,
2025-11-05,3690.HK,Meituan,Consumer,110.1,-0.022289317112157092,0.009264305177111742,-0.0729982318767366,
2025-11-06,3690.HK,Meituan,Consumer,111.12,0.009264305177111742,0.017908567314614876,-0.06267397722479962,
2025-11-07,3690.HK,Meituan,Consumer,113.11,0.017908567314614876,0.025903987269030315,-0.04508231321232592,
2025-11-10,3690.HK,Meituan,Consumer,116.04,0.025903987269030315,-0.01335746294381257,-0.016109886382906446,
2025-11-11,3690.HK,Meituan,Consumer,114.49,-0.01335746294381257,-0.004629225259847991,-0.03432860998650478,
2025-11-12,3690.HK,Meituan,Consumer,113.96,-0.004629225259847991,0.0043875043875043485,-0.021382567625590432,
2025-11-13,3690.HK,Meituan,Consumer,114.46,0.0043875043875043485,0.03424777214747521,-0.022962014511310413,
2025-11-14,3690.HK,Meituan,Consumer,118.38,0.03424777214747521,0.0022807906741004746,0.011535503716995521,
2025-11-17,3690.HK,Meituan,Consumer,118.65,0.0022807906741004746,0.02604298356510726,0.008928571428571619,
2025-11-18,3690.HK,Meituan,Consumer,121.74,0.02604298356510726,0.003203548546081736,0.03003638209662407,
2025-11-19,3690.HK,Meituan,Consumer,122.13,0.003203548546081736,0.01948743142553022,0.07669928590320008,
2025-11-20,3690.HK,Meituan,Consumer,124.51,0.01948743142553022,0.01734800417637139,0.1138844158167831,
2025-11-21,3690.HK,Meituan,Consumer,126.67,0.01734800417637139,0.0031578116365358344,0.13483246729976694,
2025-11-24,3690.HK,Meituan,Consumer,127.07,0.0031578116365358344,-0.01652632407334531,0.13902832556471845,0.26186693147964246
2025-11-25,3690.HK,Meituan,Consumer,124.97,-0.01652632407334531,-0.004080979435064469,0.11500713775874383,0.24757911550364375
2025-11-26,3690.HK,Meituan,Consumer,124.46,-0.004080979435064469,0.024987947935079635,0.10454384096556613,0.2327654516640254
2025-11-27,3690.HK,Meituan,Consumer,127.57,0.024987947935079635,0.01497217214078539,0.1040242319342275,0.2615704113924049
2025-11-28,3690.HK,Meituan,Consumer,129.48,0.01497217214078539,-0.006873648439913449,0.11438161631809951,0.25953307392996106
2025-12-01,3690.HK,Meituan,Consumer,128.59,-0.006873648439913449,-0.005288125048604098,0.11208163971287743,0.2406174626145683
2025-12-02,3690.HK,Meituan,Consumer,127.91,-0.005288125048604098,-0.028301149245563262,0.1358671521179291,0.23251108113316632
2025-12-03,3690.HK,Meituan,Consumer,124.29,-0.028301149245563262,0.02429801271220522,0.12888283378746612,0.15371762740183792
2025-12-04,3690.HK,Meituan,Consumer,127.31,0.02429801271220522,0.015081297619982559,0.1456983441324693,0.17347220942022323
2025-12-05,3690.HK,Meituan,Consumer,129.23,0.015081297619982559,-0.001934535324615072,0.14251613473609748,0.19923904974016327
2025-12-08,3690.HK,Meituan,Consumer,128.98,-0.001934535324615072,0.0036439758102031483,0.11151327128576338,0.16072714182865355
2025-12-09,3690.HK,Meituan,Consumer,129.45,0.0036439758102031483,-0.03561220548474309,0.13066643374967235,0.14183646467319377
2025-12-10,3690.HK,Meituan,Consumer,124.84,-0.03561220548474309,-0.007689842999038854,0.09547209547209556,0.06865262797466198
2025-12-11,3690.HK,Meituan,Consumer,123.88,-0.007689842999038854,0.02252179528576037,0.08229949327275898,0.06198028289755664
2025-12-12,3690.HK,Meituan,Consumer,126.67,0.02252179528576037,0.016657456382726865,0.07002872106774793,0.06822398380839934
2025-12-15,3690.HK,Meituan,Consumer,128.78,0.016657456382726865,0.00582388569653669,0.08537715971344295,0.11237799084391464
2025-12-16,3690.HK,Meituan,Consumer,129.53,0.00582388569653669,7.720219254214733e-05,0.06398882865122402,0.10407432662802596
2025-12-17,3690.HK,Meituan,Consumer,129.54,7.720219254214733e-05,0.013586536976995633,0.06067305330385642,0.10670653566851773
2025-12-18,3690.HK,Meituan,Consumer,131.3,0.013586536976995633,-0.004265041888804277,0.05453377238776014,0.14702542150781883
2025-12-19,3690.HK,Meituan,Consumer,130.74,-0.004265041888804277,-0.027229616031818837,0.032130733401752654,0.12252082081222637
2025-12-22,3690.HK,Meituan,Consumer,127.18,-0.027229616031818837,0.00023588614562020105,0.0008656645943181385,0.12528755972394268
2025-12-23,3690.HK,Meituan,Consumer,127.21,0.00023588614562020105,0.007074915494065026,0.01792430183243976,0.16194738765071226
2025-12-24,3690.HK,Meituan,Consumer,128.11,0.007074915494065026,0.018968074311138672,0.029326691306444053,0.16273370847703772
2025-12-25,3690.HK,Meituan,Consumer,130.54,0.018968074311138672,-0.02351769572544804,0.023281335737242337,0.17328779435556352
2025-12-26,3690.HK,Meituan,Consumer,127.47,-0.02351769572544804,-0.0016474464579900872,-0.015523632993512448,0.1271553629852329
2025-12-29,3690.HK,Meituan,Consumer,127.26,-0.0016474464579900872,-0.000864372151500814,-0.010342950462710943,0.11124694376528121
2025-12-30,3690.HK,Meituan,Consumer,127.15,-0.000864372151500814,-0.017931576877703526,-0.005941677742162366,0.08332623327937294
2025-12-31,3690.HK,Meituan,Consumer,124.87,-0.017931576877703526,0.008488828381516766,0.004666505752675132,0.051359770985939246
2026-01-01,3690.HK,Meituan,Consumer,125.93,0.008488828381516766,0.012705471293575687,-0.010839682664362527,0.062252214255588356
2026-01-02,3690.HK,Meituan,Consumer,127.53,0.012705471293575687,-0.004391123657178753,-0.013154840207382112,0.07665681722245665
2026-01-05,3690.HK,Meituan,Consumer,126.97,-0.004391123657178753,0.03441757895565889,-0.015583811443634632,0.0765643547566559
2026-01-06,3690.HK,Meituan,Consumer,131.34,0.03441757895565889,-0.004948987361047652,0.01460023174971048,0.1077935222672064
2026-01-07,3690.HK,Meituan,Consumer,130.69,-0.004948987361047652,-0.007039559262376538,0.04685998077539244,0.1222842421640189
2026-01-08,3690.HK,Meituan,Consumer,129.77,-0.007039559262376538,-0.007551822455112989,0.04754601226993871,0.10772513871105427
2026-01-09,3690.HK,Meituan,Consumer,128.79,-0.007551822455112989,-0.013122136811864249,0.01673640167363999,0.10048705460138407
2026-01-12,3690.HK,Meituan,Consumer,127.1,-0.013122136811864249,-0.008890637293469728,-0.013045503960242288,0.08078231292517013
2026-01-13,3690.HK,Meituan,Consumer,125.97,-0.008890637293469728,-0.02341827419226805,-0.027483980545047526,0.06582621203147476
2026-01-14,3690.HK,Meituan,Consumer,123.02,-0.02341827419226805,-0.0027637782474393413,-0.050331943801142476,0.08454553469099868
2026-01-15,3690.HK,Meituan,Consumer,122.68,-0.0027637782474393413,0.0013042060645582776,-0.06565118050266572,0.09751297190910724
2026-01-16,3690.HK,Meituan,Consumer,122.84,0.0013042060645582776,-0.03744708563985677,-0.06042527153128352,0.10051962013975979
2026-01-19,3690.HK,Meituan,Consumer,118.24,-0.03744708563985677,-0.0013531799729363803,-0.07029407139487354,0.059878092506274516
2026-01-20,3690.HK,Meituan,Consumer,118.08,-0.0013531799729363803,0.0011009485094850557,-0.07177108717868086,0.05353319057815842
2026-01-21,3690.HK,Meituan,Consumer,118.21,0.0011009485094850557,0.008882497250655819,-0.0772773397861215,0.04907703230386917
2026-01-22,3690.HK,Meituan,Consumer,119.26,0.008882497250655819,0.020291799429817292,-0.08641029569480607,0.03210731285157942
2026-01-23,3690.HK,Meituan,Consumer,121.68,0.020291799429817292,0.014464168310322156,-0.04542245234172737,0.047250193648334715
2026-01-26,3690.HK,Meituan,Consumer,123.44,0.014464168310322156,-0.009883344134802297,-0.030017287443030116,0.06754302516647925
2026-01-27,3690.HK,Meituan,Consumer,122.22,-0.009883344134802297,-0.011863852070037706,-0.038773102634683476,0.08533877985969274
2026-01-28,3690.HK,Meituan,Consumer,120.77,-0.011863852070037706,0.010019044464685045,-0.03283414751341407,0.09691189827429603
2026-01-29,3690.HK,Meituan,Consumer,121.98,0.010019044464685045,-0.008689949171995393,-0.031366632256015214,0.0977321814254859
2026-01-30,3690.HK,Meituan,Consumer,120.92,-0.008689949171995393,-0.02001323188885218,-0.051830941739198666,0.06904782954645916
2026-02-02,3690.HK,Meituan,Consumer,118.5,-0.02001323188885218,0.03974683544303792,-0.0667086713396865,0.02119958634953467
2026-02-03,3690.HK,Meituan,Consumer,123.21,0.03974683544303792,-0.004788572356139831,-0.06190041114664235,0.07616385710542395
2026-02-04,3690.HK,Meituan,Consumer,122.62,-0.004788572356139831,-0.010030990050562738,-0.061749177442803505,0.07599157599157613
2026-02-05,3690.HK,Meituan,Consumer,121.39,-0.010030990050562738,-0.03599967048356545,-0.06457578793249608,0.06054516861785775
2026-02-06,3690.HK,Meituan,Consumer,117.02,-0.03599967048356545,0.014527431208340547,-0.0913890830033387,-0.011488427099172194
2026-02-09,3690.HK,Meituan,Consumer,118.72,0.014527431208340547,-0.016004043126684686,-0.06593233674272225,0.0005899705014749124
2026-02-10,3690.HK,Meituan,Consumer,116.82,-0.016004043126684686,0.000856017805170417,-0.07263634198618718,-0.04041399704287829
2026-02-11,3690.HK,Meituan,Consumer,116.92,0.000856017805170417,0.016421484775915207,-0.049585433262884004,-0.04265946122983699
2026-02-12,3690.HK,Meituan,Consumer,118.84,0.016421484775915207,-0.015735442611915174,-0.031300945549396886,-0.0455385109629749
2026-02-13,3690.HK,Meituan,Consumer,116.97,-0.015735442611915174,0.0016243481234503587,-0.047785737544773776,-0.07657693218599515
2026-02-16,3690.HK,Meituan,Consumer,117.16,0.0016243481234503587,0.025606008876749797,-0.00913396481732065,-0.07798851026992992
2026-02-17,3690.HK,Meituan,Consumer,120.16,0.025606008876749797,-0.04027962716378164,0.017615176151761558,-0.03848923741698007
2026-02-18,3690.HK,Meituan,Consumer,115.32,-0.04027962716378164,-0.013093999306278081,-0.024448016242280657,-0.07343724891531411
2026-02-19,3690.HK,Meituan,Consumer,113.81,-0.013093999306278081,-0.014585713030489389,-0.04569847392252224,-0.10786235008230771
2026-02-20,3690.HK,Meituan,Consumer,112.15,-0.014585713030489389,-0.0027641551493535754,-0.07832018408941488,-0.13384306456595607
2026-02-23,3690.HK,Meituan,Consumer,111.84,-0.0027641551493535754,-0.00044706723891274613,-0.0939727802981205,-0.13025896259429193
2026-02-24,3690.HK,Meituan,Consumer,111.79,-0.00044706723891274613,-0.01717506038107164,-0.08533791523482237,-0.1260261121100773
2026-02-25,3690.HK,Meituan,Consumer,109.87,-0.01717506038107164,-0.010466915445526581,-0.09025420220253366,-0.11601898785099363
2026-02-26,3690.HK,Meituan,Consumer,108.72,-0.010466915445526581,-0.012509197939661543,-0.10870634530250867,-0.14602152226847853
2026-02-27,3690.HK,Meituan,Consumer,107.36,-0.012509197939661543,-0.00540238450074515,-0.11214025802183258,-0.16923315019732255
2026-03-02,3690.HK,Meituan,Consumer,106.78,-0.00540238450074515,0.003933320846600585,-0.09890295358649792,-0.17211970848193514
2026-03-03,3690.HK,Meituan,Consumer,107.2,0.003933320846600585,0.015485074626865547,-0.12994075156237317,-0.171881035148706
2026-03-04,3690.HK,Meituan,Consumer,108.86,0.015485074626865547,0.017821054565496874,-0.11221660414288048,-0.12800384492149952
2026-03-05,3690.HK,Meituan,Consumer,110.8,0.017821054565496874,0.011281588447653368,-0.08723947606886895,-0.10558605101711338
2026-03-06,3690.HK,Meituan,Consumer,112.05,0.011281588447653368,-0.01419009370816604,-0.042471372414971786,-0.11541801531538642
2026-03-09,3690.HK,Meituan,Consumer,110.46,-0.01419009370816604,0.00036212203512597796,-0.06957547169811329,-0.14225811461407056
2026-03-10,3690.HK,Meituan,Consumer,110.5,0.00036212203512597796,0.03972850678733031,-0.054100325286765893,-0.1469157724079364
2026-03-11,3690.HK,Meituan,Consumer,114.89,0.03972850678733031,0.017146836104099616,-0.017362299007868676,-0.11309248108692294
2026-03-12,3690.HK,Meituan,Consumer,116.86,0.017146836104099616,-0.006931370871127829,-0.016661056883204295,-0.10997715156131005
2026-03-13,3690.HK,Meituan,Consumer,116.05,-0.006931370871127829,0.026626454114605735,-0.007865264597760158,-0.11236040997399432
2026-03-16,3690.HK,Meituan,Consumer,119.14,0.026626454114605735,-0.006127245257680047,0.01689996585865483,-0.06321748702626206
2026-03-17,3690.HK,Meituan,Consumer,118.41,-0.006127245257680047,-0.010725445486023055,-0.014563914780292952,-0.06917695149752379
2026-03-18,3690.HK,Meituan,Consumer,117.14,-0.010725445486023055,0.02356155028171414,0.015782171349288943,-0.08562953711654053
2026-03-19,3690.HK,Meituan,Consumer,119.9,0.02356155028171414,-0.021351125938281923,0.05351023635884378,-0.08150758388233481
2026-03-20,3690.HK,Meituan,Consumer,117.34,-0.021351125938281923,-0.031361854440088655,0.046277307177886806,-0.07946967914018976
2026-03-23,3690.HK,Meituan,Consumer,113.66,-0.031361854440088655,0.016012669364772192,0.016273247496423338,-0.10686782964010688
2026-03-24,3690.HK,Meituan,Consumer,115.48,0.016012669364772192,0.0007793557325943556,0.033008319169872014,-0.09178136059771924
2026-03-25,3690.HK,Meituan,Consumer,115.57,0.0007793557325943556,0.0025093017219002256,0.05187949394739233,-0.07447745655481708
2026-03-26,3690.HK,Meituan,Consumer,115.86,0.0025093017219002256,-0.0056102192301052956,0.06567328918322302,-0.07996505995394276
2026-03-27,3690.HK,Meituan,Consumer,115.21,-0.0056102192301052956,-0.0036455168822149275,0.07311847988077491,-0.09660472045793156
2026-03-30,3690.HK,Meituan,Consumer,114.79,-0.0036455168822149275,-0.007230594999564577,0.07501404757445229,-0.09592817200913595
2026-03-31,3690.HK,Meituan,Consumer,113.96,-0.007230594999564577,-0.010003510003509963,0.06305970149253715,-0.13232830820770525
2026-04-01,3690.HK,Meituan,Consumer,112.82,-0.010003510003509963,-0.0059386633575606584,0.03637699797905558,-0.13673578697681543
2026-04-02,3690.HK,Meituan,Consumer,112.15,-0.0059386633575606584,-0.006509139545251896,0.012184115523465877,-0.13577868536641757
2026-04-03,3690.HK,Meituan,Consumer,111.42,-0.006509139545251896,-0.013372823550529489,-0.005622489959839272,-0.1348707197763801
2026-04-06,3690.HK,Meituan,Consumer,109.93,-0.013372823550529489,-0.00864186300372971,-0.0047981169654172096,-0.13509047993705736
2026-04-07,3690.HK,Meituan,Consumer,108.98,-0.00864186300372971,-0.04110846026793913,-0.013755656108597303,-0.13487338255140113
2026-04-08,3690.HK,Meituan,Consumer,104.5,-0.04110846026793913,0.011770334928229653,-0.09043432848811905,-0.15054462688993653
2026-04-09,3690.HK,Meituan,Consumer,105.73,0.011770334928229653,0.006809798543459644,-0.09524217011809,-0.1381643299641343
2026-04-10,3690.HK,Meituan,Consumer,106.45,0.006809798543459644,-0.0010333489901361848,-0.08272296423955183,-0.13342559426896772
2026-04-13,3690.HK,Meituan,Consumer,106.34,-0.0010333489901361848,0.0043257476020310826,-0.10743662917575958,-0.10064276048714471
2026-04-14,3690.HK,Meituan,Consumer,106.8,0.0043257476020310826,0.004868913857677848,-0.09804915125411706,-0.0955284552845529
2026-04-15,3690.HK,Meituan,Consumer,107.32,0.004868913857677848,-0.011647409616101334,-0.08383131295885271,-0.09212418577108539
2026-04-16,3690.HK,Meituan,Consumer,106.07,-0.011647409616101334,-0.008484962760441084,-0.11534612176814019,-0.11059869193359062
2026-04-17,3690.HK,Meituan,Consumer,105.17,-0.008484962760441084,0.009128078349339042,-0.10371569797170621,-0.13568376068376076
2026-04-20,3690.HK,Meituan,Consumer,106.13,0.009128078349339042,0.0038631866578724416,-0.06625021995424951,-0.14023007128969545
2026-04-21,3690.HK,Meituan,Consumer,106.54,0.0038631866578724416,0.0341655716162943,-0.07741600277104255,-0.12829324169530354
2026-04-22,3690.HK,Meituan,Consumer,110.18,0.0341655716162943,0.02722817208204753,-0.04663840096910954,-0.08768733957108543
2026-04-23,3690.HK,Meituan,Consumer,113.18,0.02722817208204753,0.015815515108676292,-0.023131365441049434,-0.07214297425807503
2026-04-24,3690.HK,Meituan,Consumer,114.97,0.015815515108676292,-0.01226406888753584,-0.0020831525041228316,-0.04920608666887205
2026-04-27,3690.HK,Meituan,Consumer,113.56,-0.01226406888753584,-0.008982035928143728,-0.010715219095740136,-0.04168776371308014
2026-04-28,3690.HK,Meituan,Consumer,112.54,-0.008982035928143728,-0.016172027723476146,-0.012460512460512385,-0.0866001136271406
2026-04-29,3690.HK,Meituan,Consumer,110.72,-0.016172027723476146,0.004967485549132844,-0.018613720971458858,-0.09704778992007834
2026-04-30,3690.HK,Meituan,Consumer,111.27,0.004967485549132844,-0.045025613372876694,-0.007846633972358519,-0.0833676579619409
2026-05-01,3690.HK,Meituan,Consumer,106.26,-0.045025613372876694,-0.007246376811594346,-0.046311254711900895,-0.09195009400102538
2026-05-04,3690.HK,Meituan,Consumer,105.49,-0.007246376811594346,-0.004739785761683546,-0.04038933867006289,-0.11143867924528306
2026-05-05,3690.HK,Meituan,Consumer,104.99,-0.004739785761683546,-0.02485951042956469,-0.03661222242613327,-0.10126690635165214
2026-05-06,3690.HK,Meituan,Consumer,102.38,-0.02485951042956469,0.013576870482516101,-0.02028708133971291,-0.12435853575094091
2026-05-07,3690.HK,Meituan,Consumer,103.77,0.013576870482516101,-0.018502457357617796,-0.01853778492386271,-0.12680915516661062
2026-05-08,3690.HK,Meituan,Consumer,101.85,-0.018502457357617796,,-0.043212775951150806,-0.12926391382405744
2025-09-01,9618.HK,JD.com,Consumer,134.81,,-0.04020473258660351,,
2025-09-02,9618.HK,JD.com,Consumer,129.39,-0.04020473258660351,0.0021640003091429882,,
2025-09-03,9618.HK,JD.com,Consumer,129.67,0.0021640003091429882,0.0393306084676488,,
2025-09-04,9618.HK,JD.com,Consumer,134.77,0.0393306084676488,0.013875491578244192,,
2025-09-05,9618.HK,JD.com,Consumer,136.64,0.013875491578244192,0.007538056206088939,,
2025-09-08,9618.HK,JD.com,Consumer,137.67,0.007538056206088939,0.019757390862206625,,
2025-09-09,9618.HK,JD.com,Consumer,140.39,0.019757390862206625,-0.012821426027494698,,
2025-09-10,9618.HK,JD.com,Consumer,138.59,-0.012821426027494698,0.010751136445630971,,
2025-09-11,9618.HK,JD.com,Consumer,140.08,0.010751136445630971,-0.004925756710451368,,
2025-09-12,9618.HK,JD.com,Consumer,139.39,-0.004925756710451368,7.174115790231639e-05,,
2025-09-15,9618.HK,JD.com,Consumer,139.4,7.174115790231639e-05,0.018292682926829062,,
2025-09-16,9618.HK,JD.com,Consumer,141.95,0.018292682926829062,-0.01937301866854524,,
2025-09-17,9618.HK,JD.com,Consumer,139.2,-0.01937301866854524,0.02808908045977021,,
2025-09-18,9618.HK,JD.com,Consumer,143.11,0.02808908045977021,-0.008594787226609002,,
2025-09-19,9618.HK,JD.com,Consumer,141.88,-0.008594787226609002,0.0061319424866084216,,
2025-09-22,9618.HK,JD.com,Consumer,142.75,0.0061319424866084216,-0.029562171628721545,,
2025-09-23,9618.HK,JD.com,Consumer,138.53,-0.029562171628721545,0.015953223128564176,,
2025-09-24,9618.HK,JD.com,Consumer,140.74,0.015953223128564176,0.03147648145516535,,
2025-09-25,9618.HK,JD.com,Consumer,145.17,0.03147648145516535,-0.010539367637941721,,
2025-09-26,9618.HK,JD.com,Consumer,143.64,-0.010539367637941721,-0.023322194374825966,,
2025-09-29,9618.HK,JD.com,Consumer,140.29,-0.023322194374825966,0.00648656354693844,0.040649803427045494,
2025-09-30,9618.HK,JD.com,Consumer,141.2,0.00648656354693844,0.03165722379603397,0.09127444161063458,
2025-10-01,9618.HK,JD.com,Consumer,145.67,0.03165722379603397,-0.03061714834900786,0.12339014421223116,
2025-10-02,9618.HK,JD.com,Consumer,141.21,-0.03061714834900786,-0.023227816726860695,0.047785115381761445,
2025-10-03,9618.HK,JD.com,Consumer,137.93,-0.023227816726860695,-0.009207569056768006,0.00944086651053877,
2025-10-06,9618.HK,JD.com,Consumer,136.66,-0.009207569056768006,-0.017122786477389185,-0.007336384106922278,
2025-10-07,9618.HK,JD.com,Consumer,134.32,-0.017122786477389185,-0.017048838594401317,-0.043236697770496435,
2025-10-08,9618.HK,JD.com,Consumer,132.03,-0.017048838594401317,-0.04438385215481333,-0.047333862472039856,
2025-10-09,9618.HK,JD.com,Consumer,126.17,-0.04438385215481333,0.013077593722754965,-0.09930039977155913,
2025-10-10,9618.HK,JD.com,Consumer,127.82,0.013077593722754965,0.007823501799405497,-0.08300451969294775,
2025-10-13,9618.HK,JD.com,Consumer,128.82,0.007823501799405497,-0.03594162397143297,-0.07589670014347216,
2025-10-14,9618.HK,JD.com,Consumer,124.19,-0.03594162397143297,0.03172558176986873,-0.12511447692849587,
2025-10-15,9618.HK,JD.com,Consumer,128.13,0.03172558176986873,0.03652540388667758,-0.0795258620689655,
2025-10-16,9618.HK,JD.com,Consumer,132.81,0.03652540388667758,-0.015586175739778607,-0.07197260848298515,
2025-10-17,9618.HK,JD.com,Consumer,130.74,-0.015586175739778607,0.025470399265718147,-0.07851705666760633,
2025-10-20,9618.HK,JD.com,Consumer,134.07,0.025470399265718147,-0.01178488849108661,-0.0608056042031524,
2025-10-21,9618.HK,JD.com,Consumer,132.49,-0.01178488849108661,0.004377688882179598,-0.04360066411607588,
2025-10-22,9618.HK,JD.com,Consumer,133.07,0.004377688882179598,-0.017434433005185213,-0.05449765525081718,
2025-10-23,9618.HK,JD.com,Consumer,130.75,-0.017434433005185213,0.04803059273422572,-0.0993318178687056,
2025-10-24,9618.HK,JD.com,Consumer,137.03,0.04803059273422572,-0.005911114354520963,-0.046017822333611735,
2025-10-27,9618.HK,JD.com,Consumer,136.22,-0.005911114354520963,0.0032300690060196313,-0.029011333665977523,
2025-10-28,9618.HK,JD.com,Consumer,136.66,0.0032300690060196313,-0.014268988731157561,-0.032152974504249254,
2025-10-29,9618.HK,JD.com,Consumer,134.71,-0.014268988731157561,0.04038304505975798,-0.07523855289352632,
2025-10-30,9618.HK,JD.com,Consumer,140.15,0.04038304505975798,0.040956118444523515,-0.007506550527583089,
2025-10-31,9618.HK,JD.com,Consumer,145.89,0.040956118444523515,0.03550620330385912,0.05771043282824606,
2025-11-03,9618.HK,JD.com,Consumer,151.07,0.03550620330385912,0.020983649963593143,0.10544416800819545,
2025-11-04,9618.HK,JD.com,Consumer,154.24,0.020983649963593143,-0.012901970954356856,0.14830256104824313,
2025-11-05,9618.HK,JD.com,Consumer,152.25,-0.012901970954356856,0.01825944170771754,0.15314701204271763,
2025-11-06,9618.HK,JD.com,Consumer,155.03,0.01825944170771754,0.0003225182222796885,0.22873900293255134,
2025-11-07,9618.HK,JD.com,Consumer,155.08,0.0003225182222796885,0.02863038431777154,0.21326865905179182,
2025-11-10,9618.HK,JD.com,Consumer,159.52,0.02863038431777154,0.02444834503510518,0.23831703151684525,
2025-11-11,9618.HK,JD.com,Consumer,163.42,0.02444834503510518,-0.013462244523314126,0.3158869474192769,
2025-11-12,9618.HK,JD.com,Consumer,161.22,-0.013462244523314126,0.020841086713807355,0.2582533364551627,
2025-11-13,9618.HK,JD.com,Consumer,164.58,0.020841086713807355,0.01512942034269038,0.23921391461486352,
2025-11-14,9618.HK,JD.com,Consumer,167.07,0.01512942034269038,-0.05901717842820364,0.2778797613584212,
2025-11-17,9618.HK,JD.com,Consumer,157.21,-0.05901717842820364,0.017683353476241948,0.17259640486313121,
2025-11-18,9618.HK,JD.com,Consumer,159.99,0.017683353476241948,-0.008750546909181867,0.2075628349309382,
2025-11-19,9618.HK,JD.com,Consumer,158.59,-0.008750546909181867,-0.018538369380162623,0.19177876305703778,
2025-11-20,9618.HK,JD.com,Consumer,155.65,-0.018538369380162623,-0.017539351108255774,0.19043977055449335,
2025-11-21,9618.HK,JD.com,Consumer,152.92,-0.017539351108255774,-0.002419565786031752,0.11596000875720636,
2025-11-24,9618.HK,JD.com,Consumer,152.55,-0.002419565786031752,0.01075057358243181,0.11987960651886653,0.1315926118240487
2025-11-25,9618.HK,JD.com,Consumer,154.19,0.01075057358243181,-0.028795641740709477,0.12827454997804777,0.19166859880979992
2025-11-26,9618.HK,JD.com,Consumer,149.75,-0.028795641740709477,0.004607679465776338,0.11164724222403666,0.1548546309863501
2025-11-27,9618.HK,JD.com,Consumer,150.44,0.004607679465776338,0.012829034831161934,0.073421334284695,0.11627216739630475
2025-11-28,9618.HK,JD.com,Consumer,152.37,0.012829034831161934,0.04042790575572619,0.044417026526835324,0.1151200234192038
2025-12-01,9618.HK,JD.com,Consumer,158.53,0.04042790575572619,-0.022582476502870152,0.04938108161779309,0.15152175492118847
2025-12-02,9618.HK,JD.com,Consumer,154.95,-0.022582476502870152,-0.007034527266860158,0.004603215767634783,0.1037110905335139
2025-12-03,9618.HK,JD.com,Consumer,153.86,-0.007034527266860158,0.006109450149486495,0.010574712643678152,0.11018110974817819
2025-12-04,9618.HK,JD.com,Consumer,154.8,0.006109450149486495,0.025129198966408195,-0.0014835838224859232,0.10508280982295837
2025-12-05,9618.HK,JD.com,Consumer,158.69,0.025129198966408195,-0.0060495305312244785,0.023278307970079792,0.1384604347514169
2025-12-08,9618.HK,JD.com,Consumer,157.73,-0.0060495305312244785,0.02618398529132082,-0.01122116349047153,0.13149210903873731
2025-12-09,9618.HK,JD.com,Consumer,161.86,0.02618398529132082,-0.04102310638823681,-0.009545955207440837,0.14026065516026787
2025-12-10,9618.HK,JD.com,Consumer,155.22,-0.04102310638823681,-0.026414121891508824,-0.037216226274655706,0.11508620689655191
2025-12-11,9618.HK,JD.com,Consumer,151.12,-0.026414121891508824,0.008006881948120714,-0.08178393486450364,0.05597093145133103
2025-12-12,9618.HK,JD.com,Consumer,152.33,0.008006881948120714,-0.029803715617409687,-0.08822649188962695,0.07365379193684807
2025-12-15,9618.HK,JD.com,Consumer,147.79,-0.029803715617409687,-0.024697205494282448,-0.05991985242669051,0.03530647985989477
2025-12-16,9618.HK,JD.com,Consumer,144.14,-0.024697205494282448,-0.010822811155820511,-0.09906869179323718,0.040496643326355164
2025-12-17,9618.HK,JD.com,Consumer,142.58,-0.010822811155820511,0.017043063543273895,-0.10095214074027359,0.013073753019752665
2025-12-18,9618.HK,JD.com,Consumer,145.01,0.017043063543273895,-0.04013516309220044,-0.06835849662704796,-0.0011021560928565766
2025-12-19,9618.HK,JD.com,Consumer,139.19,-0.04013516309220044,0.004095121775989696,-0.08978550876275171,-0.03098022834864933
2025-12-22,9618.HK,JD.com,Consumer,139.76,0.004095121775989696,0.022681740125930272,-0.08384136348738136,-0.003777888659205919
2025-12-23,9618.HK,JD.com,Consumer,142.93,0.022681740125930272,-0.0037081088644791427,-0.07302678513522276,0.012252124645892426
2025-12-24,9618.HK,JD.com,Consumer,142.4,-0.0037081088644791427,-0.0073735955056180025,-0.049081803005008307,-0.022447998901626853
2025-12-25,9618.HK,JD.com,Consumer,141.35,-0.0073735955056180025,0.00905553590378494,-0.06042275990428081,0.0009914312017560434
2025-12-26,9618.HK,JD.com,Consumer,142.63,0.00905553590378494,-0.0035756853396899935,-0.06392334449038528,0.034075255564416596
2025-12-29,9618.HK,JD.com,Consumer,142.12,-0.0035756853396899935,0.030256121587390883,-0.10351353056203871,0.039953168447241394
2025-12-30,9618.HK,JD.com,Consumer,146.42,0.030256121587390883,-0.023289168146428008,-0.05505001613423688,0.09008338296605123
2025-12-31,9618.HK,JD.com,Consumer,143.01,-0.023289168146428008,-0.0006293266205160686,-0.07051865332120122,0.0831629175187456
2026-01-01,9618.HK,JD.com,Consumer,142.92,-0.0006293266205160686,0.004897844948222874,-0.07674418604651179,0.13275739082190685
2026-01-02,9618.HK,JD.com,Consumer,143.62,0.004897844948222874,-0.007659100403843433,-0.09496502615161628,0.12361132843060574
2026-01-05,9618.HK,JD.com,Consumer,142.52,-0.007659100403843433,-0.061044063991018915,-0.09643060926900382,0.10634994566061184
2026-01-06,9618.HK,JD.com,Consumer,133.82,-0.061044063991018915,-0.0029890898221491824,-0.17323612998887938,0.07754247523955216
2026-01-07,9618.HK,JD.com,Consumer,133.42,-0.0029890898221491824,0.01978713836006607,-0.14044581883777874,0.0412861937095137
2026-01-08,9618.HK,JD.com,Consumer,136.06,0.01978713836006607,0.017198294869910313,-0.09965590259396506,0.024471048866802292
2026-01-09,9618.HK,JD.com,Consumer,138.4,0.017198294869910313,0.008092485549132888,-0.0914462023239021,0.05858956707970009
2026-01-12,9618.HK,JD.com,Consumer,139.52,0.008092485549132888,-0.023007454128440408,-0.05595777792814116,0.04065040650406515
2026-01-13,9618.HK,JD.com,Consumer,136.31,-0.023007454128440408,0.008950187073582194,-0.05432218676286937,0.028832364706770308
2026-01-14,9618.HK,JD.com,Consumer,137.53,0.008950187073582194,-0.01177924816403697,-0.03541871230186566,0.033516194484106254
2026-01-15,9618.HK,JD.com,Consumer,135.91,-0.01177924816403697,0.008020013244058655,-0.06275429280739253,0.0394646271510517
2026-01-16,9618.HK,JD.com,Consumer,137.0,0.008020013244058655,0.003138686131386903,-0.015733888928802342,-0.00021893016127860765
2026-01-19,9618.HK,JD.com,Consumer,137.43,0.003138686131386903,-0.020446772902568577,-0.016671436748711965,0.008882689766554153
2026-01-20,9618.HK,JD.com,Consumer,134.62,-0.020446772902568577,-0.01864507502599899,-0.058140348422304644,-0.014927557441826389
2026-01-21,9618.HK,JD.com,Consumer,132.11,-0.01864507502599899,0.008099311180077118,-0.07226123595505607,-0.01930072006532546
2026-01-22,9618.HK,JD.com,Consumer,133.18,0.008099311180077118,-0.00427992191019666,-0.05779978776087713,-0.049732429539778744
2026-01-23,9618.HK,JD.com,Consumer,132.61,-0.00427992191019666,-0.017494909886132448,-0.07025170020332316,-0.091027486462403
2026-01-26,9618.HK,JD.com,Consumer,130.29,-0.017494909886132448,-0.019341469030623948,-0.0832395159020547,-0.13755212815251205
2026-01-27,9618.HK,JD.com,Consumer,127.77,-0.019341469030623948,-0.0060264537841433485,-0.12737330965715066,-0.17161566390041505
2026-01-28,9618.HK,JD.com,Consumer,127.0,-0.0060264537841433485,0.03417322834645664,-0.1119502132717991,-0.1658456486042693
2026-01-29,9618.HK,JD.com,Consumer,131.34,0.03417322834645664,-0.010811633927211961,-0.08102434928631397,-0.15280913371605498
2026-01-30,9618.HK,JD.com,Consumer,129.92,-0.010811633927211961,0.00023091133004937703,-0.09539061412059613,-0.1622388444673718
2026-02-02,9618.HK,JD.com,Consumer,129.95,0.00023091133004937703,0.0026163909195844326,-0.08819814762840317,-0.18536860581745251
2026-02-03,9618.HK,JD.com,Consumer,130.29,0.0026163909195844326,-0.023716325120884063,-0.02637871768046629,-0.20272916411699915
2026-02-04,9618.HK,JD.com,Consumer,127.2,-0.023716325120884063,-0.03734276729559749,-0.04661969719682191,-0.21101600297729806
2026-02-05,9618.HK,JD.com,Consumer,122.45,-0.03734276729559749,-0.021559820334830504,-0.10002939879464945,-0.2559849313403816
2026-02-06,9618.HK,JD.com,Consumer,119.81,-0.021559820334830504,0.005842584091478198,-0.13432080924855494,-0.28287544143173515
2026-02-09,9618.HK,JD.com,Consumer,120.51,0.005842584091478198,0.002323458634138298,-0.13625286697247707,-0.2334457095604605
2026-02-10,9618.HK,JD.com,Consumer,120.79,0.002323458634138298,0.015564202334630295,-0.11385811752622699,-0.24501531345709104
2026-02-11,9618.HK,JD.com,Consumer,122.67,0.015564202334630295,0.0026086247656313954,-0.10804915291209194,-0.2264959959644366
2026-02-12,9618.HK,JD.com,Consumer,122.99,0.0026086247656313954,-0.0018700707374582626,-0.09506290927819883,-0.209829746225506
2026-02-13,9618.HK,JD.com,Consumer,122.76,-0.0018700707374582626,-0.012463343108504388,-0.10394160583941603,-0.19722730839654712
2026-02-16,9618.HK,JD.com,Consumer,121.23,-0.012463343108504388,0.019467128598531724,-0.11787819253438114,-0.2053097345132744
2026-02-17,9618.HK,JD.com,Consumer,123.59,0.019467128598531724,-0.01925722145804687,-0.08193433367998815,-0.19845644983461963
2026-02-18,9618.HK,JD.com,Consumer,121.21,-0.01925722145804687,-0.023265407144624994,-0.08250700174097358,-0.19058430717863106
2026-02-19,9618.HK,JD.com,Consumer,118.39,-0.023265407144624994,0.012669989019342909,-0.11105271061720978,-0.21304174421696354
2026-02-20,9618.HK,JD.com,Consumer,119.89,0.012669989019342909,-0.028109100008340993,-0.09592036799638048,-0.21316532125746535
2026-02-23,9618.HK,JD.com,Consumer,116.52,-0.028109100008340993,0.05226570545829046,-0.10568731291733824,-0.2649971614205513
2026-02-24,9618.HK,JD.com,Consumer,122.61,0.05226570545829046,0.002202104232933655,-0.04038506691711663,-0.20871248789932229
2026-02-25,9618.HK,JD.com,Consumer,122.88,0.002202104232933655,0.00797526041666674,-0.032440944881889755,-0.20135187833095036
2026-02-26,9618.HK,JD.com,Consumer,123.86,0.00797526041666674,-0.01687388987566607,-0.0569514237855947,-0.19987080103359178
2026-02-27,9618.HK,JD.com,Consumer,121.77,-0.01687388987566607,-0.006241274533957397,-0.06273091133004915,-0.23265486168000504
2026-03-02,9618.HK,JD.com,Consumer,121.01,-0.006241274533957397,-0.008676968845550026,-0.06879569065024993,-0.2328028910162936
2026-03-03,9618.HK,JD.com,Consumer,119.96,-0.008676968845550026,-0.011170390130043284,-0.07928467265331185,-0.25886568639565066
2026-03-04,9618.HK,JD.com,Consumer,118.62,-0.011170390130043284,0.014078570224245412,-0.0674528301886792,-0.23579435639737145
2026-03-05,9618.HK,JD.com,Consumer,120.29,0.014078570224245412,-0.009144567295702122,-0.017639853001224948,-0.20401005823186869
2026-03-06,9618.HK,JD.com,Consumer,119.19,-0.009144567295702122,0.022317308499035127,-0.005174860195309328,-0.21755399461695013
2026-03-09,9618.HK,JD.com,Consumer,121.85,0.022317308499035127,0.05761181780878144,0.01111940917766141,-0.17551931795114695
2026-03-10,9618.HK,JD.com,Consumer,128.87,0.05761181780878144,-0.005819818421665235,0.06689295471479428,-0.10593867073678354
2026-03-11,9618.HK,JD.com,Consumer,128.12,-0.005819818421665235,0.0037464876678112713,0.04442814053965938,-0.10141674849207472
2026-03-12,9618.HK,JD.com,Consumer,128.6,0.0037464876678112713,0.008631415241057594,0.04561346450930959,-0.11316460933728711
2026-03-13,9618.HK,JD.com,Consumer,129.71,0.008631415241057594,0.03931847968545221,0.05661453242098413,-0.06810834111645947
2026-03-16,9618.HK,JD.com,Consumer,134.81,0.03931847968545221,-0.0012610340479194404,0.11201847727460201,-0.03541785918717799
2026-03-17,9618.HK,JD.com,Consumer,134.64,-0.0012610340479194404,-0.017305407011289242,0.0894085281980741,-0.05800041978590931
2026-03-18,9618.HK,JD.com,Consumer,132.31,-0.017305407011289242,-0.026679767213362515,0.09157660259054534,-0.07085674157303368
2026-03-19,9618.HK,JD.com,Consumer,128.78,-0.026679767213362515,-0.0006988662835843984,0.08776079060731479,-0.08892819243013794
2026-03-20,9618.HK,JD.com,Consumer,128.69,-0.0006988662835843984,-0.009169321625611904,0.07340061723246305,-0.09773539928486297
2026-03-23,9618.HK,JD.com,Consumer,127.51,-0.009169321625611904,0.043604423182495466,0.09431857191898385,-0.10280045032367013
2026-03-24,9618.HK,JD.com,Consumer,133.07,0.043604423182495466,0.038475990080408806,0.08531114917217186,-0.09117606884305418
2026-03-25,9618.HK,JD.com,Consumer,138.19,0.038475990080408806,-0.02170924090020987,0.12459309895833326,-0.03370393678763717
2026-03-26,9618.HK,JD.com,Consumer,135.19,-0.02170924090020987,-0.014720023670389937,0.09147424511545288,-0.05408620207108861
2026-03-27,9618.HK,JD.com,Consumer,133.2,-0.014720023670389937,0.002027027027027062,0.09386548410938644,-0.07255256928004472
2026-03-30,9618.HK,JD.com,Consumer,133.47,0.002027027027027062,0.030493743912489712,0.10296669696719274,-0.06349985966881844
2026-03-31,9618.HK,JD.com,Consumer,137.54,0.030493743912489712,0.0017449469245311988,0.1465488496165388,0.027798535345987085
2026-04-01,9618.HK,JD.com,Consumer,137.78,0.0017449469245311988,-0.013427202787051784,0.16152419490810987,0.03267875880677562
2026-04-02,9618.HK,JD.com,Consumer,135.93,-0.013427202787051784,-0.0007356727727506618,0.13001912045889097,-0.0009554608261060915
2026-04-03,9618.HK,JD.com,Consumer,135.83,-0.0007356727727506618,-0.013030994625635062,0.13960902760298688,-0.018569364161849622
2026-04-06,9618.HK,JD.com,Consumer,134.06,-0.013030994625635062,0.013426823810234412,0.1002051702913418,-0.03913417431192667
2026-04-07,9618.HK,JD.com,Consumer,135.86,0.013426823810234412,-0.014721036360959783,0.054240707689920065,-0.0033012985107474524
2026-04-08,9618.HK,JD.com,Consumer,133.86,-0.014721036360959783,-0.010458688181682385,0.044801748360911775,-0.026685086890132936
2026-04-09,9618.HK,JD.com,Consumer,132.46,-0.010458688181682385,0.025441642760078542,0.03001555209953355,-0.025384445588992666
2026-04-10,9618.HK,JD.com,Consumer,135.83,0.025441642760078542,-0.01597585216815145,0.047182175622542566,-0.008540145985401315
2026-04-13,9618.HK,JD.com,Consumer,133.66,-0.01597585216815145,-0.030525213227592274,-0.00853052444180702,-0.02743214727497645
2026-04-14,9618.HK,JD.com,Consumer,129.58,-0.030525213227592274,0.002546689303904781,-0.037581699346404984,-0.03743871638686669
2026-04-15,9618.HK,JD.com,Consumer,129.91,0.002546689303904781,-0.007235778615964916,-0.01813921850200295,-0.016652789342214924
2026-04-16,9618.HK,JD.com,Consumer,128.97,-0.007235778615964916,0.011397999534775494,0.0014753843764558905,-0.03161135305601448
2026-04-17,9618.HK,JD.com,Consumer,130.44,0.011397999534775494,0.007359705611775569,0.013598570207475236,-0.016363773471080756
2026-04-20,9618.HK,JD.com,Consumer,131.4,0.007359705611775569,-0.00022831050228311334,0.030507411183436695,0.008519456596822517
2026-04-21,9618.HK,JD.com,Consumer,131.37,-0.00022831050228311334,-0.0008373296795312068,-0.012775231081385674,0.02817562808170937
2026-04-22,9618.HK,JD.com,Consumer,131.26,-0.0008373296795312068,-0.015236934328813012,-0.05014834647948485,0.033543307086614016
2026-04-23,9618.HK,JD.com,Consumer,129.26,-0.015236934328813012,0.002243540151632528,-0.0438641911383979,-0.015836759555352575
2026-04-24,9618.HK,JD.com,Consumer,129.55,0.002243540151632528,0.01937475878039363,-0.027402402402402215,-0.0028479064039407254
2026-04-27,9618.HK,JD.com,Consumer,132.06,0.01937475878039363,-0.020369529001968756,-0.01056417172398294,0.016237014236244907
2026-04-28,9618.HK,JD.com,Consumer,129.37,-0.020369529001968756,0.00038648836669996633,-0.059400901555910934,-0.00706117123340233
2026-04-29,9618.HK,JD.com,Consumer,129.42,0.00038648836669996633,0.022794004017926195,-0.06067644070256939,0.017452830188679158
2026-04-30,9618.HK,JD.com,Consumer,132.37,0.022794004017926195,0.011331872780841579,-0.026189950709924248,0.08101265822784809
2026-05-01,9618.HK,JD.com,Consumer,133.87,0.011331872780841579,0.02853514603720031,-0.014429801958330324,0.11735247475169008
2026-05-04,9618.HK,JD.com,Consumer,137.69,0.02853514603720031,-0.011692933401118322,0.027077428017305616,0.14256078333748223
2026-05-05,9618.HK,JD.com,Consumer,136.08,-0.011692933401118322,-0.038727219282774894,0.0016193139997056072,0.12658332643430747
2026-05-06,9618.HK,JD.com,Consumer,130.81,-0.038727219282774894,0.004739698799786085,-0.022784999252950966,0.06635689247574805
2026-05-07,9618.HK,JD.com,Consumer,131.43,0.004739698799786085,0.008293388115346634,-0.007775932356937965,0.06862346532238406
2026-05-08,9618.HK,JD.com,Consumer,132.52,0.008293388115346634,,-0.024368696164323023,0.07950472466601499
2025-09-01,9988.HK,Alibaba,Technology,78.01,,0.01179335982566343,,
2025-09-02,9988.HK,Alibaba,Technology,78.93,0.01179335982566343,-0.0048143924996834064,,
2025-09-03,9988.HK,Alibaba,Technology,78.55,-0.0048143924996834064,0.017186505410566655,,
2025-09-04,9988.HK,Alibaba,Technology,79.9,0.017186505410566655,0.011514392991238909,,
2025-09-05,9988.HK,Alibaba,Technology,80.82,0.011514392991238909,-0.0013610492452362788,,
2025-09-08,9988.HK,Alibaba,Technology,80.71,-0.0013610492452362788,-0.019576260686408054,,
2025-09-09,9988.HK,Alibaba,Technology,79.13,-0.019576260686408054,-0.03525843548590912,,
2025-09-10,9988.HK,Alibaba,Technology,76.34,-0.03525843548590912,-0.01008645533141228,,
2025-09-11,9988.HK,Alibaba,Technology,75.57,-0.01008645533141228,0.020510784702924667,,
2025-09-12,9988.HK,Alibaba,Technology,77.12,0.020510784702924667,0.005446058091286288,,
2025-09-15,9988.HK,Alibaba,Technology,77.54,0.005446058091286288,-0.029017281403146744,,
2025-09-16,9988.HK,Alibaba,Technology,75.29,-0.029017281403146744,0.004515871961747742,,
2025-09-17,9988.HK,Alibaba,Technology,75.63,0.004515871961747742,0.009520031733439183,,
2025-09-18,9988.HK,Alibaba,Technology,76.35,0.009520031733439183,-0.02043222003929257,,
2025-09-19,9988.HK,Alibaba,Technology,74.79,-0.02043222003929257,0.004011231448054486,,
2025-09-22,9988.HK,Alibaba,Technology,75.09,0.004011231448054486,0.0017312558263415934,,
2025-09-23,9988.HK,Alibaba,Technology,75.22,0.0017312558263415934,-0.026588673225206083,,
2025-09-24,9988.HK,Alibaba,Technology,73.22,-0.026588673225206083,0.00887735591368477,,
2025-09-25,9988.HK,Alibaba,Technology,73.87,0.00887735591368477,0.013537295248409409,,
2025-09-26,9988.HK,Alibaba,Technology,74.87,0.013537295248409409,0.025911580072125018,,
2025-09-29,9988.HK,Alibaba,Technology,76.81,0.025911580072125018,0.025257127978127736,-0.015382643250865358,
2025-09-30,9988.HK,Alibaba,Technology,78.75,0.025257127978127736,-0.032126984126984115,-0.0022805017103764147,
2025-10-01,9988.HK,Alibaba,Technology,76.22,-0.032126984126984115,-0.0216478614536868,-0.029662635264162907,
2025-10-02,9988.HK,Alibaba,Technology,74.57,-0.0216478614536868,0.012471503285503616,-0.06670838548185243,
2025-10-03,9988.HK,Alibaba,Technology,75.5,0.012471503285503616,0.012582781456953684,-0.06582529076961141,
2025-10-06,9988.HK,Alibaba,Technology,76.45,0.012582781456953684,0.012426422498365008,-0.05278156362284714,
2025-10-07,9988.HK,Alibaba,Technology,77.4,0.012426422498365008,0.09121447028423746,-0.021862757487678408,
2025-10-08,9988.HK,Alibaba,Technology,84.46,0.09121447028423746,0.013852711342647428,0.10636625622216389,
2025-10-09,9988.HK,Alibaba,Technology,85.63,0.013852711342647428,0.027093308419946283,0.13312160910414184,
2025-10-10,9988.HK,Alibaba,Technology,87.95,0.027093308419946283,0.022853894258101137,0.14043049792531126,
2025-10-13,9988.HK,Alibaba,Technology,89.96,0.022853894258101137,0.015784793241440553,0.16017539334537,
2025-10-14,9988.HK,Alibaba,Technology,91.38,0.015784793241440553,-0.00700372072663602,0.2137069996015406,
2025-10-15,9988.HK,Alibaba,Technology,90.74,-0.00700372072663602,0.01829402689001558,0.19978844373925697,
2025-10-16,9988.HK,Alibaba,Technology,92.4,0.01829402689001558,-0.017857142857142905,0.21021611001964646,
2025-10-17,9988.HK,Alibaba,Technology,90.75,-0.017857142857142905,-0.005179063360881475,0.213397513036502,
2025-10-20,9988.HK,Alibaba,Technology,90.28,-0.005179063360881475,-0.01107665042091277,0.20229058463177507,
2025-10-21,9988.HK,Alibaba,Technology,89.28,-0.01107665042091277,0.0023521505376342677,0.18691837277319867,
2025-10-22,9988.HK,Alibaba,Technology,89.49,0.0023521505376342677,0.054866465526874686,0.2222070472548483,
2025-10-23,9988.HK,Alibaba,Technology,94.4,0.054866465526874686,-0.043538135593220284,0.27792067144984434,
2025-10-24,9988.HK,Alibaba,Technology,90.29,-0.043538135593220284,0.016502381216081385,0.20595699211967422,
2025-10-27,9988.HK,Alibaba,Technology,91.78,0.016502381216081385,-0.0375898888646764,0.19489649785184215,
2025-10-28,9988.HK,Alibaba,Technology,88.33,-0.0375898888646764,-0.010755122834823938,0.12165079365079356,
2025-10-29,9988.HK,Alibaba,Technology,87.38,-0.010755122834823938,0.02609292744335079,0.14641826292311722,
2025-10-30,9988.HK,Alibaba,Technology,89.66,0.02609292744335079,0.0018960517510595576,0.2023601984712351,
2025-10-31,9988.HK,Alibaba,Technology,89.83,0.0018960517510595576,-0.02504731158855611,0.18980132450331122,
2025-11-03,9988.HK,Alibaba,Technology,87.58,-0.02504731158855611,-0.016442110070792437,0.14558534990189664,
2025-11-04,9988.HK,Alibaba,Technology,86.14,-0.016442110070792437,0.016368702112839584,0.11291989664082669,
2025-11-05,9988.HK,Alibaba,Technology,87.55,0.016368702112839584,-0.016790405482581372,0.03658536585365857,
2025-11-06,9988.HK,Alibaba,Technology,86.08,-0.016790405482581372,0.0054600371747211,0.005255167581455167,
2025-11-07,9988.HK,Alibaba,Technology,86.55,0.0054600371747211,0.0015020219526287182,-0.015918135304150094,
2025-11-10,9988.HK,Alibaba,Technology,86.68,0.0015020219526287182,-0.014997692662667372,-0.036460649177411986,
2025-11-11,9988.HK,Alibaba,Technology,85.38,-0.014997692662667372,0.05094869992972595,-0.06565988181221272,
2025-11-12,9988.HK,Alibaba,Technology,89.73,0.05094869992972595,0.015268026301125559,-0.011130703107780415,
2025-11-13,9988.HK,Alibaba,Technology,91.1,0.015268026301125559,-0.04731064763995596,-0.014069264069264231,
2025-11-14,9988.HK,Alibaba,Technology,86.79,-0.04731064763995596,0.004839267196681485,-0.043636363636363584,
2025-11-17,9988.HK,Alibaba,Technology,87.21,0.004839267196681485,-0.015250544662309351,-0.03400531679220209,
2025-11-18,9988.HK,Alibaba,Technology,85.88,-0.015250544662309351,0.020493712156497423,-0.0380824372759857,
2025-11-19,9988.HK,Alibaba,Technology,87.64,0.020493712156497423,-0.018256503879507058,-0.02067270086043127,
2025-11-20,9988.HK,Alibaba,Technology,86.04,-0.018256503879507058,-0.002324500232450011,-0.08855932203389827,
2025-11-21,9988.HK,Alibaba,Technology,85.84,-0.002324500232450011,0.012232059645852722,-0.04928563517554552,
2025-11-24,9988.HK,Alibaba,Technology,86.89,0.012232059645852722,0.02083093566578431,-0.05327958160819346,0.11383156005640305
2025-11-25,9988.HK,Alibaba,Technology,88.7,0.02083093566578431,-0.027846674182638087,0.004188837314615723,0.12378056505764601
2025-11-26,9988.HK,Alibaba,Technology,86.23,-0.027846674182638087,-0.007537979821407914,-0.013160906385900617,0.09777211966900068
2025-11-27,9988.HK,Alibaba,Technology,85.58,-0.007537979821407914,-0.010750175274596874,-0.04550524202542938,0.07108886107634538
2025-11-28,9988.HK,Alibaba,Technology,84.66,-0.010750175274596874,-0.01500118119536964,-0.057553155961260205,0.0475129918337045
2025-12-01,9988.HK,Alibaba,Technology,83.39,-0.01500118119536964,0.04197145940760283,-0.047841973053208475,0.033205302936439196
2025-12-02,9988.HK,Alibaba,Technology,86.89,0.04197145940760283,0.009897571642306424,0.008706756442999675,0.09806647289270831
2025-12-03,9988.HK,Alibaba,Technology,87.75,0.009897571642306424,-0.029287749287749243,0.0022844089091946795,0.1494629290018339
2025-12-04,9988.HK,Alibaba,Technology,85.18,-0.029287749287749243,0.021953510213664984,-0.010455390334572434,0.1271668651581317
2025-12-05,9988.HK,Alibaba,Technology,87.05,0.021953510213664984,0.050430786904078095,0.005777007510109788,0.12876037344398328
2025-12-08,9988.HK,Alibaba,Technology,91.44,0.050430786904078095,0.02471566054243235,0.054914628518689224,0.17926231622388422
2025-12-09,9988.HK,Alibaba,Technology,93.7,0.02471566054243235,-0.03543223052294564,0.09744670883110818,0.244521184752291
2025-12-10,9988.HK,Alibaba,Technology,90.38,-0.03543223052294564,-0.010953750829829523,0.007243954084475535,0.19502842787253738
2025-12-11,9988.HK,Alibaba,Technology,89.39,-0.010953750829829523,0.030204720886005232,-0.018770581778265627,0.17079240340537005
2025-12-12,9988.HK,Alibaba,Technology,92.09,0.030204720886005232,-0.01628841350852428,0.061066943196220747,0.2313143468378125
2025-12-15,9988.HK,Alibaba,Technology,90.59,-0.01628841350852428,0.010817971078485478,0.03875702327714725,0.20641896390997472
2025-12-16,9988.HK,Alibaba,Technology,91.57,0.010817971078485478,0.018674238287648803,0.06625523986958548,0.21736240361605952
2025-12-17,9988.HK,Alibaba,Technology,93.28,0.018674238287648803,-0.021440823327615766,0.0643541761752624,0.27396886096694906
2025-12-18,9988.HK,Alibaba,Technology,91.28,-0.021440823327615766,-0.000985977212971112,0.06090190609019053,0.23568431027480696
2025-12-19,9988.HK,Alibaba,Technology,91.19,-0.000985977212971112,-0.07599517490952945,0.062325256290773456,0.21797782823560818
2025-12-22,9988.HK,Alibaba,Technology,84.26,-0.07599517490952945,-0.023736055067647754,-0.030268155138681085,0.09699257909126424
2025-12-23,9988.HK,Alibaba,Technology,82.26,-0.023736055067647754,-0.005592025285679703,-0.07260428410372033,0.044571428571428706
2025-12-24,9988.HK,Alibaba,Technology,81.8,-0.005592025285679703,-0.028973105134474264,-0.05137423170590294,0.07320913146155861
2025-12-25,9988.HK,Alibaba,Technology,79.43,-0.028973105134474264,0.038776281002140145,-0.071862584716055,0.06517366233069621
2025-12-26,9988.HK,Alibaba,Technology,82.51,0.038776281002140145,-0.0333292934189795,-0.025395700448854086,0.09284768211920547
2025-12-29,9988.HK,Alibaba,Technology,79.76,-0.0333292934189795,-0.009904714142427329,-0.04353039932845659,0.0432962720732506
2025-12-30,9988.HK,Alibaba,Technology,78.97,-0.009904714142427329,0.0034190198809673777,-0.09114972954310052,0.02028423772609811
2025-12-31,9988.HK,Alibaba,Technology,79.24,0.0034190198809673777,0.03432609793033814,-0.09698005698005707,-0.06180440445181146
2026-01-01,9988.HK,Alibaba,Technology,81.96,0.03432609793033814,-0.0334309419228892,-0.03780230100962678,-0.04285881116431156
2026-01-02,9988.HK,Alibaba,Technology,79.22,-0.0334309419228892,0.027896995708154515,-0.08994830557151057,-0.09926094371802163
2026-01-05,9988.HK,Alibaba,Technology,81.43,0.027896995708154515,0.0006140243153629488,-0.10947069116360442,-0.09481991996442851
2026-01-06,9988.HK,Alibaba,Technology,81.48,0.0006140243153629488,-0.022827687776141414,-0.13041622198505864,-0.10833880499015092
2026-01-07,9988.HK,Alibaba,Technology,79.62,-0.022827687776141414,0.01130369253956287,-0.11905288780703682,-0.12254793916685025
2026-01-08,9988.HK,Alibaba,Technology,80.52,0.01130369253956287,0.0050919026328863914,-0.09922810157735773,-0.12857142857142867
2026-01-09,9988.HK,Alibaba,Technology,80.93,0.0050919026328863914,-0.013715556653898564,-0.12118579650342054,-0.1082093663911845
2026-01-12,9988.HK,Alibaba,Technology,79.82,-0.013715556653898564,0.002004510147832761,-0.11888729440335588,-0.11586176340274712
2026-01-13,9988.HK,Alibaba,Technology,79.98,0.002004510147832761,-0.008627156789197232,-0.1265698372829528,-0.10416666666666663
2026-01-14,9988.HK,Alibaba,Technology,79.29,-0.008627156789197232,0.00302686341278835,-0.14997855917667235,-0.1139792155548105
2026-01-15,9988.HK,Alibaba,Technology,79.53,0.00302686341278835,0.01596881679869222,-0.12872480280455745,-0.15752118644067803
2026-01-16,9988.HK,Alibaba,Technology,80.8,0.01596881679869222,0.037747524752475226,-0.1139379317907665,-0.10510577029571389
2026-01-19,9988.HK,Alibaba,Technology,83.85,0.037747524752475226,-0.028741800834824027,-0.004865891288867941,-0.08640226628895187
2026-01-20,9988.HK,Alibaba,Technology,81.44,-0.028741800834824027,0.05058939096267201,-0.009968392900559286,-0.07800294350730219
2026-01-21,9988.HK,Alibaba,Technology,85.56,0.05058939096267201,-0.045582047685834515,0.04596577017114911,-0.02082856488899054
2026-01-22,9988.HK,Alibaba,Technology,81.66,-0.045582047685834515,-0.003183933382316817,0.028075034621679373,-0.08922596475574396
2026-01-23,9988.HK,Alibaba,Technology,81.4,-0.003183933382316817,0.014250614250614246,-0.013452914798206317,-0.09384392741845704
2026-01-26,9988.HK,Alibaba,Technology,82.56,0.014250614250614246,0.007025193798449569,0.035105315947843385,-0.05731902260790134
2026-01-27,9988.HK,Alibaba,Technology,83.14,0.007025193798449569,-0.014313206639403386,0.05280486260605288,-0.03482702577199903
2026-01-28,9988.HK,Alibaba,Technology,81.95,-0.014313206639403386,-0.004514948139109243,0.03419989904088849,-0.0639634494574528
2026-01-29,9988.HK,Alibaba,Technology,81.58,-0.004514948139109243,-0.011154694778131802,-0.004636408003904302,-0.052276951672862504
2026-01-30,9988.HK,Alibaba,Technology,80.67,-0.011154694778131802,-0.013511838353787109,0.018303458722544796,-0.06793760831889073
2026-02-02,9988.HK,Alibaba,Technology,79.58,-0.013511838353787109,0.020356873586328206,-0.022718899668426995,-0.08191047531149065
2026-02-03,9988.HK,Alibaba,Technology,81.2,0.020356873586328206,0.008866995073891548,-0.0034364261168384758,-0.048957601311782506
2026-02-04,9988.HK,Alibaba,Technology,81.92,0.008866995073891548,-0.0159912109375,0.028887214267771855,-0.08703889446116131
2026-02-05,9988.HK,Alibaba,Technology,80.61,-0.0159912109375,0.021585411239300356,0.0011177347242921076,-0.11514818880351263
2026-02-06,9988.HK,Alibaba,Technology,82.35,0.021585411239300356,0.007650273224043769,0.01754602743111322,-0.05115796750777757
2026-02-09,9988.HK,Alibaba,Technology,82.98,0.007650273224043769,0.019522776572667988,0.039589075419694364,-0.04850361197110409
2026-02-10,9988.HK,Alibaba,Technology,84.6,0.019522776572667988,0.01524822695035466,0.05776444111027734,-0.014904517931998096
2026-02-11,9988.HK,Alibaba,Technology,85.89,0.01524822695035466,-0.019210618232623156,0.0832387438516835,-0.019968051118210872
2026-02-12,9988.HK,Alibaba,Technology,84.24,-0.019210618232623156,-0.012701804368470904,0.05922293474160689,-0.02092050209205032
2026-02-13,9988.HK,Alibaba,Technology,83.17,-0.012701804368470904,0.017915113622700485,0.029331683168316802,-0.031104380242311325
2026-02-16,9988.HK,Alibaba,Technology,84.66,0.017915113622700485,0.014764942121426872,0.009660107334525936,-0.02566463344458514
2026-02-17,9988.HK,Alibaba,Technology,85.91,0.014764942121426872,-0.0001164008846465947,0.05488703339882117,-0.03145434047350626
2026-02-18,9988.HK,Alibaba,Technology,85.9,-0.0001164008846465947,0.0031431897555296295,0.00397381954184195,-0.003826974370868541
2026-02-19,9988.HK,Alibaba,Technology,86.17,0.0031431897555296295,0.030521063014970373,0.05522899828557448,0.006894134143491604
2026-02-20,9988.HK,Alibaba,Technology,88.8,0.030521063014970373,-0.013513513513513598,0.09090909090909083,0.04890148830616581
2026-02-23,9988.HK,Alibaba,Technology,87.6,-0.013513513513513598,0.01324200913242013,0.06104651162790686,0.05048566974457369
2026-02-24,9988.HK,Alibaba,Technology,88.76,0.01324200913242013,-0.004393871113114067,0.06759682463314887,0.021521463919898842
2026-02-25,9988.HK,Alibaba,Technology,88.37,-0.004393871113114067,-0.004639583569084671,0.07834045149481383,0.0070655270655271
2026-02-26,9988.HK,Alibaba,Technology,87.96,-0.004639583569084671,0.026261937244201894,0.07820544251041928,0.03263676919464653
2026-02-27,9988.HK,Alibaba,Technology,90.27,0.026261937244201894,0.01982940068682848,0.1190033469691334,0.03699023549684077
2026-03-02,9988.HK,Alibaba,Technology,92.06,0.01982940068682848,0.019552465783184925,0.15682332244282482,0.006780402449693801
2026-03-03,9988.HK,Alibaba,Technology,93.86,0.019552465783184925,0.031110164074152902,0.15591133004926094,0.0017075773745998113
2026-03-04,9988.HK,Alibaba,Technology,96.78,0.031110164074152902,0.00092994420334791,0.181396484375,0.07081212657667635
2026-03-05,9988.HK,Alibaba,Technology,96.87,0.00092994420334791,0.016413750387116677,0.20171194640863432,0.08367826378789589
2026-03-06,9988.HK,Alibaba,Technology,98.46,0.016413750387116677,-0.0069063579118422425,0.19562841530054653,0.069171462699533
2026-03-09,9988.HK,Alibaba,Technology,97.78,-0.0069063579118422425,0.007977091429740346,0.1783562304169679,0.07936858372888844
2026-03-10,9988.HK,Alibaba,Technology,98.56,0.007977091429740346,-0.0026379870129871197,0.1650118203309694,0.07633504422845916
2026-03-11,9988.HK,Alibaba,Technology,98.3,-0.0026379870129871197,0.002644964394710181,0.14448713470718366,0.053816466552315534
2026-03-12,9988.HK,Alibaba,Technology,98.56,0.002644964394710181,0.014407467532467466,0.1699905033238367,0.07975460122699385
2026-03-13,9988.HK,Alibaba,Technology,99.98,0.014407467532467466,-0.01890378075615129,0.2021161476493929,0.09639214826187081
2026-03-16,9988.HK,Alibaba,Technology,98.09,-0.01890378075615129,0.049750229381180455,0.15863453815261064,0.1641348207927842
2026-03-17,9988.HK,Alibaba,Technology,102.97,0.049750229381180455,-0.023307759541614126,0.19857990920730995,0.25176270362265973
2026-03-18,9988.HK,Alibaba,Technology,100.57,-0.023307759541614126,-0.028239037486327834,0.17077997671711276,0.22946210268948652
2026-03-19,9988.HK,Alibaba,Technology,97.73,-0.028239037486327834,0.027729458712780097,0.13415341766275968,0.23039153972050852
2026-03-20,9988.HK,Alibaba,Technology,100.44,0.027729458712780097,0.019016328156113094,0.13108108108108119,0.2173069930917464
2026-03-23,9988.HK,Alibaba,Technology,102.35,0.019016328156113094,0.015046409379579906,0.16837899543378998,0.2832246740220661
2026-03-24,9988.HK,Alibaba,Technology,103.89,0.015046409379579906,0.015208393493117756,0.17045966651644884,0.3155628719767001
2026-03-25,9988.HK,Alibaba,Technology,105.47,0.015208393493117756,9.481369109698434e-05,0.19350458300328155,0.33101968702675433
2026-03-26,9988.HK,Alibaba,Technology,105.48,9.481369109698434e-05,-0.020762229806598365,0.19918144611186905,0.28696925329429
2026-03-27,9988.HK,Alibaba,Technology,103.29,-0.020762229806598365,0.00222674024590952,0.14423396477234984,0.303837414794244
2026-03-30,9988.HK,Alibaba,Technology,103.52,0.00222674024590952,-0.015552550231839213,0.12448403215294368,0.2712759425273239
2026-03-31,9988.HK,Alibaba,Technology,101.91,-0.015552550231839213,0.0233539397507605,0.08576603451949705,0.2507363770250368
2026-04-01,9988.HK,Alibaba,Technology,104.29,0.0233539397507605,-0.003068367053408849,0.07759867741268867,0.3098467721677971
2026-04-02,9988.HK,Alibaba,Technology,103.97,-0.003068367053408849,-0.0190439549870155,0.07329410550221938,0.29123199205166417
2026-04-03,9988.HK,Alibaba,Technology,101.99,-0.0190439549870155,-0.007255613295421015,0.035852122689417065,0.2602248857036944
2026-04-06,9988.HK,Alibaba,Technology,101.25,-0.007255613295421015,0.01017283950617287,0.035487829822049566,0.2684790779253321
2026-04-07,9988.HK,Alibaba,Technology,102.28,0.01017283950617287,-0.01290574892452101,0.03774350649350655,0.27881970492623154
2026-04-08,9988.HK,Alibaba,Technology,100.96,-0.01290574892452101,-0.019017432646592614,0.027060020345879954,0.2733005423130279
2026-04-09,9988.HK,Alibaba,Technology,99.04,-0.019017432646592614,0.006159127625201988,0.004870129870129913,0.24531623286810023
2026-04-10,9988.HK,Alibaba,Technology,99.65,0.006159127625201988,0.006121424987456159,-0.003300660132026345,0.23329207920792094
2026-04-13,9988.HK,Alibaba,Technology,100.26,0.006121424987456159,-0.011470177538400184,0.022122540524008638,0.19570661896243302
2026-04-14,9988.HK,Alibaba,Technology,99.11,-0.011470177538400184,-0.01079608515790531,-0.03748664659609591,0.21696954813359537
2026-04-15,9988.HK,Alibaba,Technology,98.04,-0.01079608515790531,0.005915952672378655,-0.025156607338172265,0.1458625525946704
2026-04-16,9988.HK,Alibaba,Technology,98.62,0.005915952672378655,-0.03376597039140128,0.00910672260309009,0.2076904237080579
2026-04-17,9988.HK,Alibaba,Technology,95.29,-0.03376597039140128,-0.032742155525238736,-0.0512743926722421,0.17063882063882074
2026-04-20,9988.HK,Alibaba,Technology,92.17,-0.032742155525238736,-0.016491266138656813,-0.09946262823644347,0.11640019379844957
2026-04-21,9988.HK,Alibaba,Technology,90.65,-0.016491266138656813,-0.004743519029233423,-0.1274424872461256,0.09032956458984853
2026-04-22,9988.HK,Alibaba,Technology,90.22,-0.004743519029233423,0.007758811793393994,-0.14459087892291644,0.10091519219035994
2026-04-23,9988.HK,Alibaba,Technology,90.92,0.007758811793393994,0.035195776506819154,-0.13803564656806977,0.11448884530522196
2026-04-24,9988.HK,Alibaba,Technology,94.12,0.035195776506819154,0.020505737356566023,-0.08877916545648179,0.16672864757654637
2026-04-27,9988.HK,Alibaba,Technology,96.05,0.020505737356566023,-0.003331598125975943,-0.07215996908809896,0.20696154812767031
2026-04-28,9988.HK,Alibaba,Technology,95.73,-0.003331598125975943,-0.00010446046171530554,-0.06064174271415945,0.17894088669950747
2026-04-29,9988.HK,Alibaba,Technology,95.72,-0.00010446046171530554,-0.023192645215211027,-0.08217470514910352,0.16845703125
2026-04-30,9988.HK,Alibaba,Technology,93.5,-0.023192645215211027,0.0,-0.10070212561315761,0.15990571889343763
2026-05-01,9988.HK,Alibaba,Technology,93.5,0.0,-0.0064171122994651775,-0.08324345524070986,0.135397692774742
2026-05-04,9988.HK,Alibaba,Technology,92.9,-0.0064171122994651775,0.007965554359526283,-0.08246913580246906,0.1195468787659677
2026-05-05,9988.HK,Alibaba,Technology,93.64,0.007965554359526283,-0.019115762494660515,-0.08447399296050062,0.1068557919621751
2026-05-06,9988.HK,Alibaba,Technology,91.85,-0.019115762494660515,0.012629286880784019,-0.09023375594294769,0.06939108161602037
2026-05-07,9988.HK,Alibaba,Technology,93.01,0.012629286880784019,0.03655520911729915,-0.06088449111470118,0.10410731244064597
2026-05-08,9988.HK,Alibaba,Technology,96.41,0.03655520911729915,,-0.03251379829402923,0.15919201635204994
